-- Adminer 4.8.1 MySQL 10.6.22-MariaDB-0ubuntu0.22.04.1 dump

SET NAMES utf8;
SET time_zone = '+00:00';
SET foreign_key_checks = 0;
SET sql_mode = 'NO_AUTO_VALUE_ON_ZERO';

SET NAMES utf8mb4;

DROP TABLE IF EXISTS `oauth_access_tokens`;
CREATE TABLE `oauth_access_tokens` (
  `id` varchar(100) NOT NULL,
  `user_id` bigint(20) unsigned DEFAULT NULL,
  `client_id` bigint(20) unsigned NOT NULL,
  `name` varchar(255) DEFAULT NULL,
  `scopes` text DEFAULT NULL,
  `revoked` tinyint(1) NOT NULL,
  `created_at` timestamp NULL DEFAULT NULL,
  `updated_at` timestamp NULL DEFAULT NULL,
  `expires_at` datetime DEFAULT NULL,
  PRIMARY KEY (`id`),
  KEY `oauth_access_tokens_user_id_index` (`user_id`)
) ENGINE=InnoDB DEFAULT CHARSET=utf8mb4 COLLATE=utf8mb4_unicode_ci;


DROP TABLE IF EXISTS `oauth_auth_codes`;
CREATE TABLE `oauth_auth_codes` (
  `id` varchar(100) NOT NULL,
  `user_id` bigint(20) unsigned NOT NULL,
  `client_id` bigint(20) unsigned NOT NULL,
  `scopes` text DEFAULT NULL,
  `revoked` tinyint(1) NOT NULL,
  `expires_at` datetime DEFAULT NULL,
  PRIMARY KEY (`id`),
  KEY `oauth_auth_codes_user_id_index` (`user_id`)
) ENGINE=InnoDB DEFAULT CHARSET=utf8mb4 COLLATE=utf8mb4_unicode_ci;


DROP TABLE IF EXISTS `oauth_clients`;
CREATE TABLE `oauth_clients` (
  `id` bigint(20) unsigned NOT NULL AUTO_INCREMENT,
  `user_id` bigint(20) unsigned DEFAULT NULL,
  `name` varchar(255) NOT NULL,
  `secret` varchar(100) DEFAULT NULL,
  `provider` varchar(255) DEFAULT NULL,
  `redirect` text NOT NULL,
  `personal_access_client` tinyint(1) NOT NULL,
  `password_client` tinyint(1) NOT NULL,
  `revoked` tinyint(1) NOT NULL,
  `created_at` timestamp NULL DEFAULT NULL,
  `updated_at` timestamp NULL DEFAULT NULL,
  PRIMARY KEY (`id`),
  KEY `oauth_clients_user_id_index` (`user_id`)
) ENGINE=InnoDB DEFAULT CHARSET=utf8mb4 COLLATE=utf8mb4_unicode_ci;


DROP TABLE IF EXISTS `oauth_personal_access_clients`;
CREATE TABLE `oauth_personal_access_clients` (
  `id` bigint(20) unsigned NOT NULL AUTO_INCREMENT,
  `client_id` bigint(20) unsigned NOT NULL,
  `created_at` timestamp NULL DEFAULT NULL,
  `updated_at` timestamp NULL DEFAULT NULL,
  PRIMARY KEY (`id`)
) ENGINE=InnoDB DEFAULT CHARSET=utf8mb4 COLLATE=utf8mb4_unicode_ci;


DROP TABLE IF EXISTS `oauth_refresh_tokens`;
CREATE TABLE `oauth_refresh_tokens` (
  `id` varchar(100) NOT NULL,
  `access_token_id` varchar(100) NOT NULL,
  `revoked` tinyint(1) NOT NULL,
  `expires_at` datetime DEFAULT NULL,
  PRIMARY KEY (`id`),
  KEY `oauth_refresh_tokens_access_token_id_index` (`access_token_id`)
) ENGINE=InnoDB DEFAULT CHARSET=utf8mb4 COLLATE=utf8mb4_unicode_ci;


DROP TABLE IF EXISTS `personal_access_tokens`;
CREATE TABLE `personal_access_tokens` (
  `id` bigint(20) unsigned NOT NULL AUTO_INCREMENT,
  `tokenable_type` varchar(255) NOT NULL,
  `tokenable_id` bigint(20) unsigned NOT NULL,
  `name` varchar(255) NOT NULL,
  `token` varchar(64) NOT NULL,
  `abilities` text DEFAULT NULL,
  `last_used_at` timestamp NULL DEFAULT NULL,
  `expires_at` timestamp NULL DEFAULT NULL,
  `created_at` timestamp NULL DEFAULT NULL,
  `updated_at` timestamp NULL DEFAULT NULL,
  PRIMARY KEY (`id`),
  UNIQUE KEY `personal_access_tokens_token_unique` (`token`),
  KEY `personal_access_tokens_tokenable_type_tokenable_id_index` (`tokenable_type`,`tokenable_id`)
) ENGINE=InnoDB DEFAULT CHARSET=utf8mb4 COLLATE=utf8mb4_unicode_ci;


DROP TABLE IF EXISTS `ref_aspects`;
CREATE TABLE `ref_aspects` (
  `id` bigint(20) unsigned NOT NULL AUTO_INCREMENT,
  `name` varchar(255) NOT NULL,
  `description` text DEFAULT NULL,
  `created_by` bigint(20) unsigned DEFAULT NULL,
  `updated_by` bigint(20) unsigned DEFAULT NULL,
  `created_at` timestamp NULL DEFAULT NULL,
  `updated_at` timestamp NULL DEFAULT NULL,
  PRIMARY KEY (`id`),
  KEY `ref_aspects_created_by_index` (`created_by`),
  KEY `ref_aspects_updated_by_index` (`updated_by`),
  CONSTRAINT `ref_aspects_created_by_foreign` FOREIGN KEY (`created_by`) REFERENCES `sys_users` (`id`),
  CONSTRAINT `ref_aspects_updated_by_foreign` FOREIGN KEY (`updated_by`) REFERENCES `sys_users` (`id`)
) ENGINE=InnoDB DEFAULT CHARSET=utf8mb4 COLLATE=utf8mb4_unicode_ci;


DROP TABLE IF EXISTS `ref_asset_type`;
CREATE TABLE `ref_asset_type` (
  `id` bigint(20) unsigned NOT NULL AUTO_INCREMENT,
  `name` varchar(255) NOT NULL,
  `description` longtext DEFAULT NULL,
  `created_by` bigint(20) unsigned DEFAULT NULL,
  `updated_by` bigint(20) unsigned DEFAULT NULL,
  `created_at` timestamp NULL DEFAULT NULL,
  `updated_at` timestamp NULL DEFAULT NULL,
  PRIMARY KEY (`id`),
  UNIQUE KEY `ref_asset_type_name_unique` (`name`),
  KEY `ref_asset_type_created_by_index` (`created_by`),
  KEY `ref_asset_type_updated_by_index` (`updated_by`),
  CONSTRAINT `ref_asset_type_created_by_foreign` FOREIGN KEY (`created_by`) REFERENCES `sys_users` (`id`),
  CONSTRAINT `ref_asset_type_updated_by_foreign` FOREIGN KEY (`updated_by`) REFERENCES `sys_users` (`id`)
) ENGINE=InnoDB DEFAULT CHARSET=utf8mb4 COLLATE=utf8mb4_unicode_ci;


DROP TABLE IF EXISTS `ref_audit_reference`;
CREATE TABLE `ref_audit_reference` (
  `id` bigint(20) unsigned NOT NULL AUTO_INCREMENT,
  `name` varchar(255) NOT NULL,
  `description` text DEFAULT NULL,
  `created_by` bigint(20) unsigned DEFAULT NULL,
  `updated_by` bigint(20) unsigned DEFAULT NULL,
  `created_at` timestamp NULL DEFAULT NULL,
  `updated_at` timestamp NULL DEFAULT NULL,
  PRIMARY KEY (`id`),
  KEY `ref_audit_reference_created_by_index` (`created_by`),
  KEY `ref_audit_reference_updated_by_index` (`updated_by`),
  CONSTRAINT `ref_audit_reference_created_by_foreign` FOREIGN KEY (`created_by`) REFERENCES `sys_users` (`id`),
  CONSTRAINT `ref_audit_reference_updated_by_foreign` FOREIGN KEY (`updated_by`) REFERENCES `sys_users` (`id`)
) ENGINE=InnoDB DEFAULT CHARSET=utf8mb4 COLLATE=utf8mb4_unicode_ci;


DROP TABLE IF EXISTS `ref_bank_accounts`;
CREATE TABLE `ref_bank_accounts` (
  `id` bigint(20) unsigned NOT NULL AUTO_INCREMENT,
  `user_id` bigint(20) unsigned NOT NULL,
  `number` varchar(255) NOT NULL,
  `bank` varchar(255) NOT NULL,
  `created_by` bigint(20) unsigned DEFAULT NULL,
  `updated_by` bigint(20) unsigned DEFAULT NULL,
  `created_at` timestamp NULL DEFAULT NULL,
  `updated_at` timestamp NULL DEFAULT NULL,
  PRIMARY KEY (`id`),
  KEY `ref_bank_accounts_user_id_foreign` (`user_id`),
  KEY `ref_bank_accounts_created_by_index` (`created_by`),
  KEY `ref_bank_accounts_updated_by_index` (`updated_by`),
  CONSTRAINT `ref_bank_accounts_created_by_foreign` FOREIGN KEY (`created_by`) REFERENCES `sys_users` (`id`),
  CONSTRAINT `ref_bank_accounts_updated_by_foreign` FOREIGN KEY (`updated_by`) REFERENCES `sys_users` (`id`),
  CONSTRAINT `ref_bank_accounts_user_id_foreign` FOREIGN KEY (`user_id`) REFERENCES `sys_users` (`id`)
) ENGINE=InnoDB DEFAULT CHARSET=utf8mb4 COLLATE=utf8mb4_unicode_ci;


DROP TABLE IF EXISTS `ref_city`;
CREATE TABLE `ref_city` (
  `id` bigint(20) unsigned NOT NULL AUTO_INCREMENT,
  `province_id` bigint(20) unsigned NOT NULL,
  `name` varchar(255) NOT NULL,
  `code` varchar(255) DEFAULT NULL,
  `created_by` bigint(20) unsigned DEFAULT NULL,
  `updated_by` bigint(20) unsigned DEFAULT NULL,
  `created_at` timestamp NULL DEFAULT NULL,
  `updated_at` timestamp NULL DEFAULT NULL,
  PRIMARY KEY (`id`),
  KEY `ref_city_province_id_foreign` (`province_id`),
  KEY `ref_city_created_by_index` (`created_by`),
  KEY `ref_city_updated_by_index` (`updated_by`),
  CONSTRAINT `ref_city_created_by_foreign` FOREIGN KEY (`created_by`) REFERENCES `sys_users` (`id`),
  CONSTRAINT `ref_city_province_id_foreign` FOREIGN KEY (`province_id`) REFERENCES `ref_province` (`id`),
  CONSTRAINT `ref_city_updated_by_foreign` FOREIGN KEY (`updated_by`) REFERENCES `sys_users` (`id`)
) ENGINE=InnoDB DEFAULT CHARSET=utf8mb4 COLLATE=utf8mb4_unicode_ci;

INSERT INTO `ref_city` (`id`, `province_id`, `name`, `code`, `created_by`, `updated_by`, `created_at`, `updated_at`) VALUES
(1,	1,	'KAB. ACEH SELATAN',	'1101',	NULL,	NULL,	'2025-08-12 11:22:53',	'2025-08-12 11:22:53'),
(2,	1,	'KAB. ACEH TENGGARA',	'1102',	NULL,	NULL,	'2025-08-12 11:22:53',	'2025-08-12 11:22:53'),
(3,	1,	'KAB. ACEH TIMUR',	'1103',	NULL,	NULL,	'2025-08-12 11:22:53',	'2025-08-12 11:22:53'),
(4,	1,	'KAB. ACEH TENGAH',	'1104',	NULL,	NULL,	'2025-08-12 11:22:53',	'2025-08-12 11:22:53'),
(5,	1,	'KAB. ACEH BARAT',	'1105',	NULL,	NULL,	'2025-08-12 11:22:53',	'2025-08-12 11:22:53'),
(6,	1,	'KAB. ACEH BESAR',	'1106',	NULL,	NULL,	'2025-08-12 11:22:53',	'2025-08-12 11:22:53'),
(7,	1,	'KAB. PIDIE',	'1107',	NULL,	NULL,	'2025-08-12 11:22:53',	'2025-08-12 11:22:53'),
(8,	1,	'KAB. ACEH UTARA',	'1108',	NULL,	NULL,	'2025-08-12 11:22:53',	'2025-08-12 11:22:53'),
(9,	1,	'KAB. SIMEULUE',	'1109',	NULL,	NULL,	'2025-08-12 11:22:53',	'2025-08-12 11:22:53'),
(10,	1,	'KAB. ACEH SINGKIL',	'1110',	NULL,	NULL,	'2025-08-12 11:22:53',	'2025-08-12 11:22:53'),
(11,	1,	'KAB. BIREUEN',	'1111',	NULL,	NULL,	'2025-08-12 11:22:53',	'2025-08-12 11:22:53'),
(12,	1,	'KAB. ACEH BARAT DAYA',	'1112',	NULL,	NULL,	'2025-08-12 11:22:53',	'2025-08-12 11:22:53'),
(13,	1,	'KAB. GAYO LUES',	'1113',	NULL,	NULL,	'2025-08-12 11:22:53',	'2025-08-12 11:22:53'),
(14,	1,	'KAB. ACEH JAYA',	'1114',	NULL,	NULL,	'2025-08-12 11:22:53',	'2025-08-12 11:22:53'),
(15,	1,	'KAB. NAGAN RAYA',	'1115',	NULL,	NULL,	'2025-08-12 11:22:53',	'2025-08-12 11:22:53'),
(16,	1,	'KAB. ACEH TAMIANG',	'1116',	NULL,	NULL,	'2025-08-12 11:22:53',	'2025-08-12 11:22:53'),
(17,	1,	'KAB. BENER MERIAH',	'1117',	NULL,	NULL,	'2025-08-12 11:22:53',	'2025-08-12 11:22:53'),
(18,	1,	'KAB. PIDIE JAYA',	'1118',	NULL,	NULL,	'2025-08-12 11:22:53',	'2025-08-12 11:22:53'),
(19,	1,	'KOTA BANDA ACEH',	'1171',	NULL,	NULL,	'2025-08-12 11:22:53',	'2025-08-12 11:22:53'),
(20,	1,	'KOTA SABANG',	'1172',	NULL,	NULL,	'2025-08-12 11:22:53',	'2025-08-12 11:22:53'),
(21,	1,	'KOTA LHOKSEUMAWE',	'1173',	NULL,	NULL,	'2025-08-12 11:22:53',	'2025-08-12 11:22:53'),
(22,	1,	'KOTA LANGSA',	'1174',	NULL,	NULL,	'2025-08-12 11:22:53',	'2025-08-12 11:22:53'),
(23,	1,	'KOTA SUBULUSSALAM',	'1175',	NULL,	NULL,	'2025-08-12 11:22:53',	'2025-08-12 11:22:53'),
(24,	2,	'KAB. TAPANULI TENGAH',	'1201',	NULL,	NULL,	'2025-08-12 11:22:53',	'2025-08-12 11:22:53'),
(25,	2,	'KAB. TAPANULI UTARA',	'1202',	NULL,	NULL,	'2025-08-12 11:22:53',	'2025-08-12 11:22:53'),
(26,	2,	'KAB. TAPANULI SELATAN',	'1203',	NULL,	NULL,	'2025-08-12 11:22:53',	'2025-08-12 11:22:53'),
(27,	2,	'KAB. NIAS',	'1204',	NULL,	NULL,	'2025-08-12 11:22:53',	'2025-08-12 11:22:53'),
(28,	2,	'KAB. LANGKAT',	'1205',	NULL,	NULL,	'2025-08-12 11:22:53',	'2025-08-12 11:22:53'),
(29,	2,	'KAB. KARO',	'1206',	NULL,	NULL,	'2025-08-12 11:22:53',	'2025-08-12 11:22:53'),
(30,	2,	'KAB. DELI SERDANG',	'1207',	NULL,	NULL,	'2025-08-12 11:22:53',	'2025-08-12 11:22:53'),
(31,	2,	'KAB. SIMALUNGUN',	'1208',	NULL,	NULL,	'2025-08-12 11:22:53',	'2025-08-12 11:22:53'),
(32,	2,	'KAB. ASAHAN',	'1209',	NULL,	NULL,	'2025-08-12 11:22:53',	'2025-08-12 11:22:53'),
(33,	2,	'KAB. LABUHANBATU',	'1210',	NULL,	NULL,	'2025-08-12 11:22:53',	'2025-08-12 11:22:53'),
(34,	2,	'KAB. DAIRI',	'1211',	NULL,	NULL,	'2025-08-12 11:22:53',	'2025-08-12 11:22:53'),
(35,	2,	'KAB. TOBA SAMOSIR',	'1212',	NULL,	NULL,	'2025-08-12 11:22:53',	'2025-08-12 11:22:53'),
(36,	2,	'KAB. MANDAILING NATAL',	'1213',	NULL,	NULL,	'2025-08-12 11:22:53',	'2025-08-12 11:22:53'),
(37,	2,	'KAB. NIAS SELATAN',	'1214',	NULL,	NULL,	'2025-08-12 11:22:53',	'2025-08-12 11:22:53'),
(38,	2,	'KAB. PAKPAK BHARAT',	'1215',	NULL,	NULL,	'2025-08-12 11:22:53',	'2025-08-12 11:22:53'),
(39,	2,	'KAB. HUMBANG HASUNDUTAN',	'1216',	NULL,	NULL,	'2025-08-12 11:22:53',	'2025-08-12 11:22:53'),
(40,	2,	'KAB. SAMOSIR',	'1217',	NULL,	NULL,	'2025-08-12 11:22:53',	'2025-08-12 11:22:53'),
(41,	2,	'KAB. SERDANG BEDAGAI',	'1218',	NULL,	NULL,	'2025-08-12 11:22:53',	'2025-08-12 11:22:53'),
(42,	2,	'KAB. BATU BARA',	'1219',	NULL,	NULL,	'2025-08-12 11:22:53',	'2025-08-12 11:22:53'),
(43,	2,	'KAB. PADANG LAWAS UTARA',	'1220',	NULL,	NULL,	'2025-08-12 11:22:53',	'2025-08-12 11:22:53'),
(44,	2,	'KAB. PADANG LAWAS',	'1221',	NULL,	NULL,	'2025-08-12 11:22:53',	'2025-08-12 11:22:53'),
(45,	2,	'KAB. LABUHANBATU SELATAN',	'1222',	NULL,	NULL,	'2025-08-12 11:22:53',	'2025-08-12 11:22:53'),
(46,	2,	'KAB. LABUHANBATU UTARA',	'1223',	NULL,	NULL,	'2025-08-12 11:22:53',	'2025-08-12 11:22:53'),
(47,	2,	'KAB. NIAS UTARA',	'1224',	NULL,	NULL,	'2025-08-12 11:22:53',	'2025-08-12 11:22:53'),
(48,	2,	'KAB. NIAS BARAT',	'1225',	NULL,	NULL,	'2025-08-12 11:22:53',	'2025-08-12 11:22:53'),
(49,	2,	'KOTA MEDAN',	'1271',	NULL,	NULL,	'2025-08-12 11:22:53',	'2025-08-12 11:22:53'),
(50,	2,	'KOTA PEMATANGSIANTAR',	'1272',	NULL,	NULL,	'2025-08-12 11:22:53',	'2025-08-12 11:22:53'),
(51,	2,	'KOTA SIBOLGA',	'1273',	NULL,	NULL,	'2025-08-12 11:22:53',	'2025-08-12 11:22:53'),
(52,	2,	'KOTA TANJUNG BALAI',	'1274',	NULL,	NULL,	'2025-08-12 11:22:53',	'2025-08-12 11:22:53'),
(53,	2,	'KOTA BINJAI',	'1275',	NULL,	NULL,	'2025-08-12 11:22:53',	'2025-08-12 11:22:53'),
(54,	2,	'KOTA TEBING TINGGI',	'1276',	NULL,	NULL,	'2025-08-12 11:22:53',	'2025-08-12 11:22:53'),
(55,	2,	'KOTA PADANGSIDIMPUAN',	'1277',	NULL,	NULL,	'2025-08-12 11:22:53',	'2025-08-12 11:22:53'),
(56,	2,	'KOTA GUNUNGSITOLI',	'1278',	NULL,	NULL,	'2025-08-12 11:22:53',	'2025-08-12 11:22:53'),
(57,	3,	'KAB. PESISIR SELATAN',	'1301',	NULL,	NULL,	'2025-08-12 11:22:53',	'2025-08-12 11:22:54'),
(58,	3,	'KAB. SOLOK',	'1302',	NULL,	NULL,	'2025-08-12 11:22:54',	'2025-08-12 11:22:54'),
(59,	3,	'KAB. SIJUNJUNG',	'1303',	NULL,	NULL,	'2025-08-12 11:22:54',	'2025-08-12 11:22:54'),
(60,	3,	'KAB. TANAH DATAR',	'1304',	NULL,	NULL,	'2025-08-12 11:22:54',	'2025-08-12 11:22:54'),
(61,	3,	'KAB. PADANG PARIAMAN',	'1305',	NULL,	NULL,	'2025-08-12 11:22:54',	'2025-08-12 11:22:54'),
(62,	3,	'KAB. AGAM',	'1306',	NULL,	NULL,	'2025-08-12 11:22:54',	'2025-08-12 11:22:54'),
(63,	3,	'KAB. LIMA PULUH KOTA',	'1307',	NULL,	NULL,	'2025-08-12 11:22:54',	'2025-08-12 11:22:54'),
(64,	3,	'KAB. PASAMAN',	'1308',	NULL,	NULL,	'2025-08-12 11:22:54',	'2025-08-12 11:22:54'),
(65,	3,	'KAB. KEPULAUAN MENTAWAI',	'1309',	NULL,	NULL,	'2025-08-12 11:22:54',	'2025-08-12 11:22:54'),
(66,	3,	'KAB. DHARMASRAYA',	'1310',	NULL,	NULL,	'2025-08-12 11:22:54',	'2025-08-12 11:22:54'),
(67,	3,	'KAB. SOLOK SELATAN',	'1311',	NULL,	NULL,	'2025-08-12 11:22:54',	'2025-08-12 11:22:54'),
(68,	3,	'KAB. PASAMAN BARAT',	'1312',	NULL,	NULL,	'2025-08-12 11:22:54',	'2025-08-12 11:22:54'),
(69,	3,	'KOTA PADANG',	'1371',	NULL,	NULL,	'2025-08-12 11:22:54',	'2025-08-12 11:22:54'),
(70,	3,	'KOTA SOLOK',	'1372',	NULL,	NULL,	'2025-08-12 11:22:54',	'2025-08-12 11:22:54'),
(71,	3,	'KOTA SAWAHLUNTO',	'1373',	NULL,	NULL,	'2025-08-12 11:22:54',	'2025-08-12 11:22:54'),
(72,	3,	'KOTA PADANG PANJANG',	'1374',	NULL,	NULL,	'2025-08-12 11:22:54',	'2025-08-12 11:22:54'),
(73,	3,	'KOTA BUKITTINGGI',	'1375',	NULL,	NULL,	'2025-08-12 11:22:54',	'2025-08-12 11:22:54'),
(74,	3,	'KOTA PAYAKUMBUH',	'1376',	NULL,	NULL,	'2025-08-12 11:22:54',	'2025-08-12 11:22:54'),
(75,	3,	'KOTA PARIAMAN',	'1377',	NULL,	NULL,	'2025-08-12 11:22:54',	'2025-08-12 11:22:54'),
(76,	4,	'KAB. KAMPAR',	'1401',	NULL,	NULL,	'2025-08-12 11:22:54',	'2025-08-12 11:22:54'),
(77,	4,	'KAB. INDRAGIRI HULU',	'1402',	NULL,	NULL,	'2025-08-12 11:22:54',	'2025-08-12 11:22:54'),
(78,	4,	'KAB. BENGKALIS',	'1403',	NULL,	NULL,	'2025-08-12 11:22:54',	'2025-08-12 11:22:54'),
(79,	4,	'KAB. INDRAGIRI HILIR',	'1404',	NULL,	NULL,	'2025-08-12 11:22:54',	'2025-08-12 11:22:54'),
(80,	4,	'KAB. PELALAWAN',	'1405',	NULL,	NULL,	'2025-08-12 11:22:54',	'2025-08-12 11:22:54'),
(81,	4,	'KAB. ROKAN HULU',	'1406',	NULL,	NULL,	'2025-08-12 11:22:54',	'2025-08-12 11:22:54'),
(82,	4,	'KAB. ROKAN HILIR',	'1407',	NULL,	NULL,	'2025-08-12 11:22:54',	'2025-08-12 11:22:54'),
(83,	4,	'KAB. SIAK',	'1408',	NULL,	NULL,	'2025-08-12 11:22:54',	'2025-08-12 11:22:54'),
(84,	4,	'KAB. KUANTAN SINGINGI',	'1409',	NULL,	NULL,	'2025-08-12 11:22:54',	'2025-08-12 11:22:54'),
(85,	4,	'KAB. KEPULAUAN MERANTI',	'1410',	NULL,	NULL,	'2025-08-12 11:22:54',	'2025-08-12 11:22:54'),
(86,	4,	'KOTA PEKANBARU',	'1471',	NULL,	NULL,	'2025-08-12 11:22:54',	'2025-08-12 11:22:54'),
(87,	4,	'KOTA DUMAI',	'1472',	NULL,	NULL,	'2025-08-12 11:22:54',	'2025-08-12 11:22:54'),
(88,	5,	'KAB. KERINCI',	'1501',	NULL,	NULL,	'2025-08-12 11:22:54',	'2025-08-12 11:22:54'),
(89,	5,	'KAB. MERANGIN',	'1502',	NULL,	NULL,	'2025-08-12 11:22:54',	'2025-08-12 11:22:54'),
(90,	5,	'KAB. SAROLANGUN',	'1503',	NULL,	NULL,	'2025-08-12 11:22:54',	'2025-08-12 11:22:54'),
(91,	5,	'KAB. BATANGHARI',	'1504',	NULL,	NULL,	'2025-08-12 11:22:54',	'2025-08-12 11:22:54'),
(92,	5,	'KAB. MUARO JAMBI',	'1505',	NULL,	NULL,	'2025-08-12 11:22:54',	'2025-08-12 11:22:54'),
(93,	5,	'KAB. TANJUNG JABUNG BARAT',	'1506',	NULL,	NULL,	'2025-08-12 11:22:54',	'2025-08-12 11:22:54'),
(94,	5,	'KAB. TANJUNG JABUNG TIMUR',	'1507',	NULL,	NULL,	'2025-08-12 11:22:54',	'2025-08-12 11:22:54'),
(95,	5,	'KAB. BUNGO',	'1508',	NULL,	NULL,	'2025-08-12 11:22:54',	'2025-08-12 11:22:54'),
(96,	5,	'KAB. TEBO',	'1509',	NULL,	NULL,	'2025-08-12 11:22:54',	'2025-08-12 11:22:54'),
(97,	5,	'KOTA JAMBI',	'1571',	NULL,	NULL,	'2025-08-12 11:22:54',	'2025-08-12 11:22:54'),
(98,	5,	'KOTA SUNGAI PENUH',	'1572',	NULL,	NULL,	'2025-08-12 11:22:54',	'2025-08-12 11:22:54'),
(99,	6,	'KAB. OGAN KOMERING ULU',	'1601',	NULL,	NULL,	'2025-08-12 11:22:54',	'2025-08-12 11:22:54'),
(100,	6,	'KAB. OGAN KOMERING ILIR',	'1602',	NULL,	NULL,	'2025-08-12 11:22:54',	'2025-08-12 11:22:54'),
(101,	6,	'KAB. MUARA ENIM',	'1603',	NULL,	NULL,	'2025-08-12 11:22:54',	'2025-08-12 11:22:54'),
(102,	6,	'KAB. LAHAT',	'1604',	NULL,	NULL,	'2025-08-12 11:22:54',	'2025-08-12 11:22:54'),
(103,	6,	'KAB. MUSI RAWAS',	'1605',	NULL,	NULL,	'2025-08-12 11:22:54',	'2025-08-12 11:22:54'),
(104,	6,	'KAB. MUSI BANYUASIN',	'1606',	NULL,	NULL,	'2025-08-12 11:22:54',	'2025-08-12 11:22:54'),
(105,	6,	'KAB. BANYUASIN',	'1607',	NULL,	NULL,	'2025-08-12 11:22:54',	'2025-08-12 11:22:54'),
(106,	6,	'KAB. OGAN KOMERING ULU TIMUR',	'1608',	NULL,	NULL,	'2025-08-12 11:22:54',	'2025-08-12 11:22:54'),
(107,	6,	'KAB. OGAN KOMERING ULU SELATAN',	'1609',	NULL,	NULL,	'2025-08-12 11:22:54',	'2025-08-12 11:22:54'),
(108,	6,	'KAB. OGAN ILIR',	'1610',	NULL,	NULL,	'2025-08-12 11:22:54',	'2025-08-12 11:22:54'),
(109,	6,	'KAB. EMPAT LAWANG',	'1611',	NULL,	NULL,	'2025-08-12 11:22:54',	'2025-08-12 11:22:54'),
(110,	6,	'KAB. PENUKAL ABAB LEMATANG ILIR',	'1612',	NULL,	NULL,	'2025-08-12 11:22:54',	'2025-08-12 11:22:54'),
(111,	6,	'KAB. MUSI RAWAS UTARA',	'1613',	NULL,	NULL,	'2025-08-12 11:22:54',	'2025-08-12 11:22:54'),
(112,	6,	'KOTA PALEMBANG',	'1671',	NULL,	NULL,	'2025-08-12 11:22:54',	'2025-08-12 11:22:54'),
(113,	6,	'KOTA PAGAR ALAM',	'1672',	NULL,	NULL,	'2025-08-12 11:22:54',	'2025-08-12 11:22:54'),
(114,	6,	'KOTA LUBUK LINGGAU',	'1673',	NULL,	NULL,	'2025-08-12 11:22:54',	'2025-08-12 11:22:54'),
(115,	6,	'KOTA PRABUMULIH',	'1674',	NULL,	NULL,	'2025-08-12 11:22:54',	'2025-08-12 11:22:54'),
(116,	7,	'KAB. BENGKULU SELATAN',	'1701',	NULL,	NULL,	'2025-08-12 11:22:54',	'2025-08-12 11:22:54'),
(117,	7,	'KAB. REJANG LEBONG',	'1702',	NULL,	NULL,	'2025-08-12 11:22:54',	'2025-08-12 11:22:54'),
(118,	7,	'KAB. BENGKULU UTARA',	'1703',	NULL,	NULL,	'2025-08-12 11:22:54',	'2025-08-12 11:22:54'),
(119,	7,	'KAB. KAUR',	'1704',	NULL,	NULL,	'2025-08-12 11:22:54',	'2025-08-12 11:22:54'),
(120,	7,	'KAB. SELUMA',	'1705',	NULL,	NULL,	'2025-08-12 11:22:54',	'2025-08-12 11:22:54'),
(121,	7,	'KAB. MUKO MUKO',	'1706',	NULL,	NULL,	'2025-08-12 11:22:54',	'2025-08-12 11:22:54'),
(122,	7,	'KAB. LEBONG',	'1707',	NULL,	NULL,	'2025-08-12 11:22:54',	'2025-08-12 11:22:54'),
(123,	7,	'KAB. KEPAHIANG',	'1708',	NULL,	NULL,	'2025-08-12 11:22:54',	'2025-08-12 11:22:54'),
(124,	7,	'KAB. BENGKULU TENGAH',	'1709',	NULL,	NULL,	'2025-08-12 11:22:54',	'2025-08-12 11:22:54'),
(125,	7,	'KOTA BENGKULU',	'1771',	NULL,	NULL,	'2025-08-12 11:22:54',	'2025-08-12 11:22:54'),
(126,	8,	'KAB. LAMPUNG SELATAN',	'1801',	NULL,	NULL,	'2025-08-12 11:22:54',	'2025-08-12 11:22:54'),
(127,	8,	'KAB. LAMPUNG TENGAH',	'1802',	NULL,	NULL,	'2025-08-12 11:22:54',	'2025-08-12 11:22:54'),
(128,	8,	'KAB. LAMPUNG UTARA',	'1803',	NULL,	NULL,	'2025-08-12 11:22:54',	'2025-08-12 11:22:54'),
(129,	8,	'KAB. LAMPUNG BARAT',	'1804',	NULL,	NULL,	'2025-08-12 11:22:54',	'2025-08-12 11:22:54'),
(130,	8,	'KAB. TULANG BAWANG',	'1805',	NULL,	NULL,	'2025-08-12 11:22:54',	'2025-08-12 11:22:54'),
(131,	8,	'KAB. TANGGAMUS',	'1806',	NULL,	NULL,	'2025-08-12 11:22:54',	'2025-08-12 11:22:54'),
(132,	8,	'KAB. LAMPUNG TIMUR',	'1807',	NULL,	NULL,	'2025-08-12 11:22:54',	'2025-08-12 11:22:54'),
(133,	8,	'KAB. WAY KANAN',	'1808',	NULL,	NULL,	'2025-08-12 11:22:54',	'2025-08-12 11:22:54'),
(134,	8,	'KAB. PESAWARAN',	'1809',	NULL,	NULL,	'2025-08-12 11:22:54',	'2025-08-12 11:22:54'),
(135,	8,	'KAB. PRINGSEWU',	'1810',	NULL,	NULL,	'2025-08-12 11:22:54',	'2025-08-12 11:22:54'),
(136,	8,	'KAB. MESUJI',	'1811',	NULL,	NULL,	'2025-08-12 11:22:54',	'2025-08-12 11:22:54'),
(137,	8,	'KAB. TULANG BAWANG BARAT',	'1812',	NULL,	NULL,	'2025-08-12 11:22:54',	'2025-08-12 11:22:54'),
(138,	8,	'KAB. PESISIR BARAT',	'1813',	NULL,	NULL,	'2025-08-12 11:22:54',	'2025-08-12 11:22:54'),
(139,	8,	'KOTA BANDAR LAMPUNG',	'1871',	NULL,	NULL,	'2025-08-12 11:22:54',	'2025-08-12 11:22:54'),
(140,	8,	'KOTA METRO',	'1872',	NULL,	NULL,	'2025-08-12 11:22:54',	'2025-08-12 11:22:54'),
(141,	9,	'KAB. BANGKA',	'1901',	NULL,	NULL,	'2025-08-12 11:22:54',	'2025-08-12 11:22:54'),
(142,	9,	'KAB. BELITUNG',	'1902',	NULL,	NULL,	'2025-08-12 11:22:54',	'2025-08-12 11:22:54'),
(143,	9,	'KAB. BANGKA SELATAN',	'1903',	NULL,	NULL,	'2025-08-12 11:22:54',	'2025-08-12 11:22:54'),
(144,	9,	'KAB. BANGKA TENGAH',	'1904',	NULL,	NULL,	'2025-08-12 11:22:54',	'2025-08-12 11:22:54'),
(145,	9,	'KAB. BANGKA BARAT',	'1905',	NULL,	NULL,	'2025-08-12 11:22:54',	'2025-08-12 11:22:54'),
(146,	9,	'KAB. BELITUNG TIMUR',	'1906',	NULL,	NULL,	'2025-08-12 11:22:54',	'2025-08-12 11:22:54'),
(147,	9,	'KOTA PANGKAL PINANG',	'1971',	NULL,	NULL,	'2025-08-12 11:22:54',	'2025-08-12 11:22:54'),
(148,	10,	'KAB. BINTAN',	'2101',	NULL,	NULL,	'2025-08-12 11:22:54',	'2025-08-12 11:22:54'),
(149,	10,	'KAB. KARIMUN',	'2102',	NULL,	NULL,	'2025-08-12 11:22:54',	'2025-08-12 11:22:54'),
(150,	10,	'KAB. NATUNA',	'2103',	NULL,	NULL,	'2025-08-12 11:22:54',	'2025-08-12 11:22:54'),
(151,	10,	'KAB. LINGGA',	'2104',	NULL,	NULL,	'2025-08-12 11:22:54',	'2025-08-12 11:22:54'),
(152,	10,	'KAB. KEPULAUAN ANAMBAS',	'2105',	NULL,	NULL,	'2025-08-12 11:22:54',	'2025-08-12 11:22:54'),
(153,	10,	'KOTA BATAM',	'2171',	NULL,	NULL,	'2025-08-12 11:22:54',	'2025-08-12 11:22:54'),
(154,	10,	'KOTA TANJUNG PINANG',	'2172',	NULL,	NULL,	'2025-08-12 11:22:54',	'2025-08-12 11:22:54'),
(155,	11,	'KAB. ADM. KEP. SERIBU',	'3101',	NULL,	NULL,	'2025-08-12 11:22:54',	'2025-08-12 11:22:54'),
(156,	11,	'KOTA ADM. JAKARTA PUSAT',	'3171',	NULL,	NULL,	'2025-08-12 11:22:54',	'2025-08-12 11:22:54'),
(157,	11,	'KOTA ADM. JAKARTA UTARA',	'3172',	NULL,	NULL,	'2025-08-12 11:22:54',	'2025-08-12 11:22:54'),
(158,	11,	'KOTA ADM. JAKARTA BARAT',	'3173',	NULL,	NULL,	'2025-08-12 11:22:54',	'2025-08-12 11:22:54'),
(159,	11,	'KOTA ADM. JAKARTA SELATAN',	'3174',	NULL,	NULL,	'2025-08-12 11:22:54',	'2025-08-12 11:22:54'),
(160,	11,	'KOTA ADM. JAKARTA TIMUR',	'3175',	NULL,	NULL,	'2025-08-12 11:22:54',	'2025-08-12 11:22:54'),
(161,	12,	'KAB. BOGOR',	'3201',	NULL,	NULL,	'2025-08-12 11:22:54',	'2025-08-12 11:22:54'),
(162,	12,	'KAB. SUKABUMI',	'3202',	NULL,	NULL,	'2025-08-12 11:22:54',	'2025-08-12 11:22:54'),
(163,	12,	'KAB. CIANJUR',	'3203',	NULL,	NULL,	'2025-08-12 11:22:54',	'2025-08-12 11:22:54'),
(164,	12,	'KAB. BANDUNG',	'3204',	NULL,	NULL,	'2025-08-12 11:22:54',	'2025-08-12 11:22:54'),
(165,	12,	'KAB. GARUT',	'3205',	NULL,	NULL,	'2025-08-12 11:22:54',	'2025-08-12 11:22:54'),
(166,	12,	'KAB. TASIKMALAYA',	'3206',	NULL,	NULL,	'2025-08-12 11:22:54',	'2025-08-12 11:22:54'),
(167,	12,	'KAB. CIAMIS',	'3207',	NULL,	NULL,	'2025-08-12 11:22:54',	'2025-08-12 11:22:54'),
(168,	12,	'KAB. KUNINGAN',	'3208',	NULL,	NULL,	'2025-08-12 11:22:54',	'2025-08-12 11:22:54'),
(169,	12,	'KAB. CIREBON',	'3209',	NULL,	NULL,	'2025-08-12 11:22:54',	'2025-08-12 11:22:54'),
(170,	12,	'KAB. MAJALENGKA',	'3210',	NULL,	NULL,	'2025-08-12 11:22:54',	'2025-08-12 11:22:54'),
(171,	12,	'KAB. SUMEDANG',	'3211',	NULL,	NULL,	'2025-08-12 11:22:54',	'2025-08-12 11:22:54'),
(172,	12,	'KAB. INDRAMAYU',	'3212',	NULL,	NULL,	'2025-08-12 11:22:54',	'2025-08-12 11:22:54'),
(173,	12,	'KAB. SUBANG',	'3213',	NULL,	NULL,	'2025-08-12 11:22:54',	'2025-08-12 11:22:54'),
(174,	12,	'KAB. PURWAKARTA',	'3214',	NULL,	NULL,	'2025-08-12 11:22:54',	'2025-08-12 11:22:54'),
(175,	12,	'KAB. KARAWANG',	'3215',	NULL,	NULL,	'2025-08-12 11:22:54',	'2025-08-12 11:22:54'),
(176,	12,	'KAB. BEKASI',	'3216',	NULL,	NULL,	'2025-08-12 11:22:54',	'2025-08-12 11:22:54'),
(177,	12,	'KAB. BANDUNG BARAT',	'3217',	NULL,	NULL,	'2025-08-12 11:22:54',	'2025-08-12 11:22:54'),
(178,	12,	'KAB. PANGANDARAN',	'3218',	NULL,	NULL,	'2025-08-12 11:22:54',	'2025-08-12 11:22:54'),
(179,	12,	'KOTA BOGOR',	'3271',	NULL,	NULL,	'2025-08-12 11:22:54',	'2025-08-12 11:22:54'),
(180,	12,	'KOTA SUKABUMI',	'3272',	NULL,	NULL,	'2025-08-12 11:22:54',	'2025-08-12 11:22:54'),
(181,	12,	'KOTA BANDUNG',	'3273',	NULL,	NULL,	'2025-08-12 11:22:54',	'2025-08-12 11:22:54'),
(182,	12,	'KOTA CIREBON',	'3274',	NULL,	NULL,	'2025-08-12 11:22:54',	'2025-08-12 11:22:54'),
(183,	12,	'KOTA BEKASI',	'3275',	NULL,	NULL,	'2025-08-12 11:22:54',	'2025-08-12 11:22:54'),
(184,	12,	'KOTA DEPOK',	'3276',	NULL,	NULL,	'2025-08-12 11:22:54',	'2025-08-12 11:22:54'),
(185,	12,	'KOTA CIMAHI',	'3277',	NULL,	NULL,	'2025-08-12 11:22:54',	'2025-08-12 11:22:54'),
(186,	12,	'KOTA TASIKMALAYA',	'3278',	NULL,	NULL,	'2025-08-12 11:22:54',	'2025-08-12 11:22:54'),
(187,	12,	'KOTA BANJAR',	'3279',	NULL,	NULL,	'2025-08-12 11:22:54',	'2025-08-12 11:22:54'),
(188,	13,	'KAB. CILACAP',	'3301',	NULL,	NULL,	'2025-08-12 11:22:54',	'2025-08-12 11:22:54'),
(189,	13,	'KAB. BANYUMAS',	'3302',	NULL,	NULL,	'2025-08-12 11:22:54',	'2025-08-12 11:22:54'),
(190,	13,	'KAB. PURBALINGGA',	'3303',	NULL,	NULL,	'2025-08-12 11:22:54',	'2025-08-12 11:22:54'),
(191,	13,	'KAB. BANJARNEGARA',	'3304',	NULL,	NULL,	'2025-08-12 11:22:54',	'2025-08-12 11:22:54'),
(192,	13,	'KAB. KEBUMEN',	'3305',	NULL,	NULL,	'2025-08-12 11:22:54',	'2025-08-12 11:22:54'),
(193,	13,	'KAB. PURWOREJO',	'3306',	NULL,	NULL,	'2025-08-12 11:22:54',	'2025-08-12 11:22:54'),
(194,	13,	'KAB. WONOSOBO',	'3307',	NULL,	NULL,	'2025-08-12 11:22:54',	'2025-08-12 11:22:54'),
(195,	13,	'KAB. MAGELANG',	'3308',	NULL,	NULL,	'2025-08-12 11:22:54',	'2025-08-12 11:22:54'),
(196,	13,	'KAB. BOYOLALI',	'3309',	NULL,	NULL,	'2025-08-12 11:22:54',	'2025-08-12 11:22:54'),
(197,	13,	'KAB. KLATEN',	'3310',	NULL,	NULL,	'2025-08-12 11:22:54',	'2025-08-12 11:22:54'),
(198,	13,	'KAB. SUKOHARJO',	'3311',	NULL,	NULL,	'2025-08-12 11:22:54',	'2025-08-12 11:22:54'),
(199,	13,	'KAB. WONOGIRI',	'3312',	NULL,	NULL,	'2025-08-12 11:22:54',	'2025-08-12 11:22:54'),
(200,	13,	'KAB. KARANGANYAR',	'3313',	NULL,	NULL,	'2025-08-12 11:22:54',	'2025-08-12 11:22:54'),
(201,	13,	'KAB. SRAGEN',	'3314',	NULL,	NULL,	'2025-08-12 11:22:54',	'2025-08-12 11:22:54'),
(202,	13,	'KAB. GROBOGAN',	'3315',	NULL,	NULL,	'2025-08-12 11:22:54',	'2025-08-12 11:22:54'),
(203,	13,	'KAB. BLORA',	'3316',	NULL,	NULL,	'2025-08-12 11:22:54',	'2025-08-12 11:22:54'),
(204,	13,	'KAB. REMBANG',	'3317',	NULL,	NULL,	'2025-08-12 11:22:54',	'2025-08-12 11:22:54'),
(205,	13,	'KAB. PATI',	'3318',	NULL,	NULL,	'2025-08-12 11:22:54',	'2025-08-12 11:22:54'),
(206,	13,	'KAB. KUDUS',	'3319',	NULL,	NULL,	'2025-08-12 11:22:54',	'2025-08-12 11:22:54'),
(207,	13,	'KAB. JEPARA',	'3320',	NULL,	NULL,	'2025-08-12 11:22:54',	'2025-08-12 11:22:54'),
(208,	13,	'KAB. DEMAK',	'3321',	NULL,	NULL,	'2025-08-12 11:22:54',	'2025-08-12 11:22:54'),
(209,	13,	'KAB. SEMARANG',	'3322',	NULL,	NULL,	'2025-08-12 11:22:54',	'2025-08-12 11:22:54'),
(210,	13,	'KAB. TEMANGGUNG',	'3323',	NULL,	NULL,	'2025-08-12 11:22:54',	'2025-08-12 11:22:54'),
(211,	13,	'KAB. KENDAL',	'3324',	NULL,	NULL,	'2025-08-12 11:22:54',	'2025-08-12 11:22:54'),
(212,	13,	'KAB. BATANG',	'3325',	NULL,	NULL,	'2025-08-12 11:22:54',	'2025-08-12 11:22:54'),
(213,	13,	'KAB. PEKALONGAN',	'3326',	NULL,	NULL,	'2025-08-12 11:22:54',	'2025-08-12 11:22:54'),
(214,	13,	'KAB. PEMALANG',	'3327',	NULL,	NULL,	'2025-08-12 11:22:54',	'2025-08-12 11:22:54'),
(215,	13,	'KAB. TEGAL',	'3328',	NULL,	NULL,	'2025-08-12 11:22:54',	'2025-08-12 11:22:54'),
(216,	13,	'KAB. BREBES',	'3329',	NULL,	NULL,	'2025-08-12 11:22:54',	'2025-08-12 11:22:54'),
(217,	13,	'KOTA MAGELANG',	'3371',	NULL,	NULL,	'2025-08-12 11:22:54',	'2025-08-12 11:22:54'),
(218,	13,	'KOTA SURAKARTA',	'3372',	NULL,	NULL,	'2025-08-12 11:22:54',	'2025-08-12 11:22:54'),
(219,	13,	'KOTA SALATIGA',	'3373',	NULL,	NULL,	'2025-08-12 11:22:54',	'2025-08-12 11:22:54'),
(220,	13,	'KOTA SEMARANG',	'3374',	NULL,	NULL,	'2025-08-12 11:22:54',	'2025-08-12 11:22:54'),
(221,	13,	'KOTA PEKALONGAN',	'3375',	NULL,	NULL,	'2025-08-12 11:22:54',	'2025-08-12 11:22:54'),
(222,	13,	'KOTA TEGAL',	'3376',	NULL,	NULL,	'2025-08-12 11:22:54',	'2025-08-12 11:22:54'),
(223,	14,	'KAB. KULON PROGO',	'3401',	NULL,	NULL,	'2025-08-12 11:22:54',	'2025-08-12 11:22:54'),
(224,	14,	'KAB. BANTUL',	'3402',	NULL,	NULL,	'2025-08-12 11:22:54',	'2025-08-12 11:22:54'),
(225,	14,	'KAB. GUNUNGKIDUL',	'3403',	NULL,	NULL,	'2025-08-12 11:22:54',	'2025-08-12 11:22:54'),
(226,	14,	'KAB. SLEMAN',	'3404',	NULL,	NULL,	'2025-08-12 11:22:54',	'2025-08-12 11:22:54'),
(227,	14,	'KOTA YOGYAKARTA',	'3471',	NULL,	NULL,	'2025-08-12 11:22:54',	'2025-08-12 11:22:54'),
(228,	15,	'KAB. PACITAN',	'3501',	NULL,	NULL,	'2025-08-12 11:22:54',	'2025-08-12 11:22:54'),
(229,	15,	'KAB. PONOROGO',	'3502',	NULL,	NULL,	'2025-08-12 11:22:54',	'2025-08-12 11:22:54'),
(230,	15,	'KAB. TRENGGALEK',	'3503',	NULL,	NULL,	'2025-08-12 11:22:54',	'2025-08-12 11:22:54'),
(231,	15,	'KAB. TULUNGAGUNG',	'3504',	NULL,	NULL,	'2025-08-12 11:22:54',	'2025-08-12 11:22:54'),
(232,	15,	'KAB. BLITAR',	'3505',	NULL,	NULL,	'2025-08-12 11:22:54',	'2025-08-12 11:22:54'),
(233,	15,	'KAB. KEDIRI',	'3506',	NULL,	NULL,	'2025-08-12 11:22:54',	'2025-08-12 11:22:54'),
(234,	15,	'KAB. MALANG',	'3507',	NULL,	NULL,	'2025-08-12 11:22:54',	'2025-08-12 11:22:54'),
(235,	15,	'KAB. LUMAJANG',	'3508',	NULL,	NULL,	'2025-08-12 11:22:54',	'2025-08-12 11:22:54'),
(236,	15,	'KAB. JEMBER',	'3509',	NULL,	NULL,	'2025-08-12 11:22:54',	'2025-08-12 11:22:54'),
(237,	15,	'KAB. BANYUWANGI',	'3510',	NULL,	NULL,	'2025-08-12 11:22:54',	'2025-08-12 11:22:54'),
(238,	15,	'KAB. BONDOWOSO',	'3511',	NULL,	NULL,	'2025-08-12 11:22:54',	'2025-08-12 11:22:54'),
(239,	15,	'KAB. SITUBONDO',	'3512',	NULL,	NULL,	'2025-08-12 11:22:54',	'2025-08-12 11:22:54'),
(240,	15,	'KAB. PROBOLINGGO',	'3513',	NULL,	NULL,	'2025-08-12 11:22:54',	'2025-08-12 11:22:54'),
(241,	15,	'KAB. PASURUAN',	'3514',	NULL,	NULL,	'2025-08-12 11:22:54',	'2025-08-12 11:22:54'),
(242,	15,	'KAB. SIDOARJO',	'3515',	NULL,	NULL,	'2025-08-12 11:22:54',	'2025-08-12 11:22:54'),
(243,	15,	'KAB. MOJOKERTO',	'3516',	NULL,	NULL,	'2025-08-12 11:22:54',	'2025-08-12 11:22:54'),
(244,	15,	'KAB. JOMBANG',	'3517',	NULL,	NULL,	'2025-08-12 11:22:54',	'2025-08-12 11:22:54'),
(245,	15,	'KAB. NGANJUK',	'3518',	NULL,	NULL,	'2025-08-12 11:22:54',	'2025-08-12 11:22:54'),
(246,	15,	'KAB. MADIUN',	'3519',	NULL,	NULL,	'2025-08-12 11:22:54',	'2025-08-12 11:22:54'),
(247,	15,	'KAB. MAGETAN',	'3520',	NULL,	NULL,	'2025-08-12 11:22:54',	'2025-08-12 11:22:54'),
(248,	15,	'KAB. NGAWI',	'3521',	NULL,	NULL,	'2025-08-12 11:22:54',	'2025-08-12 11:22:54'),
(249,	15,	'KAB. BOJONEGORO',	'3522',	NULL,	NULL,	'2025-08-12 11:22:54',	'2025-08-12 11:22:54'),
(250,	15,	'KAB. TUBAN',	'3523',	NULL,	NULL,	'2025-08-12 11:22:54',	'2025-08-12 11:22:54'),
(251,	15,	'KAB. LAMONGAN',	'3524',	NULL,	NULL,	'2025-08-12 11:22:54',	'2025-08-12 11:22:54'),
(252,	15,	'KAB. GRESIK',	'3525',	NULL,	NULL,	'2025-08-12 11:22:54',	'2025-08-12 11:22:54'),
(253,	15,	'KAB. BANGKALAN',	'3526',	NULL,	NULL,	'2025-08-12 11:22:54',	'2025-08-12 11:22:54'),
(254,	15,	'KAB. SAMPANG',	'3527',	NULL,	NULL,	'2025-08-12 11:22:54',	'2025-08-12 11:22:54'),
(255,	15,	'KAB. PAMEKASAN',	'3528',	NULL,	NULL,	'2025-08-12 11:22:54',	'2025-08-12 11:22:54'),
(256,	15,	'KAB. SUMENEP',	'3529',	NULL,	NULL,	'2025-08-12 11:22:54',	'2025-08-12 11:22:54'),
(257,	15,	'KOTA KEDIRI',	'3571',	NULL,	NULL,	'2025-08-12 11:22:54',	'2025-08-12 11:22:54'),
(258,	15,	'KOTA BLITAR',	'3572',	NULL,	NULL,	'2025-08-12 11:22:54',	'2025-08-12 11:22:54'),
(259,	15,	'KOTA MALANG',	'3573',	NULL,	NULL,	'2025-08-12 11:22:54',	'2025-08-12 11:22:54'),
(260,	15,	'KOTA PROBOLINGGO',	'3574',	NULL,	NULL,	'2025-08-12 11:22:54',	'2025-08-12 11:22:54'),
(261,	15,	'KOTA PASURUAN',	'3575',	NULL,	NULL,	'2025-08-12 11:22:54',	'2025-08-12 11:22:54'),
(262,	15,	'KOTA MOJOKERTO',	'3576',	NULL,	NULL,	'2025-08-12 11:22:54',	'2025-08-12 11:22:54'),
(263,	15,	'KOTA MADIUN',	'3577',	NULL,	NULL,	'2025-08-12 11:22:54',	'2025-08-12 11:22:54'),
(264,	15,	'KOTA SURABAYA',	'3578',	NULL,	NULL,	'2025-08-12 11:22:54',	'2025-08-12 11:22:54'),
(265,	15,	'KOTA BATU',	'3579',	NULL,	NULL,	'2025-08-12 11:22:54',	'2025-08-12 11:22:54'),
(266,	16,	'KAB. PANDEGLANG',	'3601',	NULL,	NULL,	'2025-08-12 11:22:54',	'2025-08-12 11:22:54'),
(267,	16,	'KAB. LEBAK',	'3602',	NULL,	NULL,	'2025-08-12 11:22:54',	'2025-08-12 11:22:54'),
(268,	16,	'KAB. TANGERANG',	'3603',	NULL,	NULL,	'2025-08-12 11:22:54',	'2025-08-12 11:22:54'),
(269,	16,	'KAB. SERANG',	'3604',	NULL,	NULL,	'2025-08-12 11:22:54',	'2025-08-12 11:22:54'),
(270,	16,	'KOTA TANGERANG',	'3671',	NULL,	NULL,	'2025-08-12 11:22:54',	'2025-08-12 11:22:54'),
(271,	16,	'KOTA CILEGON',	'3672',	NULL,	NULL,	'2025-08-12 11:22:54',	'2025-08-12 11:22:54'),
(272,	16,	'KOTA SERANG',	'3673',	NULL,	NULL,	'2025-08-12 11:22:54',	'2025-08-12 11:22:54'),
(273,	16,	'KOTA TANGERANG SELATAN',	'3674',	NULL,	NULL,	'2025-08-12 11:22:54',	'2025-08-12 11:22:54'),
(274,	17,	'KAB. JEMBRANA',	'5101',	NULL,	NULL,	'2025-08-12 11:22:54',	'2025-08-12 11:22:54'),
(275,	17,	'KAB. TABANAN',	'5102',	NULL,	NULL,	'2025-08-12 11:22:54',	'2025-08-12 11:22:54'),
(276,	17,	'KAB. BADUNG',	'5103',	NULL,	NULL,	'2025-08-12 11:22:54',	'2025-08-12 11:22:54'),
(277,	17,	'KAB. GIANYAR',	'5104',	NULL,	NULL,	'2025-08-12 11:22:54',	'2025-08-12 11:22:54'),
(278,	17,	'KAB. KLUNGKUNG',	'5105',	NULL,	NULL,	'2025-08-12 11:22:54',	'2025-08-12 11:22:54'),
(279,	17,	'KAB. BANGLI',	'5106',	NULL,	NULL,	'2025-08-12 11:22:54',	'2025-08-12 11:22:54'),
(280,	17,	'KAB. KARANGASEM',	'5107',	NULL,	NULL,	'2025-08-12 11:22:54',	'2025-08-12 11:22:54'),
(281,	17,	'KAB. BULELENG',	'5108',	NULL,	NULL,	'2025-08-12 11:22:54',	'2025-08-12 11:22:54'),
(282,	17,	'KOTA DENPASAR',	'5171',	NULL,	NULL,	'2025-08-12 11:22:54',	'2025-08-12 11:22:54'),
(283,	18,	'KAB. LOMBOK BARAT',	'5201',	NULL,	NULL,	'2025-08-12 11:22:54',	'2025-08-12 11:22:54'),
(284,	18,	'KAB. LOMBOK TENGAH',	'5202',	NULL,	NULL,	'2025-08-12 11:22:54',	'2025-08-12 11:22:54'),
(285,	18,	'KAB. LOMBOK TIMUR',	'5203',	NULL,	NULL,	'2025-08-12 11:22:54',	'2025-08-12 11:22:54'),
(286,	18,	'KAB. SUMBAWA',	'5204',	NULL,	NULL,	'2025-08-12 11:22:54',	'2025-08-12 11:22:54'),
(287,	18,	'KAB. DOMPU',	'5205',	NULL,	NULL,	'2025-08-12 11:22:54',	'2025-08-12 11:22:54'),
(288,	18,	'KAB. BIMA',	'5206',	NULL,	NULL,	'2025-08-12 11:22:54',	'2025-08-12 11:22:54'),
(289,	18,	'KAB. SUMBAWA BARAT',	'5207',	NULL,	NULL,	'2025-08-12 11:22:54',	'2025-08-12 11:22:54'),
(290,	18,	'KAB. LOMBOK UTARA',	'5208',	NULL,	NULL,	'2025-08-12 11:22:54',	'2025-08-12 11:22:54'),
(291,	18,	'KOTA MATARAM',	'5271',	NULL,	NULL,	'2025-08-12 11:22:54',	'2025-08-12 11:22:54'),
(292,	18,	'KOTA BIMA',	'5272',	NULL,	NULL,	'2025-08-12 11:22:54',	'2025-08-12 11:22:54'),
(293,	19,	'KAB. KUPANG',	'5301',	NULL,	NULL,	'2025-08-12 11:22:54',	'2025-08-12 11:22:54'),
(294,	19,	'KAB TIMOR TENGAH SELATAN',	'5302',	NULL,	NULL,	'2025-08-12 11:22:54',	'2025-08-12 11:22:54'),
(295,	19,	'KAB. TIMOR TENGAH UTARA',	'5303',	NULL,	NULL,	'2025-08-12 11:22:54',	'2025-08-12 11:22:54'),
(296,	19,	'KAB. BELU',	'5304',	NULL,	NULL,	'2025-08-12 11:22:54',	'2025-08-12 11:22:54'),
(297,	19,	'KAB. ALOR',	'5305',	NULL,	NULL,	'2025-08-12 11:22:54',	'2025-08-12 11:22:54'),
(298,	19,	'KAB. FLORES TIMUR',	'5306',	NULL,	NULL,	'2025-08-12 11:22:54',	'2025-08-12 11:22:54'),
(299,	19,	'KAB. SIKKA',	'5307',	NULL,	NULL,	'2025-08-12 11:22:54',	'2025-08-12 11:22:54'),
(300,	19,	'KAB. ENDE',	'5308',	NULL,	NULL,	'2025-08-12 11:22:54',	'2025-08-12 11:22:54'),
(301,	19,	'KAB. NGADA',	'5309',	NULL,	NULL,	'2025-08-12 11:22:54',	'2025-08-12 11:22:54'),
(302,	19,	'KAB. MANGGARAI',	'5310',	NULL,	NULL,	'2025-08-12 11:22:54',	'2025-08-12 11:22:54'),
(303,	19,	'KAB. SUMBA TIMUR',	'5311',	NULL,	NULL,	'2025-08-12 11:22:54',	'2025-08-12 11:22:54'),
(304,	19,	'KAB. SUMBA BARAT',	'5312',	NULL,	NULL,	'2025-08-12 11:22:54',	'2025-08-12 11:22:54'),
(305,	19,	'KAB. LEMBATA',	'5313',	NULL,	NULL,	'2025-08-12 11:22:54',	'2025-08-12 11:22:54'),
(306,	19,	'KAB. ROTE NDAO',	'5314',	NULL,	NULL,	'2025-08-12 11:22:54',	'2025-08-12 11:22:54'),
(307,	19,	'KAB. MANGGARAI BARAT',	'5315',	NULL,	NULL,	'2025-08-12 11:22:54',	'2025-08-12 11:22:54'),
(308,	19,	'KAB. NAGEKEO',	'5316',	NULL,	NULL,	'2025-08-12 11:22:54',	'2025-08-12 11:22:54'),
(309,	19,	'KAB. SUMBA TENGAH',	'5317',	NULL,	NULL,	'2025-08-12 11:22:54',	'2025-08-12 11:22:54'),
(310,	19,	'KAB. SUMBA BARAT DAYA',	'5318',	NULL,	NULL,	'2025-08-12 11:22:54',	'2025-08-12 11:22:54'),
(311,	19,	'KAB. MANGGARAI TIMUR',	'5319',	NULL,	NULL,	'2025-08-12 11:22:54',	'2025-08-12 11:22:54'),
(312,	19,	'KAB. SABU RAIJUA',	'5320',	NULL,	NULL,	'2025-08-12 11:22:54',	'2025-08-12 11:22:54'),
(313,	19,	'KAB. MALAKA',	'5321',	NULL,	NULL,	'2025-08-12 11:22:54',	'2025-08-12 11:22:54'),
(314,	19,	'KOTA KUPANG',	'5371',	NULL,	NULL,	'2025-08-12 11:22:54',	'2025-08-12 11:22:54'),
(315,	20,	'KAB. SAMBAS',	'6101',	NULL,	NULL,	'2025-08-12 11:22:54',	'2025-08-12 11:22:54'),
(316,	20,	'KAB. MEMPAWAH',	'6102',	NULL,	NULL,	'2025-08-12 11:22:54',	'2025-08-12 11:22:54'),
(317,	20,	'KAB. SANGGAU',	'6103',	NULL,	NULL,	'2025-08-12 11:22:54',	'2025-08-12 11:22:54'),
(318,	20,	'KAB. KETAPANG',	'6104',	NULL,	NULL,	'2025-08-12 11:22:54',	'2025-08-12 11:22:54'),
(319,	20,	'KAB. SINTANG',	'6105',	NULL,	NULL,	'2025-08-12 11:22:54',	'2025-08-12 11:22:54'),
(320,	20,	'KAB. KAPUAS HULU',	'6106',	NULL,	NULL,	'2025-08-12 11:22:54',	'2025-08-12 11:22:54'),
(321,	20,	'KAB. BENGKAYANG',	'6107',	NULL,	NULL,	'2025-08-12 11:22:54',	'2025-08-12 11:22:54'),
(322,	20,	'KAB. LANDAK',	'6108',	NULL,	NULL,	'2025-08-12 11:22:54',	'2025-08-12 11:22:54'),
(323,	20,	'KAB. SEKADAU',	'6109',	NULL,	NULL,	'2025-08-12 11:22:54',	'2025-08-12 11:22:54'),
(324,	20,	'KAB. MELAWI',	'6110',	NULL,	NULL,	'2025-08-12 11:22:54',	'2025-08-12 11:22:54'),
(325,	20,	'KAB. KAYONG UTARA',	'6111',	NULL,	NULL,	'2025-08-12 11:22:54',	'2025-08-12 11:22:54'),
(326,	20,	'KAB. KUBU RAYA',	'6112',	NULL,	NULL,	'2025-08-12 11:22:54',	'2025-08-12 11:22:54'),
(327,	20,	'KOTA PONTIANAK',	'6171',	NULL,	NULL,	'2025-08-12 11:22:54',	'2025-08-12 11:22:54'),
(328,	20,	'KOTA SINGKAWANG',	'6172',	NULL,	NULL,	'2025-08-12 11:22:54',	'2025-08-12 11:22:54'),
(329,	21,	'KAB. KOTAWARINGIN BARAT',	'6201',	NULL,	NULL,	'2025-08-12 11:22:54',	'2025-08-12 11:22:54'),
(330,	21,	'KAB. KOTAWARINGIN TIMUR',	'6202',	NULL,	NULL,	'2025-08-12 11:22:54',	'2025-08-12 11:22:54'),
(331,	21,	'KAB. KAPUAS',	'6203',	NULL,	NULL,	'2025-08-12 11:22:54',	'2025-08-12 11:22:54'),
(332,	21,	'KAB. BARITO SELATAN',	'6204',	NULL,	NULL,	'2025-08-12 11:22:54',	'2025-08-12 11:22:54'),
(333,	21,	'KAB. BARITO UTARA',	'6205',	NULL,	NULL,	'2025-08-12 11:22:54',	'2025-08-12 11:22:54'),
(334,	21,	'KAB. KATINGAN',	'6206',	NULL,	NULL,	'2025-08-12 11:22:54',	'2025-08-12 11:22:54'),
(335,	21,	'KAB. SERUYAN',	'6207',	NULL,	NULL,	'2025-08-12 11:22:54',	'2025-08-12 11:22:54'),
(336,	21,	'KAB. SUKAMARA',	'6208',	NULL,	NULL,	'2025-08-12 11:22:54',	'2025-08-12 11:22:54'),
(337,	21,	'KAB. LAMANDAU',	'6209',	NULL,	NULL,	'2025-08-12 11:22:54',	'2025-08-12 11:22:54'),
(338,	21,	'KAB. GUNUNG MAS',	'6210',	NULL,	NULL,	'2025-08-12 11:22:54',	'2025-08-12 11:22:54'),
(339,	21,	'KAB. PULANG PISAU',	'6211',	NULL,	NULL,	'2025-08-12 11:22:54',	'2025-08-12 11:22:54'),
(340,	21,	'KAB. MURUNG RAYA',	'6212',	NULL,	NULL,	'2025-08-12 11:22:54',	'2025-08-12 11:22:54'),
(341,	21,	'KAB. BARITO TIMUR',	'6213',	NULL,	NULL,	'2025-08-12 11:22:54',	'2025-08-12 11:22:54'),
(342,	21,	'KOTA PALANGKARAYA',	'6271',	NULL,	NULL,	'2025-08-12 11:22:54',	'2025-08-12 11:22:54'),
(343,	22,	'KAB. TANAH LAUT',	'6301',	NULL,	NULL,	'2025-08-12 11:22:54',	'2025-08-12 11:22:54'),
(344,	22,	'KAB. KOTABARU',	'6302',	NULL,	NULL,	'2025-08-12 11:22:54',	'2025-08-12 11:22:54'),
(345,	22,	'KAB. BANJAR',	'6303',	NULL,	NULL,	'2025-08-12 11:22:54',	'2025-08-12 11:22:54'),
(346,	22,	'KAB. BARITO KUALA',	'6304',	NULL,	NULL,	'2025-08-12 11:22:54',	'2025-08-12 11:22:54'),
(347,	22,	'KAB. TAPIN',	'6305',	NULL,	NULL,	'2025-08-12 11:22:54',	'2025-08-12 11:22:54'),
(348,	22,	'KAB. HULU SUNGAI SELATAN',	'6306',	NULL,	NULL,	'2025-08-12 11:22:54',	'2025-08-12 11:22:54'),
(349,	22,	'KAB. HULU SUNGAI TENGAH',	'6307',	NULL,	NULL,	'2025-08-12 11:22:54',	'2025-08-12 11:22:54'),
(350,	22,	'KAB. HULU SUNGAI UTARA',	'6308',	NULL,	NULL,	'2025-08-12 11:22:54',	'2025-08-12 11:22:54'),
(351,	22,	'KAB. TABALONG',	'6309',	NULL,	NULL,	'2025-08-12 11:22:54',	'2025-08-12 11:22:54'),
(352,	22,	'KAB. TANAH BUMBU',	'6310',	NULL,	NULL,	'2025-08-12 11:22:54',	'2025-08-12 11:22:54'),
(353,	22,	'KAB. BALANGAN',	'6311',	NULL,	NULL,	'2025-08-12 11:22:54',	'2025-08-12 11:22:54'),
(354,	22,	'KOTA BANJARMASIN',	'6371',	NULL,	NULL,	'2025-08-12 11:22:54',	'2025-08-12 11:22:54'),
(355,	22,	'KOTA BANJARBARU',	'6372',	NULL,	NULL,	'2025-08-12 11:22:54',	'2025-08-12 11:22:54'),
(356,	23,	'KAB. PASER',	'6401',	NULL,	NULL,	'2025-08-12 11:22:54',	'2025-08-12 11:22:54'),
(357,	23,	'KAB. KUTAI KARTANEGARA',	'6402',	NULL,	NULL,	'2025-08-12 11:22:54',	'2025-08-12 11:22:54'),
(358,	23,	'KAB. BERAU',	'6403',	NULL,	NULL,	'2025-08-12 11:22:54',	'2025-08-12 11:22:54'),
(359,	23,	'KAB. KUTAI BARAT',	'6407',	NULL,	NULL,	'2025-08-12 11:22:54',	'2025-08-12 11:22:54'),
(360,	23,	'KAB. KUTAI TIMUR',	'6408',	NULL,	NULL,	'2025-08-12 11:22:54',	'2025-08-12 11:22:54'),
(361,	23,	'KAB. PENAJAM PASER UTARA',	'6409',	NULL,	NULL,	'2025-08-12 11:22:54',	'2025-08-12 11:22:54'),
(362,	23,	'KAB. MAHAKAM ULU',	'6411',	NULL,	NULL,	'2025-08-12 11:22:54',	'2025-08-12 11:22:54'),
(363,	23,	'KOTA BALIKPAPAN',	'6471',	NULL,	NULL,	'2025-08-12 11:22:54',	'2025-08-12 11:22:54'),
(364,	23,	'KOTA SAMARINDA',	'6472',	NULL,	NULL,	'2025-08-12 11:22:54',	'2025-08-12 11:22:54'),
(365,	23,	'KOTA BONTANG',	'6474',	NULL,	NULL,	'2025-08-12 11:22:54',	'2025-08-12 11:22:54'),
(366,	24,	'KAB. BULUNGAN',	'6501',	NULL,	NULL,	'2025-08-12 11:22:54',	'2025-08-12 11:22:54'),
(367,	24,	'KAB. MALINAU',	'6502',	NULL,	NULL,	'2025-08-12 11:22:54',	'2025-08-12 11:22:54'),
(368,	24,	'KAB. NUNUKAN',	'6503',	NULL,	NULL,	'2025-08-12 11:22:54',	'2025-08-12 11:22:54'),
(369,	24,	'KAB. TANA TIDUNG',	'6504',	NULL,	NULL,	'2025-08-12 11:22:54',	'2025-08-12 11:22:54'),
(370,	24,	'KOTA TARAKAN',	'6571',	NULL,	NULL,	'2025-08-12 11:22:54',	'2025-08-12 11:22:54'),
(371,	25,	'KAB. BOLAANG MONGONDOW',	'7101',	NULL,	NULL,	'2025-08-12 11:22:54',	'2025-08-12 11:22:54'),
(372,	25,	'KAB. MINAHASA',	'7102',	NULL,	NULL,	'2025-08-12 11:22:54',	'2025-08-12 11:22:54'),
(373,	25,	'KAB. KEPULAUAN SANGIHE',	'7103',	NULL,	NULL,	'2025-08-12 11:22:54',	'2025-08-12 11:22:54'),
(374,	25,	'KAB. KEPULAUAN TALAUD',	'7104',	NULL,	NULL,	'2025-08-12 11:22:54',	'2025-08-12 11:22:54'),
(375,	25,	'KAB. MINAHASA SELATAN',	'7105',	NULL,	NULL,	'2025-08-12 11:22:54',	'2025-08-12 11:22:54'),
(376,	25,	'KAB. MINAHASA UTARA',	'7106',	NULL,	NULL,	'2025-08-12 11:22:54',	'2025-08-12 11:22:54'),
(377,	25,	'KAB. MINAHASA TENGGARA',	'7107',	NULL,	NULL,	'2025-08-12 11:22:54',	'2025-08-12 11:22:54'),
(378,	25,	'KAB. BOLAANG MONGONDOW UTARA',	'7108',	NULL,	NULL,	'2025-08-12 11:22:54',	'2025-08-12 11:22:54'),
(379,	25,	'KAB. KEP. SIAU TAGULANDANG BIARO',	'7109',	NULL,	NULL,	'2025-08-12 11:22:54',	'2025-08-12 11:22:54'),
(380,	25,	'KAB. BOLAANG MONGONDOW TIMUR',	'7110',	NULL,	NULL,	'2025-08-12 11:22:54',	'2025-08-12 11:22:54'),
(381,	25,	'KAB. BOLAANG MONGONDOW SELATAN',	'7111',	NULL,	NULL,	'2025-08-12 11:22:54',	'2025-08-12 11:22:54'),
(382,	25,	'KOTA MANADO',	'7171',	NULL,	NULL,	'2025-08-12 11:22:54',	'2025-08-12 11:22:54'),
(383,	25,	'KOTA BITUNG',	'7172',	NULL,	NULL,	'2025-08-12 11:22:54',	'2025-08-12 11:22:54'),
(384,	25,	'KOTA TOMOHON',	'7173',	NULL,	NULL,	'2025-08-12 11:22:54',	'2025-08-12 11:22:54'),
(385,	25,	'KOTA KOTAMOBAGU',	'7174',	NULL,	NULL,	'2025-08-12 11:22:54',	'2025-08-12 11:22:54'),
(386,	26,	'KAB. BANGGAI',	'7201',	NULL,	NULL,	'2025-08-12 11:22:54',	'2025-08-12 11:22:54'),
(387,	26,	'KAB. POSO',	'7202',	NULL,	NULL,	'2025-08-12 11:22:54',	'2025-08-12 11:22:54'),
(388,	26,	'KAB. DONGGALA',	'7203',	NULL,	NULL,	'2025-08-12 11:22:54',	'2025-08-12 11:22:54'),
(389,	26,	'KAB. TOLI TOLI',	'7204',	NULL,	NULL,	'2025-08-12 11:22:54',	'2025-08-12 11:22:54'),
(390,	26,	'KAB. BUOL',	'7205',	NULL,	NULL,	'2025-08-12 11:22:54',	'2025-08-12 11:22:54'),
(391,	26,	'KAB. MOROWALI',	'7206',	NULL,	NULL,	'2025-08-12 11:22:54',	'2025-08-12 11:22:54'),
(392,	26,	'KAB. BANGGAI KEPULAUAN',	'7207',	NULL,	NULL,	'2025-08-12 11:22:54',	'2025-08-12 11:22:54'),
(393,	26,	'KAB. PARIGI MOUTONG',	'7208',	NULL,	NULL,	'2025-08-12 11:22:54',	'2025-08-12 11:22:54'),
(394,	26,	'KAB. TOJO UNA UNA',	'7209',	NULL,	NULL,	'2025-08-12 11:22:54',	'2025-08-12 11:22:54'),
(395,	26,	'KAB. SIGI',	'7210',	NULL,	NULL,	'2025-08-12 11:22:54',	'2025-08-12 11:22:54'),
(396,	26,	'KAB. BANGGAI LAUT',	'7211',	NULL,	NULL,	'2025-08-12 11:22:54',	'2025-08-12 11:22:54'),
(397,	26,	'KAB. MOROWALI UTARA',	'7212',	NULL,	NULL,	'2025-08-12 11:22:54',	'2025-08-12 11:22:54'),
(398,	26,	'KOTA PALU',	'7271',	NULL,	NULL,	'2025-08-12 11:22:54',	'2025-08-12 11:22:54'),
(399,	27,	'KAB. KEPULAUAN SELAYAR',	'7301',	NULL,	NULL,	'2025-08-12 11:22:54',	'2025-08-12 11:22:54'),
(400,	27,	'KAB. BULUKUMBA',	'7302',	NULL,	NULL,	'2025-08-12 11:22:54',	'2025-08-12 11:22:54'),
(401,	27,	'KAB. BANTAENG',	'7303',	NULL,	NULL,	'2025-08-12 11:22:54',	'2025-08-12 11:22:54'),
(402,	27,	'KAB. JENEPONTO',	'7304',	NULL,	NULL,	'2025-08-12 11:22:54',	'2025-08-12 11:22:54'),
(403,	27,	'KAB. TAKALAR',	'7305',	NULL,	NULL,	'2025-08-12 11:22:54',	'2025-08-12 11:22:54'),
(404,	27,	'KAB. GOWA',	'7306',	NULL,	NULL,	'2025-08-12 11:22:54',	'2025-08-12 11:22:54'),
(405,	27,	'KAB. SINJAI',	'7307',	NULL,	NULL,	'2025-08-12 11:22:54',	'2025-08-12 11:22:54'),
(406,	27,	'KAB. BONE',	'7308',	NULL,	NULL,	'2025-08-12 11:22:54',	'2025-08-12 11:22:54'),
(407,	27,	'KAB. MAROS',	'7309',	NULL,	NULL,	'2025-08-12 11:22:54',	'2025-08-12 11:22:54'),
(408,	27,	'KAB. PANGKAJENE KEPULAUAN',	'7310',	NULL,	NULL,	'2025-08-12 11:22:54',	'2025-08-12 11:22:54'),
(409,	27,	'KAB. BARRU',	'7311',	NULL,	NULL,	'2025-08-12 11:22:54',	'2025-08-12 11:22:54'),
(410,	27,	'KAB. SOPPENG',	'7312',	NULL,	NULL,	'2025-08-12 11:22:54',	'2025-08-12 11:22:54'),
(411,	27,	'KAB. WAJO',	'7313',	NULL,	NULL,	'2025-08-12 11:22:54',	'2025-08-12 11:22:54'),
(412,	27,	'KAB. SIDENRENG RAPPANG',	'7314',	NULL,	NULL,	'2025-08-12 11:22:54',	'2025-08-12 11:22:54'),
(413,	27,	'KAB. PINRANG',	'7315',	NULL,	NULL,	'2025-08-12 11:22:54',	'2025-08-12 11:22:54'),
(414,	27,	'KAB. ENREKANG',	'7316',	NULL,	NULL,	'2025-08-12 11:22:54',	'2025-08-12 11:22:54'),
(415,	27,	'KAB. LUWU',	'7317',	NULL,	NULL,	'2025-08-12 11:22:54',	'2025-08-12 11:22:54'),
(416,	27,	'KAB. TANA TORAJA',	'7318',	NULL,	NULL,	'2025-08-12 11:22:54',	'2025-08-12 11:22:54'),
(417,	27,	'KAB. LUWU UTARA',	'7322',	NULL,	NULL,	'2025-08-12 11:22:54',	'2025-08-12 11:22:54'),
(418,	27,	'KAB. LUWU TIMUR',	'7324',	NULL,	NULL,	'2025-08-12 11:22:54',	'2025-08-12 11:22:54'),
(419,	27,	'KAB. TORAJA UTARA',	'7326',	NULL,	NULL,	'2025-08-12 11:22:54',	'2025-08-12 11:22:54'),
(420,	27,	'KOTA MAKASSAR',	'7371',	NULL,	NULL,	'2025-08-12 11:22:54',	'2025-08-12 11:22:54'),
(421,	27,	'KOTA PARE PARE',	'7372',	NULL,	NULL,	'2025-08-12 11:22:54',	'2025-08-12 11:22:54'),
(422,	27,	'KOTA PALOPO',	'7373',	NULL,	NULL,	'2025-08-12 11:22:54',	'2025-08-12 11:22:54'),
(423,	28,	'KAB. KOLAKA',	'7401',	NULL,	NULL,	'2025-08-12 11:22:54',	'2025-08-12 11:22:54'),
(424,	28,	'KAB. KONAWE',	'7402',	NULL,	NULL,	'2025-08-12 11:22:54',	'2025-08-12 11:22:54'),
(425,	28,	'KAB. MUNA',	'7403',	NULL,	NULL,	'2025-08-12 11:22:54',	'2025-08-12 11:22:54'),
(426,	28,	'KAB. BUTON',	'7404',	NULL,	NULL,	'2025-08-12 11:22:54',	'2025-08-12 11:22:54'),
(427,	28,	'KAB. KONAWE SELATAN',	'7405',	NULL,	NULL,	'2025-08-12 11:22:54',	'2025-08-12 11:22:54'),
(428,	28,	'KAB. BOMBANA',	'7406',	NULL,	NULL,	'2025-08-12 11:22:54',	'2025-08-12 11:22:54'),
(429,	28,	'KAB. WAKATOBI',	'7407',	NULL,	NULL,	'2025-08-12 11:22:54',	'2025-08-12 11:22:54'),
(430,	28,	'KAB. KOLAKA UTARA',	'7408',	NULL,	NULL,	'2025-08-12 11:22:54',	'2025-08-12 11:22:54'),
(431,	28,	'KAB. KONAWE UTARA',	'7409',	NULL,	NULL,	'2025-08-12 11:22:54',	'2025-08-12 11:22:54'),
(432,	28,	'KAB. BUTON UTARA',	'7410',	NULL,	NULL,	'2025-08-12 11:22:54',	'2025-08-12 11:22:54'),
(433,	28,	'KAB. KOLAKA TIMUR',	'7411',	NULL,	NULL,	'2025-08-12 11:22:54',	'2025-08-12 11:22:54'),
(434,	28,	'KAB. KONAWE KEPULAUAN',	'7412',	NULL,	NULL,	'2025-08-12 11:22:54',	'2025-08-12 11:22:54'),
(435,	28,	'KAB. MUNA BARAT',	'7413',	NULL,	NULL,	'2025-08-12 11:22:54',	'2025-08-12 11:22:54'),
(436,	28,	'KAB. BUTON TENGAH',	'7414',	NULL,	NULL,	'2025-08-12 11:22:54',	'2025-08-12 11:22:54'),
(437,	28,	'KAB. BUTON SELATAN',	'7415',	NULL,	NULL,	'2025-08-12 11:22:54',	'2025-08-12 11:22:54'),
(438,	28,	'KOTA KENDARI',	'7471',	NULL,	NULL,	'2025-08-12 11:22:54',	'2025-08-12 11:22:54'),
(439,	28,	'KOTA BAU BAU',	'7472',	NULL,	NULL,	'2025-08-12 11:22:54',	'2025-08-12 11:22:54'),
(440,	29,	'KAB. GORONTALO',	'7501',	NULL,	NULL,	'2025-08-12 11:22:54',	'2025-08-12 11:22:54'),
(441,	29,	'KAB. BOALEMO',	'7502',	NULL,	NULL,	'2025-08-12 11:22:54',	'2025-08-12 11:22:54'),
(442,	29,	'KAB. BONE BOLANGO',	'7503',	NULL,	NULL,	'2025-08-12 11:22:54',	'2025-08-12 11:22:54'),
(443,	29,	'KAB. PAHUWATO',	'7504',	NULL,	NULL,	'2025-08-12 11:22:54',	'2025-08-12 11:22:54'),
(444,	29,	'KAB. GORONTALO UTARA',	'7505',	NULL,	NULL,	'2025-08-12 11:22:54',	'2025-08-12 11:22:54'),
(445,	29,	'KOTA GORONTALO',	'7571',	NULL,	NULL,	'2025-08-12 11:22:54',	'2025-08-12 11:22:54'),
(446,	30,	'KAB. MAMUJU UTARA',	'7601',	NULL,	NULL,	'2025-08-12 11:22:54',	'2025-08-12 11:22:54'),
(447,	30,	'KAB. MAMUJU',	'7602',	NULL,	NULL,	'2025-08-12 11:22:54',	'2025-08-12 11:22:54'),
(448,	30,	'KAB. MAMASA',	'7603',	NULL,	NULL,	'2025-08-12 11:22:54',	'2025-08-12 11:22:54'),
(449,	30,	'KAB. POLEWALI MANDAR',	'7604',	NULL,	NULL,	'2025-08-12 11:22:54',	'2025-08-12 11:22:54'),
(450,	30,	'KAB. MAJENE',	'7605',	NULL,	NULL,	'2025-08-12 11:22:54',	'2025-08-12 11:22:54'),
(451,	30,	'KAB. MAMUJU TENGAH',	'7606',	NULL,	NULL,	'2025-08-12 11:22:54',	'2025-08-12 11:22:54'),
(452,	31,	'KAB. MALUKU TENGAH',	'8101',	NULL,	NULL,	'2025-08-12 11:22:54',	'2025-08-12 11:22:54'),
(453,	31,	'KAB. MALUKU TENGGARA',	'8102',	NULL,	NULL,	'2025-08-12 11:22:54',	'2025-08-12 11:22:54'),
(454,	31,	'KAB. MALUKU TENGGARA BARAT',	'8103',	NULL,	NULL,	'2025-08-12 11:22:54',	'2025-08-12 11:22:54'),
(455,	31,	'KAB. BURU',	'8104',	NULL,	NULL,	'2025-08-12 11:22:54',	'2025-08-12 11:22:54'),
(456,	31,	'KAB. SERAM BAGIAN TIMUR',	'8105',	NULL,	NULL,	'2025-08-12 11:22:54',	'2025-08-12 11:22:54'),
(457,	31,	'KAB. SERAM BAGIAN BARAT',	'8106',	NULL,	NULL,	'2025-08-12 11:22:54',	'2025-08-12 11:22:54'),
(458,	31,	'KAB. KEPULAUAN ARU',	'8107',	NULL,	NULL,	'2025-08-12 11:22:54',	'2025-08-12 11:22:54'),
(459,	31,	'KAB. MALUKU BARAT DAYA',	'8108',	NULL,	NULL,	'2025-08-12 11:22:54',	'2025-08-12 11:22:54'),
(460,	31,	'KAB. BURU SELATAN',	'8109',	NULL,	NULL,	'2025-08-12 11:22:54',	'2025-08-12 11:22:54'),
(461,	31,	'KOTA AMBON',	'8171',	NULL,	NULL,	'2025-08-12 11:22:54',	'2025-08-12 11:22:54'),
(462,	31,	'KOTA TUAL',	'8172',	NULL,	NULL,	'2025-08-12 11:22:54',	'2025-08-12 11:22:54'),
(463,	32,	'KAB. HALMAHERA BARAT',	'8201',	NULL,	NULL,	'2025-08-12 11:22:54',	'2025-08-12 11:22:54'),
(464,	32,	'KAB. HALMAHERA TENGAH',	'8202',	NULL,	NULL,	'2025-08-12 11:22:54',	'2025-08-12 11:22:54'),
(465,	32,	'KAB. HALMAHERA UTARA',	'8203',	NULL,	NULL,	'2025-08-12 11:22:54',	'2025-08-12 11:22:54'),
(466,	32,	'KAB. HALMAHERA SELATAN',	'8204',	NULL,	NULL,	'2025-08-12 11:22:54',	'2025-08-12 11:22:54'),
(467,	32,	'KAB. KEPULAUAN SULA',	'8205',	NULL,	NULL,	'2025-08-12 11:22:54',	'2025-08-12 11:22:54'),
(468,	32,	'KAB. HALMAHERA TIMUR',	'8206',	NULL,	NULL,	'2025-08-12 11:22:54',	'2025-08-12 11:22:54'),
(469,	32,	'KAB. PULAU MOROTAI',	'8207',	NULL,	NULL,	'2025-08-12 11:22:54',	'2025-08-12 11:22:54'),
(470,	32,	'KAB. PULAU TALIABU',	'8208',	NULL,	NULL,	'2025-08-12 11:22:54',	'2025-08-12 11:22:54'),
(471,	32,	'KOTA TERNATE',	'8271',	NULL,	NULL,	'2025-08-12 11:22:54',	'2025-08-12 11:22:54'),
(472,	32,	'KOTA TIDORE KEPULAUAN',	'8272',	NULL,	NULL,	'2025-08-12 11:22:54',	'2025-08-12 11:22:54'),
(473,	33,	'KAB. MERAUKE',	'9101',	NULL,	NULL,	'2025-08-12 11:22:54',	'2025-08-12 11:22:54'),
(474,	33,	'KAB. JAYAWIJAYA',	'9102',	NULL,	NULL,	'2025-08-12 11:22:54',	'2025-08-12 11:22:54'),
(475,	33,	'KAB. JAYAPURA',	'9103',	NULL,	NULL,	'2025-08-12 11:22:54',	'2025-08-12 11:22:54'),
(476,	33,	'KAB. NABIRE',	'9104',	NULL,	NULL,	'2025-08-12 11:22:54',	'2025-08-12 11:22:54'),
(477,	33,	'KAB. KEPULAUAN YAPEN',	'9105',	NULL,	NULL,	'2025-08-12 11:22:55',	'2025-08-12 11:22:55'),
(478,	33,	'KAB. BIAK NUMFOR',	'9106',	NULL,	NULL,	'2025-08-12 11:22:55',	'2025-08-12 11:22:55'),
(479,	33,	'KAB. PUNCAK JAYA',	'9107',	NULL,	NULL,	'2025-08-12 11:22:55',	'2025-08-12 11:22:55'),
(480,	33,	'KAB. PANIAI',	'9108',	NULL,	NULL,	'2025-08-12 11:22:55',	'2025-08-12 11:22:55'),
(481,	33,	'KAB. MIMIKA',	'9109',	NULL,	NULL,	'2025-08-12 11:22:55',	'2025-08-12 11:22:55'),
(482,	33,	'KAB. SARMI',	'9110',	NULL,	NULL,	'2025-08-12 11:22:55',	'2025-08-12 11:22:55'),
(483,	33,	'KAB. KEEROM',	'9111',	NULL,	NULL,	'2025-08-12 11:22:55',	'2025-08-12 11:22:55'),
(484,	33,	'KAB. PEGUNUNGAN BINTANG',	'9112',	NULL,	NULL,	'2025-08-12 11:22:55',	'2025-08-12 11:22:55'),
(485,	33,	'KAB. YAHUKIMO',	'9113',	NULL,	NULL,	'2025-08-12 11:22:55',	'2025-08-12 11:22:55'),
(486,	33,	'KAB. TOLIKARA',	'9114',	NULL,	NULL,	'2025-08-12 11:22:55',	'2025-08-12 11:22:55'),
(487,	33,	'KAB. WAROPEN',	'9115',	NULL,	NULL,	'2025-08-12 11:22:55',	'2025-08-12 11:22:55'),
(488,	33,	'KAB. BOVEN DIGOEL',	'9116',	NULL,	NULL,	'2025-08-12 11:22:55',	'2025-08-12 11:22:55'),
(489,	33,	'KAB. MAPPI',	'9117',	NULL,	NULL,	'2025-08-12 11:22:55',	'2025-08-12 11:22:55'),
(490,	33,	'KAB. ASMAT',	'9118',	NULL,	NULL,	'2025-08-12 11:22:55',	'2025-08-12 11:22:55'),
(491,	33,	'KAB. SUPIORI',	'9119',	NULL,	NULL,	'2025-08-12 11:22:55',	'2025-08-12 11:22:55'),
(492,	33,	'KAB. MAMBERAMO RAYA',	'9120',	NULL,	NULL,	'2025-08-12 11:22:55',	'2025-08-12 11:22:55'),
(493,	33,	'KAB. MAMBERAMO TENGAH',	'9121',	NULL,	NULL,	'2025-08-12 11:22:55',	'2025-08-12 11:22:55'),
(494,	33,	'KAB. YALIMO',	'9122',	NULL,	NULL,	'2025-08-12 11:22:55',	'2025-08-12 11:22:55'),
(495,	33,	'KAB. LANNY JAYA',	'9123',	NULL,	NULL,	'2025-08-12 11:22:55',	'2025-08-12 11:22:55'),
(496,	33,	'KAB. NDUGA',	'9124',	NULL,	NULL,	'2025-08-12 11:22:55',	'2025-08-12 11:22:55'),
(497,	33,	'KAB. PUNCAK',	'9125',	NULL,	NULL,	'2025-08-12 11:22:55',	'2025-08-12 11:22:55'),
(498,	33,	'KAB. DOGIYAI',	'9126',	NULL,	NULL,	'2025-08-12 11:22:55',	'2025-08-12 11:22:55'),
(499,	33,	'KAB. INTAN JAYA',	'9127',	NULL,	NULL,	'2025-08-12 11:22:55',	'2025-08-12 11:22:55'),
(500,	33,	'KAB. DEIYAI',	'9128',	NULL,	NULL,	'2025-08-12 11:22:55',	'2025-08-12 11:22:55'),
(501,	33,	'KOTA JAYAPURA',	'9171',	NULL,	NULL,	'2025-08-12 11:22:55',	'2025-08-12 11:22:55'),
(502,	34,	'KAB. SORONG',	'9201',	NULL,	NULL,	'2025-08-12 11:22:55',	'2025-08-12 11:22:55'),
(503,	34,	'KAB. MANOKWARI',	'9202',	NULL,	NULL,	'2025-08-12 11:22:55',	'2025-08-12 11:22:55'),
(504,	34,	'KAB. FAK FAK',	'9203',	NULL,	NULL,	'2025-08-12 11:22:55',	'2025-08-12 11:22:55'),
(505,	34,	'KAB. SORONG SELATAN',	'9204',	NULL,	NULL,	'2025-08-12 11:22:55',	'2025-08-12 11:22:55'),
(506,	34,	'KAB. RAJA AMPAT',	'9205',	NULL,	NULL,	'2025-08-12 11:22:55',	'2025-08-12 11:22:55'),
(507,	34,	'KAB. TELUK BINTUNI',	'9206',	NULL,	NULL,	'2025-08-12 11:22:55',	'2025-08-12 11:22:55'),
(508,	34,	'KAB. TELUK WONDAMA',	'9207',	NULL,	NULL,	'2025-08-12 11:22:55',	'2025-08-12 11:22:55'),
(509,	34,	'KAB. KAIMANA',	'9208',	NULL,	NULL,	'2025-08-12 11:22:55',	'2025-08-12 11:22:55'),
(510,	34,	'KAB. TAMBRAUW',	'9209',	NULL,	NULL,	'2025-08-12 11:22:55',	'2025-08-12 11:22:55'),
(511,	34,	'KAB. MAYBRAT',	'9210',	NULL,	NULL,	'2025-08-12 11:22:55',	'2025-08-12 11:22:55'),
(512,	34,	'KAB. MANOKWARI SELATAN',	'9211',	NULL,	NULL,	'2025-08-12 11:22:55',	'2025-08-12 11:22:55'),
(513,	34,	'KAB. PEGUNUNGAN ARFAK',	'9212',	NULL,	NULL,	'2025-08-12 11:22:55',	'2025-08-12 11:22:55'),
(514,	34,	'KOTA SORONG',	'9271',	NULL,	NULL,	'2025-08-12 11:22:55',	'2025-08-12 11:22:55');

DROP TABLE IF EXISTS `ref_consultation_type`;
CREATE TABLE `ref_consultation_type` (
  `id` bigint(20) unsigned NOT NULL AUTO_INCREMENT,
  `name` varchar(255) DEFAULT NULL,
  `description` text DEFAULT NULL,
  `created_by` bigint(20) unsigned DEFAULT NULL,
  `updated_by` bigint(20) unsigned DEFAULT NULL,
  `created_at` timestamp NULL DEFAULT NULL,
  `updated_at` timestamp NULL DEFAULT NULL,
  PRIMARY KEY (`id`),
  KEY `ref_consultation_type_created_by_index` (`created_by`),
  KEY `ref_consultation_type_updated_by_index` (`updated_by`),
  CONSTRAINT `ref_consultation_type_created_by_foreign` FOREIGN KEY (`created_by`) REFERENCES `sys_users` (`id`),
  CONSTRAINT `ref_consultation_type_updated_by_foreign` FOREIGN KEY (`updated_by`) REFERENCES `sys_users` (`id`)
) ENGINE=InnoDB DEFAULT CHARSET=utf8mb4 COLLATE=utf8mb4_unicode_ci;

INSERT INTO `ref_consultation_type` (`id`, `name`, `description`, `created_by`, `updated_by`, `created_at`, `updated_at`) VALUES
(1,	'Informasi Lain / Surat',	NULL,	NULL,	NULL,	'2025-08-12 11:22:55',	'2025-08-12 11:22:55'),
(2,	'Bertemu Langsung',	NULL,	NULL,	NULL,	'2025-08-12 11:22:55',	'2025-08-12 11:22:55'),
(3,	'SMS',	NULL,	NULL,	NULL,	'2025-08-12 11:22:55',	'2025-08-12 11:22:55'),
(4,	'Telepon',	NULL,	NULL,	NULL,	'2025-08-12 11:22:55',	'2025-08-12 11:22:55'),
(5,	'Email',	NULL,	NULL,	NULL,	'2025-08-12 11:22:55',	'2025-08-12 11:22:55'),
(6,	'Undangan Rapat',	NULL,	NULL,	NULL,	'2025-08-12 11:22:55',	'2025-08-12 11:22:55');

DROP TABLE IF EXISTS `ref_cost_component`;
CREATE TABLE `ref_cost_component` (
  `id` bigint(20) unsigned NOT NULL AUTO_INCREMENT,
  `type_id` bigint(20) unsigned DEFAULT NULL,
  `name` varchar(255) NOT NULL,
  `description` longtext DEFAULT NULL,
  `created_by` bigint(20) unsigned DEFAULT NULL,
  `updated_by` bigint(20) unsigned DEFAULT NULL,
  `created_at` timestamp NULL DEFAULT NULL,
  `updated_at` timestamp NULL DEFAULT NULL,
  PRIMARY KEY (`id`),
  UNIQUE KEY `ref_cost_component_name_unique` (`name`),
  KEY `ref_cost_component_type_id_foreign` (`type_id`),
  KEY `ref_cost_component_created_by_index` (`created_by`),
  KEY `ref_cost_component_updated_by_index` (`updated_by`),
  CONSTRAINT `ref_cost_component_created_by_foreign` FOREIGN KEY (`created_by`) REFERENCES `sys_users` (`id`),
  CONSTRAINT `ref_cost_component_type_id_foreign` FOREIGN KEY (`type_id`) REFERENCES `ref_cost_type` (`id`),
  CONSTRAINT `ref_cost_component_updated_by_foreign` FOREIGN KEY (`updated_by`) REFERENCES `sys_users` (`id`)
) ENGINE=InnoDB DEFAULT CHARSET=utf8mb4 COLLATE=utf8mb4_unicode_ci;

INSERT INTO `ref_cost_component` (`id`, `type_id`, `name`, `description`, `created_by`, `updated_by`, `created_at`, `updated_at`) VALUES
(1,	NULL,	'Pendidikan & Pelatihan',	NULL,	NULL,	NULL,	'2025-08-12 11:22:55',	'2025-08-12 11:22:55'),
(2,	NULL,	'Biaya Operasional',	NULL,	NULL,	NULL,	'2025-08-12 11:22:55',	'2025-08-12 11:22:55'),
(3,	NULL,	'Seminar',	NULL,	NULL,	NULL,	'2025-08-12 11:22:55',	'2025-08-12 11:22:55'),
(4,	NULL,	'Meja kursi kerja',	NULL,	NULL,	NULL,	'2025-08-12 11:22:55',	'2025-08-12 11:22:55'),
(5,	NULL,	'Laptop',	NULL,	NULL,	NULL,	'2025-08-12 11:22:55',	'2025-08-12 11:22:55'),
(6,	NULL,	'Printer',	NULL,	NULL,	NULL,	'2025-08-12 11:22:55',	'2025-08-12 11:22:55'),
(7,	NULL,	'Office Supply',	NULL,	NULL,	NULL,	'2025-08-12 11:22:55',	'2025-08-12 11:22:55'),
(8,	NULL,	'Rapat / Perjamuan',	NULL,	NULL,	NULL,	'2025-08-12 11:22:55',	'2025-08-12 11:22:55'),
(9,	NULL,	'Sosialisasi WBS',	NULL,	NULL,	NULL,	'2025-08-12 11:22:55',	'2025-08-12 11:22:55'),
(10,	NULL,	'Awareness governance risk & compliance',	NULL,	NULL,	NULL,	'2025-08-12 11:22:55',	'2025-08-12 11:22:55'),
(11,	NULL,	'Scanner',	NULL,	NULL,	NULL,	'2025-08-12 11:22:55',	'2025-08-12 11:22:55'),
(12,	NULL,	'Sistem Informasi Audit KSI Group',	NULL,	NULL,	NULL,	'2025-08-12 11:22:55',	'2025-08-12 11:22:55'),
(13,	NULL,	'Surat Perjalanan Dinas',	NULL,	NULL,	NULL,	'2025-08-12 11:22:55',	'2025-08-12 11:22:55'),
(14,	NULL,	'Peralatan Kantor',	NULL,	NULL,	NULL,	'2025-08-12 11:22:55',	'2025-08-12 11:22:55');

DROP TABLE IF EXISTS `ref_cost_type`;
CREATE TABLE `ref_cost_type` (
  `id` bigint(20) unsigned NOT NULL AUTO_INCREMENT,
  `name` varchar(255) NOT NULL,
  `description` longtext DEFAULT NULL,
  `created_by` bigint(20) unsigned DEFAULT NULL,
  `updated_by` bigint(20) unsigned DEFAULT NULL,
  `created_at` timestamp NULL DEFAULT NULL,
  `updated_at` timestamp NULL DEFAULT NULL,
  PRIMARY KEY (`id`),
  UNIQUE KEY `ref_cost_type_name_unique` (`name`),
  KEY `ref_cost_type_created_by_index` (`created_by`),
  KEY `ref_cost_type_updated_by_index` (`updated_by`),
  CONSTRAINT `ref_cost_type_created_by_foreign` FOREIGN KEY (`created_by`) REFERENCES `sys_users` (`id`),
  CONSTRAINT `ref_cost_type_updated_by_foreign` FOREIGN KEY (`updated_by`) REFERENCES `sys_users` (`id`)
) ENGINE=InnoDB DEFAULT CHARSET=utf8mb4 COLLATE=utf8mb4_unicode_ci;


DROP TABLE IF EXISTS `ref_district`;
CREATE TABLE `ref_district` (
  `id` bigint(20) unsigned NOT NULL AUTO_INCREMENT,
  `city_id` bigint(20) unsigned NOT NULL,
  `name` varchar(255) NOT NULL,
  `code` varchar(255) DEFAULT NULL,
  `created_by` bigint(20) unsigned DEFAULT NULL,
  `updated_by` bigint(20) unsigned DEFAULT NULL,
  `created_at` timestamp NULL DEFAULT NULL,
  `updated_at` timestamp NULL DEFAULT NULL,
  PRIMARY KEY (`id`),
  KEY `ref_district_city_id_foreign` (`city_id`),
  KEY `ref_district_created_by_index` (`created_by`),
  KEY `ref_district_updated_by_index` (`updated_by`),
  CONSTRAINT `ref_district_city_id_foreign` FOREIGN KEY (`city_id`) REFERENCES `ref_city` (`id`),
  CONSTRAINT `ref_district_created_by_foreign` FOREIGN KEY (`created_by`) REFERENCES `sys_users` (`id`),
  CONSTRAINT `ref_district_updated_by_foreign` FOREIGN KEY (`updated_by`) REFERENCES `sys_users` (`id`)
) ENGINE=InnoDB DEFAULT CHARSET=utf8mb4 COLLATE=utf8mb4_unicode_ci;


DROP TABLE IF EXISTS `ref_document_items`;
CREATE TABLE `ref_document_items` (
  `id` bigint(20) unsigned NOT NULL AUTO_INCREMENT,
  `name` varchar(255) NOT NULL,
  `description` text DEFAULT NULL,
  `created_by` bigint(20) unsigned DEFAULT NULL,
  `updated_by` bigint(20) unsigned DEFAULT NULL,
  `created_at` timestamp NULL DEFAULT NULL,
  `updated_at` timestamp NULL DEFAULT NULL,
  PRIMARY KEY (`id`),
  KEY `ref_document_items_created_by_index` (`created_by`),
  KEY `ref_document_items_updated_by_index` (`updated_by`),
  CONSTRAINT `ref_document_items_created_by_foreign` FOREIGN KEY (`created_by`) REFERENCES `sys_users` (`id`),
  CONSTRAINT `ref_document_items_updated_by_foreign` FOREIGN KEY (`updated_by`) REFERENCES `sys_users` (`id`)
) ENGINE=InnoDB DEFAULT CHARSET=utf8mb4 COLLATE=utf8mb4_unicode_ci;


DROP TABLE IF EXISTS `ref_extern_instances`;
CREATE TABLE `ref_extern_instances` (
  `id` bigint(20) unsigned NOT NULL AUTO_INCREMENT,
  `name` varchar(255) NOT NULL,
  `email` varchar(255) NOT NULL,
  `pic` varchar(255) NOT NULL,
  `phone` varchar(255) DEFAULT NULL,
  `address` text DEFAULT NULL,
  `created_by` bigint(20) unsigned DEFAULT NULL,
  `updated_by` bigint(20) unsigned DEFAULT NULL,
  `created_at` timestamp NULL DEFAULT NULL,
  `updated_at` timestamp NULL DEFAULT NULL,
  PRIMARY KEY (`id`),
  KEY `ref_extern_instances_created_by_index` (`created_by`),
  KEY `ref_extern_instances_updated_by_index` (`updated_by`),
  CONSTRAINT `ref_extern_instances_created_by_foreign` FOREIGN KEY (`created_by`) REFERENCES `sys_users` (`id`),
  CONSTRAINT `ref_extern_instances_updated_by_foreign` FOREIGN KEY (`updated_by`) REFERENCES `sys_users` (`id`)
) ENGINE=InnoDB DEFAULT CHARSET=utf8mb4 COLLATE=utf8mb4_unicode_ci;

INSERT INTO `ref_extern_instances` (`id`, `name`, `email`, `pic`, `phone`, `address`, `created_by`, `updated_by`, `created_at`, `updated_at`) VALUES
(1,	'BPKP',	'bpkp@email.com',	'Surya Wijaya',	'998866',	'Jl. Surapati No.12, Cihaur Geulis, Kec. Cibeunying Kaler, Kota Bandung, Jawa Barat 40122',	NULL,	NULL,	'2025-08-12 11:22:59',	'2025-08-12 11:22:59'),
(2,	'Kementerian Keuangan',	'keuangan@email.com',	'Ichwan Suhariadi',	'773399',	'Jl. Surapati No.12, Cihaur Geulis, Kec. Cibeunying Kaler, Kota Bandung, Jawa Barat 40122',	NULL,	NULL,	'2025-08-12 11:22:59',	'2025-08-12 11:22:59');

DROP TABLE IF EXISTS `ref_holidays`;
CREATE TABLE `ref_holidays` (
  `id` bigint(20) unsigned NOT NULL AUTO_INCREMENT,
  `name` varchar(255) DEFAULT NULL,
  `year` year(4) DEFAULT NULL,
  `month` date DEFAULT NULL,
  `start_date` date NOT NULL,
  `end_date` date NOT NULL,
  `is_active` varchar(255) NOT NULL DEFAULT '3',
  `created_by` bigint(20) unsigned DEFAULT NULL,
  `updated_by` bigint(20) unsigned DEFAULT NULL,
  `created_at` timestamp NULL DEFAULT NULL,
  `updated_at` timestamp NULL DEFAULT NULL,
  PRIMARY KEY (`id`),
  KEY `ref_holidays_created_by_index` (`created_by`),
  KEY `ref_holidays_updated_by_index` (`updated_by`),
  CONSTRAINT `ref_holidays_created_by_foreign` FOREIGN KEY (`created_by`) REFERENCES `sys_users` (`id`),
  CONSTRAINT `ref_holidays_updated_by_foreign` FOREIGN KEY (`updated_by`) REFERENCES `sys_users` (`id`)
) ENGINE=InnoDB DEFAULT CHARSET=utf8mb4 COLLATE=utf8mb4_unicode_ci;


DROP TABLE IF EXISTS `ref_investigative_evidence`;
CREATE TABLE `ref_investigative_evidence` (
  `id` bigint(20) unsigned NOT NULL AUTO_INCREMENT,
  `name` varchar(255) NOT NULL,
  `description` varchar(255) DEFAULT NULL,
  `created_by` bigint(20) unsigned DEFAULT NULL,
  `updated_by` bigint(20) unsigned DEFAULT NULL,
  `created_at` timestamp NULL DEFAULT NULL,
  `updated_at` timestamp NULL DEFAULT NULL,
  PRIMARY KEY (`id`),
  KEY `ref_investigative_evidence_created_by_index` (`created_by`),
  KEY `ref_investigative_evidence_updated_by_index` (`updated_by`),
  CONSTRAINT `ref_investigative_evidence_created_by_foreign` FOREIGN KEY (`created_by`) REFERENCES `sys_users` (`id`),
  CONSTRAINT `ref_investigative_evidence_updated_by_foreign` FOREIGN KEY (`updated_by`) REFERENCES `sys_users` (`id`)
) ENGINE=InnoDB DEFAULT CHARSET=utf8mb4 COLLATE=utf8mb4_unicode_ci;

INSERT INTO `ref_investigative_evidence` (`id`, `name`, `description`, `created_by`, `updated_by`, `created_at`, `updated_at`) VALUES
(1,	'Surat Keterangan',	NULL,	NULL,	NULL,	'2025-08-12 11:22:59',	'2025-08-12 11:22:59'),
(2,	'Foto Kejadian',	NULL,	NULL,	NULL,	'2025-08-12 11:22:59',	'2025-08-12 11:22:59'),
(3,	'Surat Pernyataan',	NULL,	NULL,	NULL,	'2025-08-12 11:22:59',	'2025-08-12 11:22:59');

DROP TABLE IF EXISTS `ref_investigative_qualifications`;
CREATE TABLE `ref_investigative_qualifications` (
  `id` bigint(20) unsigned NOT NULL AUTO_INCREMENT,
  `name` varchar(255) NOT NULL,
  `description` varchar(255) DEFAULT NULL,
  `created_by` bigint(20) unsigned DEFAULT NULL,
  `updated_by` bigint(20) unsigned DEFAULT NULL,
  `created_at` timestamp NULL DEFAULT NULL,
  `updated_at` timestamp NULL DEFAULT NULL,
  PRIMARY KEY (`id`),
  KEY `ref_investigative_qualifications_created_by_index` (`created_by`),
  KEY `ref_investigative_qualifications_updated_by_index` (`updated_by`),
  CONSTRAINT `ref_investigative_qualifications_created_by_foreign` FOREIGN KEY (`created_by`) REFERENCES `sys_users` (`id`),
  CONSTRAINT `ref_investigative_qualifications_updated_by_foreign` FOREIGN KEY (`updated_by`) REFERENCES `sys_users` (`id`)
) ENGINE=InnoDB DEFAULT CHARSET=utf8mb4 COLLATE=utf8mb4_unicode_ci;

INSERT INTO `ref_investigative_qualifications` (`id`, `name`, `description`, `created_by`, `updated_by`, `created_at`, `updated_at`) VALUES
(1,	'Saksi',	NULL,	NULL,	NULL,	'2025-08-12 11:22:59',	'2025-08-12 11:22:59'),
(2,	'Pelaku',	NULL,	NULL,	NULL,	'2025-08-12 11:22:59',	'2025-08-12 11:22:59'),
(3,	'Pembantu',	NULL,	NULL,	NULL,	'2025-08-12 11:22:59',	'2025-08-12 11:22:59');

DROP TABLE IF EXISTS `ref_jenis_bukti_permulaan`;
CREATE TABLE `ref_jenis_bukti_permulaan` (
  `id` bigint(20) unsigned NOT NULL AUTO_INCREMENT,
  `name` varchar(255) NOT NULL,
  `description` varchar(255) DEFAULT NULL,
  `created_by` bigint(20) unsigned DEFAULT NULL,
  `updated_by` bigint(20) unsigned DEFAULT NULL,
  `created_at` timestamp NULL DEFAULT NULL,
  `updated_at` timestamp NULL DEFAULT NULL,
  PRIMARY KEY (`id`),
  KEY `ref_jenis_bukti_permulaan_created_by_index` (`created_by`),
  KEY `ref_jenis_bukti_permulaan_updated_by_index` (`updated_by`),
  CONSTRAINT `ref_jenis_bukti_permulaan_created_by_foreign` FOREIGN KEY (`created_by`) REFERENCES `sys_users` (`id`),
  CONSTRAINT `ref_jenis_bukti_permulaan_updated_by_foreign` FOREIGN KEY (`updated_by`) REFERENCES `sys_users` (`id`)
) ENGINE=InnoDB DEFAULT CHARSET=utf8mb4 COLLATE=utf8mb4_unicode_ci;


DROP TABLE IF EXISTS `ref_last_audits`;
CREATE TABLE `ref_last_audits` (
  `id` bigint(20) unsigned NOT NULL AUTO_INCREMENT,
  `perusahaan_id` bigint(20) unsigned NOT NULL,
  `lhp_id` bigint(20) unsigned DEFAULT NULL,
  `code` varchar(255) DEFAULT NULL,
  `date` timestamp NULL DEFAULT NULL,
  `year` varchar(4) NOT NULL,
  `type_id` bigint(20) unsigned DEFAULT NULL,
  `object_id` bigint(20) unsigned DEFAULT NULL,
  `created_by` bigint(20) unsigned DEFAULT NULL,
  `updated_by` bigint(20) unsigned DEFAULT NULL,
  `created_at` timestamp NULL DEFAULT NULL,
  `updated_at` timestamp NULL DEFAULT NULL,
  PRIMARY KEY (`id`),
  KEY `ref_last_audits_perusahaan_id_foreign` (`perusahaan_id`),
  KEY `ref_last_audits_lhp_id_foreign` (`lhp_id`),
  KEY `ref_last_audits_type_id_foreign` (`type_id`),
  KEY `ref_last_audits_object_id_foreign` (`object_id`),
  KEY `ref_last_audits_created_by_index` (`created_by`),
  KEY `ref_last_audits_updated_by_index` (`updated_by`),
  CONSTRAINT `ref_last_audits_created_by_foreign` FOREIGN KEY (`created_by`) REFERENCES `sys_users` (`id`),
  CONSTRAINT `ref_last_audits_lhp_id_foreign` FOREIGN KEY (`lhp_id`) REFERENCES `trans_lha` (`id`),
  CONSTRAINT `ref_last_audits_object_id_foreign` FOREIGN KEY (`object_id`) REFERENCES `ref_org_structs` (`id`),
  CONSTRAINT `ref_last_audits_perusahaan_id_foreign` FOREIGN KEY (`perusahaan_id`) REFERENCES `ref_org_structs` (`id`),
  CONSTRAINT `ref_last_audits_type_id_foreign` FOREIGN KEY (`type_id`) REFERENCES `ref_type_audit` (`id`),
  CONSTRAINT `ref_last_audits_updated_by_foreign` FOREIGN KEY (`updated_by`) REFERENCES `sys_users` (`id`)
) ENGINE=InnoDB DEFAULT CHARSET=utf8mb4 COLLATE=utf8mb4_unicode_ci;


DROP TABLE IF EXISTS `ref_letters`;
CREATE TABLE `ref_letters` (
  `id` bigint(20) unsigned NOT NULL AUTO_INCREMENT,
  `type` varchar(255) NOT NULL,
  `format` varchar(255) NOT NULL,
  `created_by` bigint(20) unsigned DEFAULT NULL,
  `updated_by` bigint(20) unsigned DEFAULT NULL,
  `created_at` timestamp NULL DEFAULT NULL,
  `updated_at` timestamp NULL DEFAULT NULL,
  PRIMARY KEY (`id`),
  KEY `ref_letters_created_by_index` (`created_by`),
  KEY `ref_letters_updated_by_index` (`updated_by`),
  CONSTRAINT `ref_letters_created_by_foreign` FOREIGN KEY (`created_by`) REFERENCES `sys_users` (`id`),
  CONSTRAINT `ref_letters_updated_by_foreign` FOREIGN KEY (`updated_by`) REFERENCES `sys_users` (`id`)
) ENGINE=InnoDB DEFAULT CHARSET=utf8mb4 COLLATE=utf8mb4_unicode_ci;

INSERT INTO `ref_letters` (`id`, `type`, `format`, `created_by`, `updated_by`, `created_at`, `updated_at`) VALUES
(1,	'rencana-audit.rkia',	'[PERUSAHAAN]/[MENU]/[NOMOR]/[TAHUN]',	NULL,	NULL,	'2025-08-12 11:22:59',	'2025-08-12 11:22:59'),
(2,	'preparation.assignment',	'[PERUSAHAAN]/[MENU]/[NOMOR]/[TAHUN]',	NULL,	NULL,	'2025-08-12 11:22:59',	'2025-08-12 11:22:59'),
(3,	'preparation.apm',	'[PERUSAHAAN]/[MENU]/[NOMOR]/[TAHUN]',	NULL,	NULL,	'2025-08-12 11:22:59',	'2025-08-12 11:22:59'),
(4,	'preparation.fee',	'[PERUSAHAAN]/[MENU]/[NOMOR]/[TAHUN]',	NULL,	NULL,	'2025-08-12 11:22:59',	'2025-08-12 11:22:59'),
(5,	'conducting.memo-opening',	'[PERUSAHAAN]/[MENU]/[NOMOR]/[TAHUN]',	NULL,	NULL,	'2025-08-12 11:22:59',	'2025-08-12 11:22:59'),
(6,	'conducting.opening',	'[PERUSAHAAN]/[MENU]/[NOMOR]/[TAHUN]',	NULL,	NULL,	'2025-08-12 11:22:59',	'2025-08-12 11:22:59'),
(7,	'conducting.doc-req',	'[PERUSAHAAN]/[MENU]/[NOMOR]/[TAHUN]',	NULL,	NULL,	'2025-08-12 11:22:59',	'2025-08-12 11:22:59'),
(8,	'conducting.sample',	'[PERUSAHAAN]/[MENU]/[NOMOR]/[TAHUN]',	NULL,	NULL,	'2025-08-12 11:22:59',	'2025-08-12 11:22:59'),
(9,	'conducting.memo-closing',	'[PERUSAHAAN]/[MENU]/[NOMOR]/[TAHUN]',	NULL,	NULL,	'2025-08-12 11:22:59',	'2025-08-12 11:22:59'),
(10,	'conducting.closing',	'[PERUSAHAAN]/[MENU]/[NOMOR]/[TAHUN]',	NULL,	NULL,	'2025-08-12 11:22:59',	'2025-08-12 11:22:59'),
(11,	'reporting.memo-lhp',	'[PERUSAHAAN]/[MENU]/[NOMOR]/[TAHUN]',	NULL,	NULL,	'2025-08-12 11:22:59',	'2025-08-12 11:22:59'),
(12,	'reporting.executive-summary',	'[PERUSAHAAN]/[MENU]/[NOMOR]/[TAHUN]',	NULL,	NULL,	'2025-08-12 11:22:59',	'2025-08-12 11:22:59'),
(13,	'reporting.lha',	'[PERUSAHAAN]/[MENU]/[NOMOR]/[TAHUN]',	NULL,	NULL,	'2025-08-12 11:22:59',	'2025-08-12 11:22:59'),
(14,	'reporting.cost-realization',	'[PERUSAHAAN]/[MENU]/[NOMOR]/[TAHUN]',	NULL,	NULL,	'2025-08-12 11:22:59',	'2025-08-12 11:22:59'),
(15,	'followup.memo-tindak-lanjut',	'[PERUSAHAAN]/[MENU]/[NOMOR]/[TAHUN]',	NULL,	NULL,	'2025-08-12 11:22:59',	'2025-08-12 11:22:59'),
(16,	'investigasi.bukti-permulaan',	'[PERUSAHAAN]/[MENU]/[NOMOR]/[TAHUN]',	NULL,	NULL,	'2025-08-12 11:22:59',	'2025-08-12 11:22:59'),
(17,	'investigasi.instruction',	'[PERUSAHAAN]/[MENU]/[NOMOR]/[TAHUN]',	NULL,	NULL,	'2025-08-12 11:22:59',	'2025-08-12 11:22:59'),
(18,	'investigasi.surat-pemanggilan-investigasi',	'[PERUSAHAAN]/[MENU]/[NOMOR]/[TAHUN]',	NULL,	NULL,	'2025-08-12 11:22:59',	'2025-08-12 11:22:59'),
(19,	'followup.minutes',	'[PERUSAHAAN]/[MENU]/[NOMOR]/[TAHUN]',	NULL,	NULL,	'2025-08-12 11:22:59',	'2025-08-12 11:22:59'),
(20,	'extern.extern-reg',	'[PERUSAHAAN]/[MENU]/[NOMOR]/[TAHUN]',	NULL,	NULL,	'2025-08-12 11:22:59',	'2025-08-12 11:22:59'),
(21,	'consultation.work-plan',	'[PERUSAHAAN]/[MENU]/[NOMOR]/[TAHUN]',	NULL,	NULL,	'2025-08-12 11:22:59',	'2025-08-12 11:22:59'),
(22,	'consultation.tanya-jawab',	'[PERUSAHAAN]/[MENU]/[NOMOR]/[TAHUN]',	NULL,	NULL,	'2025-08-12 11:22:59',	'2025-08-12 11:22:59'),
(23,	'meeting.meeting-invit',	'[PERUSAHAAN]/[MENU]/[NOMOR]/[TAHUN]',	NULL,	NULL,	'2025-08-12 11:22:59',	'2025-08-12 11:22:59'),
(24,	'rencana-audit.document-rencana',	'[PERUSAHAAN]/[MENU]/[NOMOR]/[TAHUN]',	NULL,	NULL,	'2025-08-12 11:22:59',	'2025-08-12 11:22:59');

DROP TABLE IF EXISTS `ref_letter_code`;
CREATE TABLE `ref_letter_code` (
  `id` bigint(20) unsigned NOT NULL AUTO_INCREMENT,
  `menu` varchar(64) NOT NULL,
  `code` varchar(8) NOT NULL,
  `created_by` bigint(20) unsigned DEFAULT NULL,
  `updated_by` bigint(20) unsigned DEFAULT NULL,
  `created_at` timestamp NULL DEFAULT NULL,
  `updated_at` timestamp NULL DEFAULT NULL,
  PRIMARY KEY (`id`),
  UNIQUE KEY `ref_letter_code_menu_unique` (`menu`),
  UNIQUE KEY `ref_letter_code_code_unique` (`code`),
  KEY `ref_letter_code_created_by_index` (`created_by`),
  KEY `ref_letter_code_updated_by_index` (`updated_by`),
  CONSTRAINT `ref_letter_code_created_by_foreign` FOREIGN KEY (`created_by`) REFERENCES `sys_users` (`id`),
  CONSTRAINT `ref_letter_code_updated_by_foreign` FOREIGN KEY (`updated_by`) REFERENCES `sys_users` (`id`)
) ENGINE=InnoDB DEFAULT CHARSET=utf8mb4 COLLATE=utf8mb4_unicode_ci;

INSERT INTO `ref_letter_code` (`id`, `menu`, `code`, `created_by`, `updated_by`, `created_at`, `updated_at`) VALUES
(1,	'rencana-audit.rkia',	'RKIA',	NULL,	NULL,	'2025-08-12 11:22:59',	'2025-08-12 11:22:59'),
(2,	'preparation.assignment',	'SPBA',	NULL,	NULL,	'2025-08-12 11:22:59',	'2025-08-12 11:22:59'),
(3,	'preparation.apm',	'RAPM',	NULL,	NULL,	'2025-08-12 11:22:59',	'2025-08-12 11:22:59'),
(4,	'preparation.fee',	'PABP',	NULL,	NULL,	'2025-08-12 11:22:59',	'2025-08-12 11:22:59'),
(5,	'conducting.memo-opening',	'UOMG',	NULL,	NULL,	'2025-08-12 11:22:59',	'2025-08-12 11:22:59'),
(6,	'conducting.opening',	'ROMG',	NULL,	NULL,	'2025-08-12 11:22:59',	'2025-08-12 11:22:59'),
(7,	'conducting.doc-req',	'PDOK',	NULL,	NULL,	'2025-08-12 11:22:59',	'2025-08-12 11:22:59'),
(8,	'conducting.sample',	'KKAU',	NULL,	NULL,	'2025-08-12 11:22:59',	'2025-08-12 11:22:59'),
(9,	'conducting.memo-closing',	'UCMG',	NULL,	NULL,	'2025-08-12 11:22:59',	'2025-08-12 11:22:59'),
(10,	'conducting.closing',	'RCMG',	NULL,	NULL,	'2025-08-12 11:22:59',	'2025-08-12 11:22:59'),
(11,	'reporting.memo-lhp',	'MLHP',	NULL,	NULL,	'2025-08-12 11:22:59',	'2025-08-12 11:22:59'),
(12,	'reporting.executive-summary',	'ESUM',	NULL,	NULL,	'2025-08-12 11:22:59',	'2025-08-12 11:22:59'),
(13,	'reporting.lha',	'NLHP',	NULL,	NULL,	'2025-08-12 11:22:59',	'2025-08-12 11:22:59'),
(14,	'reporting.cost-realization',	'PARB',	NULL,	NULL,	'2025-08-12 11:22:59',	'2025-08-12 11:22:59'),
(15,	'followup.memo-tindak-lanjut',	'MTLA',	NULL,	NULL,	'2025-08-12 11:22:59',	'2025-08-12 11:22:59'),
(16,	'investigasi.bukti-permulaan',	'IBUP',	NULL,	NULL,	'2025-08-12 11:22:59',	'2025-08-12 11:22:59'),
(17,	'investigasi.instruction',	'IINV',	NULL,	NULL,	'2025-08-12 11:22:59',	'2025-08-12 11:22:59'),
(18,	'investigasi.surat-pemanggilan-investigasi',	'ISPI',	NULL,	NULL,	'2025-08-12 11:22:59',	'2025-08-12 11:22:59'),
(19,	'followup.minutes',	'FM',	NULL,	NULL,	'2025-08-12 11:22:59',	'2025-08-12 11:22:59'),
(20,	'extern.extern-reg',	'ER',	NULL,	NULL,	'2025-08-12 11:22:59',	'2025-08-12 11:22:59'),
(21,	'consultation.work-plan',	'KFK',	NULL,	NULL,	'2025-08-12 11:22:59',	'2025-08-12 11:22:59'),
(22,	'consultation.tanya-jawab',	'KTJ',	NULL,	NULL,	'2025-08-12 11:22:59',	'2025-08-12 11:22:59'),
(23,	'meeting.meeting-invit',	'MI',	NULL,	NULL,	'2025-08-12 11:22:59',	'2025-08-12 11:22:59'),
(24,	'rencana-audit.document-rencana',	'DPKA',	NULL,	NULL,	'2025-08-12 11:22:59',	'2025-08-12 11:22:59');

DROP TABLE IF EXISTS `ref_level_dampak`;
CREATE TABLE `ref_level_dampak` (
  `id` bigint(20) unsigned NOT NULL AUTO_INCREMENT,
  `name` varchar(255) DEFAULT NULL,
  `description` text DEFAULT NULL,
  `created_by` bigint(20) unsigned DEFAULT NULL,
  `updated_by` bigint(20) unsigned DEFAULT NULL,
  `created_at` timestamp NULL DEFAULT NULL,
  `updated_at` timestamp NULL DEFAULT NULL,
  PRIMARY KEY (`id`),
  KEY `ref_level_dampak_created_by_index` (`created_by`),
  KEY `ref_level_dampak_updated_by_index` (`updated_by`),
  CONSTRAINT `ref_level_dampak_created_by_foreign` FOREIGN KEY (`created_by`) REFERENCES `sys_users` (`id`),
  CONSTRAINT `ref_level_dampak_updated_by_foreign` FOREIGN KEY (`updated_by`) REFERENCES `sys_users` (`id`)
) ENGINE=InnoDB DEFAULT CHARSET=utf8mb4 COLLATE=utf8mb4_unicode_ci;


DROP TABLE IF EXISTS `ref_level_kemungkinan`;
CREATE TABLE `ref_level_kemungkinan` (
  `id` bigint(20) unsigned NOT NULL AUTO_INCREMENT,
  `name` varchar(255) DEFAULT NULL,
  `description` text DEFAULT NULL,
  `created_by` bigint(20) unsigned DEFAULT NULL,
  `updated_by` bigint(20) unsigned DEFAULT NULL,
  `created_at` timestamp NULL DEFAULT NULL,
  `updated_at` timestamp NULL DEFAULT NULL,
  PRIMARY KEY (`id`),
  KEY `ref_level_kemungkinan_created_by_index` (`created_by`),
  KEY `ref_level_kemungkinan_updated_by_index` (`updated_by`),
  CONSTRAINT `ref_level_kemungkinan_created_by_foreign` FOREIGN KEY (`created_by`) REFERENCES `sys_users` (`id`),
  CONSTRAINT `ref_level_kemungkinan_updated_by_foreign` FOREIGN KEY (`updated_by`) REFERENCES `sys_users` (`id`)
) ENGINE=InnoDB DEFAULT CHARSET=utf8mb4 COLLATE=utf8mb4_unicode_ci;


DROP TABLE IF EXISTS `ref_org_structs`;
CREATE TABLE `ref_org_structs` (
  `id` bigint(20) unsigned NOT NULL AUTO_INCREMENT,
  `perusahaan_id` bigint(20) unsigned DEFAULT NULL,
  `parent_id` bigint(20) unsigned DEFAULT NULL,
  `is_holding` int(11) NOT NULL DEFAULT 0,
  `level` varchar(255) NOT NULL COMMENT 'root, bod, boc, division, branch',
  `type` tinyint(3) unsigned NOT NULL DEFAULT 0 COMMENT '1:presdir, 2:direktur, 3:ia division, 4:it division',
  `code` varchar(255) DEFAULT NULL,
  `name` varchar(255) NOT NULL,
  `phone` varchar(20) DEFAULT NULL,
  `email` varchar(255) DEFAULT NULL,
  `website` varchar(255) DEFAULT NULL,
  `address` text DEFAULT NULL,
  `city_id` bigint(20) unsigned DEFAULT NULL,
  `created_by` bigint(20) unsigned DEFAULT NULL,
  `updated_by` bigint(20) unsigned DEFAULT NULL,
  `created_at` timestamp NULL DEFAULT NULL,
  `updated_at` timestamp NULL DEFAULT NULL,
  PRIMARY KEY (`id`),
  UNIQUE KEY `ref_org_structs_parent_id_code_unique` (`parent_id`,`code`),
  KEY `ref_org_structs_perusahaan_id_foreign` (`perusahaan_id`),
  KEY `ref_org_structs_city_id_foreign` (`city_id`),
  KEY `ref_org_structs_created_by_index` (`created_by`),
  KEY `ref_org_structs_updated_by_index` (`updated_by`),
  CONSTRAINT `ref_org_structs_city_id_foreign` FOREIGN KEY (`city_id`) REFERENCES `ref_city` (`id`),
  CONSTRAINT `ref_org_structs_created_by_foreign` FOREIGN KEY (`created_by`) REFERENCES `sys_users` (`id`),
  CONSTRAINT `ref_org_structs_parent_id_foreign` FOREIGN KEY (`parent_id`) REFERENCES `ref_org_structs` (`id`),
  CONSTRAINT `ref_org_structs_perusahaan_id_foreign` FOREIGN KEY (`perusahaan_id`) REFERENCES `ref_org_structs` (`id`),
  CONSTRAINT `ref_org_structs_updated_by_foreign` FOREIGN KEY (`updated_by`) REFERENCES `sys_users` (`id`)
) ENGINE=InnoDB DEFAULT CHARSET=utf8mb4 COLLATE=utf8mb4_unicode_ci;

INSERT INTO `ref_org_structs` (`id`, `perusahaan_id`, `parent_id`, `is_holding`, `level`, `type`, `code`, `name`, `phone`, `email`, `website`, `address`, `city_id`, `created_by`, `updated_by`, `created_at`, `updated_at`) VALUES
(1,	NULL,	NULL,	1,	'root',	0,	'KSI',	'PT. Krakatau Sarana Infrastruktur',	'(+62) 254-393232',	'marketing@ptksi.id',	'https://ptksi.id/',	'Wisma Krakatau Lt.2 Jl. KH. Yasin Beji No 6 Cilegon, Banten 42435 Indonesia',	271,	NULL,	NULL,	'2025-08-12 11:22:55',	'2025-08-12 11:22:55'),
(2,	NULL,	NULL,	0,	'root',	0,	'KTI',	'PT. Krakatau Tirta Industri',	'128091809821',	'marketing@ptksi.id',	'ptksi.co.id',	'cilegon',	271,	NULL,	NULL,	'2025-08-12 11:22:55',	'2025-08-12 11:22:55'),
(3,	NULL,	NULL,	0,	'root',	0,	'KSP',	'PT. Krakatau Sarana Properti',	'1192380918',	'krakatau@email.com',	'ptksi.co.id',	'cilegon',	271,	NULL,	NULL,	'2025-08-12 11:22:55',	'2025-08-12 11:22:55'),
(4,	NULL,	NULL,	0,	'root',	0,	'KJI',	'PT. Krakatau Jasa Industri',	'8127381237',	'krakatau@email.com',	'ptksi.co.id',	'cilegon',	271,	NULL,	NULL,	'2025-08-12 11:22:55',	'2025-08-12 11:22:55'),
(5,	NULL,	NULL,	0,	'root',	0,	'KIT',	'PT. Krakatau Information Technology',	'182738719823',	'krakatau@email.com',	'ptksi.co.id',	'cilegon',	271,	NULL,	NULL,	'2025-08-12 11:22:55',	'2025-08-12 11:22:55'),
(6,	NULL,	NULL,	0,	'root',	0,	'KBS',	'PT. Krakatau Bandar Samudera',	'1281209380192',	'krakatau@email.com',	'ptksi.co.id',	'cilegon',	271,	NULL,	NULL,	'2025-08-12 11:22:55',	'2025-08-12 11:22:55'),
(7,	4,	4,	0,	'bod',	1,	'42',	'President Director',	'',	'',	'',	'',	NULL,	NULL,	NULL,	'2025-08-12 11:22:55',	'2025-08-12 11:22:55'),
(8,	4,	7,	0,	'bod',	0,	'4243',	'Direktur',	'',	'',	'',	'',	NULL,	NULL,	NULL,	'2025-08-12 11:22:55',	'2025-08-12 11:22:55'),
(9,	2,	2,	0,	'bod',	1,	'22',	'President Director',	'',	'',	'',	'',	NULL,	NULL,	NULL,	'2025-08-12 11:22:55',	'2025-08-12 11:22:55'),
(10,	2,	9,	0,	'bod',	0,	'2223',	'Direktur Produksi',	'',	'',	'',	'',	NULL,	NULL,	NULL,	'2025-08-12 11:22:55',	'2025-08-12 11:22:55'),
(11,	2,	9,	0,	'bod',	0,	'2224',	'Direktur Keuangan & SDM',	'',	'',	'',	'',	NULL,	NULL,	NULL,	'2025-08-12 11:22:55',	'2025-08-12 11:22:55'),
(12,	2,	9,	0,	'bod',	0,	'2225',	'Direktur Pengembangan Usaha & Komersial',	'',	'',	'',	'',	NULL,	NULL,	NULL,	'2025-08-12 11:22:55',	'2025-08-12 11:22:55'),
(13,	1,	1,	0,	'bod',	1,	'12',	'President Director',	'',	'',	'',	'',	NULL,	NULL,	NULL,	'2025-08-12 11:22:55',	'2025-08-12 11:22:55'),
(14,	1,	13,	0,	'bod',	0,	'1213',	'Human Capital & Finance Director',	'',	'',	'',	'',	NULL,	NULL,	NULL,	'2025-08-12 11:22:55',	'2025-08-12 11:22:55'),
(15,	1,	13,	0,	'bod',	0,	'1214',	'Business Development Director',	'(+62) 254-393232',	'',	'',	'Wisma Krakatau Lt.2 Jl. KH. Yasin Beji No 6 Cilegon, Banten 42435 Indonesia',	NULL,	NULL,	NULL,	'2025-08-12 11:22:55',	'2025-08-12 11:22:55'),
(16,	3,	3,	0,	'bod',	0,	'32',	'President Director',	'',	'',	'',	'',	NULL,	NULL,	NULL,	'2025-08-12 11:22:55',	'2025-08-12 11:22:55'),
(17,	3,	16,	0,	'bod',	0,	'3233',	'Operation Director',	'',	'',	'',	'',	NULL,	NULL,	NULL,	'2025-08-12 11:22:55',	'2025-08-12 11:22:55'),
(18,	3,	16,	0,	'bod',	0,	'3234',	'HC & Finance Director',	'',	'',	'',	'',	NULL,	NULL,	NULL,	'2025-08-12 11:22:55',	'2025-08-12 11:22:55'),
(19,	5,	5,	0,	'bod',	1,	'52',	'President Director',	'',	'',	'',	'',	NULL,	NULL,	NULL,	'2025-08-12 11:22:55',	'2025-08-12 11:22:55'),
(20,	5,	19,	0,	'bod',	0,	'5253',	'Director',	'',	'',	'',	'',	NULL,	NULL,	NULL,	'2025-08-12 11:22:55',	'2025-08-12 11:22:55'),
(21,	6,	6,	0,	'bod',	1,	'62',	'President Director',	'',	'',	'',	'',	NULL,	NULL,	NULL,	'2025-08-12 11:22:55',	'2025-08-12 11:22:55'),
(22,	6,	21,	0,	'bod',	0,	'6263',	'Directorat of Finance & Human Capital',	'',	'',	'',	'',	NULL,	NULL,	NULL,	'2025-08-12 11:22:55',	'2025-08-12 11:22:55'),
(23,	6,	21,	0,	'bod',	0,	'6264',	'Directorat of Commecial & Business Development',	'',	'',	'',	'',	NULL,	NULL,	NULL,	'2025-08-12 11:22:55',	'2025-08-12 11:22:55'),
(24,	6,	21,	0,	'bod',	0,	'6265',	'Directorat of Operations',	'',	'',	'',	'',	NULL,	NULL,	NULL,	'2025-08-12 11:22:55',	'2025-08-12 11:22:55'),
(25,	1,	1,	0,	'boc',	0,	'10',	'Dewan Komisaris',	'',	'',	'',	'',	NULL,	NULL,	NULL,	'2025-08-12 11:22:55',	'2025-08-12 11:22:55'),
(26,	1,	1,	0,	'boc',	0,	'11',	'Komite Audit',	'',	'',	'',	'',	NULL,	NULL,	NULL,	'2025-08-12 11:22:55',	'2025-08-12 11:22:55'),
(27,	2,	2,	0,	'boc',	0,	'20',	'Dewan Komisaris',	'',	'',	'',	'',	NULL,	NULL,	NULL,	'2025-08-12 11:22:55',	'2025-08-12 11:22:55'),
(28,	2,	2,	0,	'boc',	0,	'21',	'Komite audit',	'',	'',	'',	'',	NULL,	NULL,	NULL,	'2025-08-12 11:22:55',	'2025-08-12 11:22:55'),
(29,	3,	3,	0,	'boc',	0,	'30',	'Dewan Komisaris',	'',	'',	'',	'',	NULL,	NULL,	NULL,	'2025-08-12 11:22:55',	'2025-08-12 11:22:55'),
(30,	3,	3,	0,	'boc',	0,	'31',	'Komite Audit',	'',	'',	'',	'',	NULL,	NULL,	NULL,	'2025-08-12 11:22:55',	'2025-08-12 11:22:55'),
(31,	4,	4,	0,	'boc',	0,	'40',	'Dewan Komisaris',	'',	'',	'',	'',	NULL,	NULL,	NULL,	'2025-08-12 11:22:55',	'2025-08-12 11:22:55'),
(32,	4,	4,	0,	'boc',	0,	'41',	'Komite Audit',	'',	'',	'',	'',	NULL,	NULL,	NULL,	'2025-08-12 11:22:55',	'2025-08-12 11:22:55'),
(33,	5,	5,	0,	'boc',	0,	'50',	'Dewan Komisaris',	'',	'',	'',	'',	NULL,	NULL,	NULL,	'2025-08-12 11:22:55',	'2025-08-12 11:22:55'),
(34,	5,	5,	0,	'boc',	0,	'51',	'Komite Audit',	'',	'',	'',	'',	NULL,	NULL,	NULL,	'2025-08-12 11:22:55',	'2025-08-12 11:22:55'),
(35,	6,	6,	0,	'boc',	0,	'60',	'Dewan Komisaris',	'',	'',	'',	'',	NULL,	NULL,	NULL,	'2025-08-12 11:22:55',	'2025-08-12 11:22:55'),
(36,	6,	6,	0,	'boc',	0,	'61',	'Komite Audit',	'',	'',	'',	'',	NULL,	NULL,	NULL,	'2025-08-12 11:22:55',	'2025-08-12 11:22:55'),
(37,	1,	13,	0,	'division',	3,	'1201',	'Internal Audit',	'',	'',	'',	'',	NULL,	NULL,	NULL,	'2025-08-12 11:22:55',	'2025-08-12 11:22:55'),
(38,	1,	13,	0,	'division',	0,	'1202',	'Corporate Communication & Comdev',	'(+62) 254-393232',	'',	'',	'Wisma Krakatau Lt.2 Jl. KH. Yasin Beji No 6 Cilegon, Banten 42435 Indonesia',	NULL,	NULL,	NULL,	'2025-08-12 11:22:55',	'2025-08-12 11:22:55'),
(39,	1,	16,	0,	'vice',	0,	'1301',	'Finance & SABM',	'(+62) 254-393232',	'',	'',	'Wisma Krakatau Lt.2 Jl. KH. Yasin Beji No 6 Cilegon, Banten 42435 Indonesia',	NULL,	NULL,	NULL,	'2025-08-12 11:22:55',	'2025-08-12 11:22:55'),
(40,	1,	16,	0,	'division',	0,	'1304',	'Human Capital',	'(+62) 254-393232',	'',	'',	'Wisma Krakatau Lt.2 Jl. KH. Yasin Beji No 6 Cilegon, Banten 42435 Indonesia',	NULL,	NULL,	NULL,	'2025-08-12 11:22:55',	'2025-08-12 11:22:55'),
(41,	4,	7,	0,	'division',	3,	'4201',	'Internal Audit (SPI)',	'',	'',	'',	'',	NULL,	NULL,	NULL,	'2025-08-12 11:22:55',	'2025-08-12 11:22:55'),
(42,	4,	7,	0,	'division',	0,	'4202',	'Corporate Secretary',	'',	'',	'',	'',	NULL,	NULL,	NULL,	'2025-08-12 11:22:55',	'2025-08-12 11:22:55'),
(43,	4,	10,	0,	'division',	0,	'4303',	'Divisi HR & Legal',	'',	'',	'',	'',	NULL,	NULL,	NULL,	'2025-08-12 11:22:55',	'2025-08-12 11:22:55'),
(44,	4,	10,	0,	'division',	0,	'4304',	'Divisi Finance IT',	'',	'',	'',	'',	NULL,	NULL,	NULL,	'2025-08-12 11:22:55',	'2025-08-12 11:22:55'),
(45,	4,	10,	0,	'division',	0,	'4305',	'Divisi Sales #1',	'',	'',	'',	'',	NULL,	NULL,	NULL,	'2025-08-12 11:22:55',	'2025-08-12 11:22:55'),
(46,	4,	10,	0,	'division',	0,	'4306',	'Divisi Sales #2',	'',	'',	'',	'',	NULL,	NULL,	NULL,	'2025-08-12 11:22:55',	'2025-08-12 11:22:55'),
(47,	2,	9,	0,	'division',	3,	'2201',	'Satuan Pengawas Intern',	'',	'',	'',	'',	NULL,	NULL,	NULL,	'2025-08-12 11:22:55',	'2025-08-12 11:22:55'),
(48,	2,	9,	0,	'division',	0,	'2202',	'SI & MK',	'',	'',	'',	'',	NULL,	NULL,	NULL,	'2025-08-12 11:22:55',	'2025-08-12 11:22:55'),
(49,	2,	9,	0,	'division',	0,	'2203',	'Corporate Secretary',	'',	'',	'',	'',	NULL,	NULL,	NULL,	'2025-08-12 11:22:55',	'2025-08-12 11:22:55'),
(50,	2,	12,	0,	'division',	0,	'2304',	'Divisi Produksi',	'',	'',	'',	'',	NULL,	NULL,	NULL,	'2025-08-12 11:22:55',	'2025-08-12 11:22:55'),
(51,	2,	12,	0,	'division',	0,	'2305',	'Divisi Distribusi & Perencanaan Teknik',	'',	'',	'',	'',	NULL,	NULL,	NULL,	'2025-08-12 11:22:55',	'2025-08-12 11:22:55'),
(52,	2,	12,	0,	'division',	0,	'2306',	'Divisi Pusat Perawatan & HSE',	'',	'',	'',	'',	NULL,	NULL,	NULL,	'2025-08-12 11:22:55',	'2025-08-12 11:22:55'),
(53,	2,	13,	0,	'division',	0,	'2407',	'Divisi Keuangan',	'',	'',	'',	'',	NULL,	NULL,	NULL,	'2025-08-12 11:22:55',	'2025-08-12 11:22:55'),
(54,	2,	13,	0,	'division',	0,	'2408',	'Divisi HC & Umum',	'',	'',	'',	'',	NULL,	NULL,	NULL,	'2025-08-12 11:22:55',	'2025-08-12 11:22:55'),
(55,	2,	13,	0,	'division',	0,	'2409',	'Divisi Keamanan',	'',	'',	'',	'',	NULL,	NULL,	NULL,	'2025-08-12 11:22:55',	'2025-08-12 11:22:55'),
(56,	2,	14,	0,	'division',	0,	'2510',	'Divisi Perencanaan Korporat',	'',	'',	'',	'',	NULL,	NULL,	NULL,	'2025-08-12 11:22:55',	'2025-08-12 11:22:55'),
(57,	2,	14,	0,	'division',	0,	'2511',	'Divisi Pengembangan Usaha',	'',	'',	'',	'',	NULL,	NULL,	NULL,	'2025-08-12 11:22:55',	'2025-08-12 11:22:55'),
(58,	2,	14,	0,	'division',	0,	'2512',	'Divisi Komersial',	'',	'',	'',	'',	NULL,	NULL,	NULL,	'2025-08-12 11:22:55',	'2025-08-12 11:22:55'),
(59,	3,	16,	0,	'division',	0,	'3201',	'Corporate Secretary & Legal',	'',	'',	'',	'',	NULL,	NULL,	NULL,	'2025-08-12 11:22:55',	'2025-08-12 11:22:55'),
(60,	3,	16,	0,	'division',	3,	'3202',	'Internal Audit',	'',	'',	'',	'',	NULL,	NULL,	NULL,	'2025-08-12 11:22:55',	'2025-08-12 11:22:55'),
(61,	3,	16,	0,	'division',	0,	'3203',	'KBSM',	'',	'',	'',	'',	NULL,	NULL,	NULL,	'2025-08-12 11:22:55',	'2025-08-12 11:22:55'),
(62,	3,	16,	0,	'division',	0,	'3204',	'Security, Fire & HSE',	'',	'',	'',	'',	NULL,	NULL,	NULL,	'2025-08-12 11:22:55',	'2025-08-12 11:22:55'),
(63,	3,	19,	0,	'division',	0,	'3305',	'Assistant To Operation Director',	'',	'',	'',	'',	NULL,	NULL,	NULL,	'2025-08-12 11:22:55',	'2025-08-12 11:22:55'),
(64,	3,	19,	0,	'division',	0,	'3306',	'Industrial Property General Manager',	'',	'',	'',	'',	NULL,	NULL,	NULL,	'2025-08-12 11:22:55',	'2025-08-12 11:22:55'),
(65,	3,	19,	0,	'division',	0,	'3307',	'Business Development Vice President',	'',	'',	'',	'',	NULL,	NULL,	NULL,	'2025-08-12 11:22:55',	'2025-08-12 11:22:55'),
(66,	3,	19,	0,	'division',	0,	'3308',	'Hotel General Manager',	'',	'',	'',	'',	NULL,	NULL,	NULL,	'2025-08-12 11:22:55',	'2025-08-12 11:22:55'),
(67,	3,	19,	0,	'division',	0,	'3309',	'Golf & Sport Center',	'',	'',	'',	'',	NULL,	NULL,	NULL,	'2025-08-12 11:22:55',	'2025-08-12 11:22:55'),
(68,	3,	19,	0,	'division',	0,	'3310',	'Real Estate',	'',	'',	'',	'',	NULL,	NULL,	NULL,	'2025-08-12 11:22:55',	'2025-08-12 11:22:55'),
(69,	3,	20,	0,	'division',	0,	'3411',	'Finance & Accounting Vice President',	'',	'',	'',	'',	NULL,	NULL,	NULL,	'2025-08-12 11:22:55',	'2025-08-12 11:22:55'),
(70,	3,	20,	0,	'division',	0,	'3412',	'Assistant To HC & Finance Director',	'',	'',	'',	'',	NULL,	NULL,	NULL,	'2025-08-12 11:22:55',	'2025-08-12 11:22:55'),
(71,	3,	20,	0,	'division',	0,	'3413',	'Administration To HC & Finance Director',	'',	'',	'',	'',	NULL,	NULL,	NULL,	'2025-08-12 11:22:55',	'2025-08-12 11:22:55'),
(72,	3,	20,	0,	'division',	0,	'3414',	'Human Capital',	'',	'',	'',	'',	NULL,	NULL,	NULL,	'2025-08-12 11:22:55',	'2025-08-12 11:22:55'),
(73,	3,	20,	0,	'division',	0,	'3415',	'IT & Management System',	'',	'',	'',	'',	NULL,	NULL,	NULL,	'2025-08-12 11:22:55',	'2025-08-12 11:22:55'),
(74,	3,	20,	0,	'division',	0,	'3416',	'Finance Department',	'(+62) 254-393232',	'',	'',	'Wisma Krakatau Lt.2 Jl. KH. Yasin Beji No 6 Cilegon, Banten 42435 Indonesia',	NULL,	NULL,	NULL,	'2025-08-12 11:22:55',	'2025-08-12 11:22:55'),
(75,	5,	19,	0,	'division',	3,	'5201',	'Internal Audit (SPI) & GCG',	'',	'',	'',	'',	NULL,	NULL,	NULL,	'2025-08-12 11:22:55',	'2025-08-12 11:22:55'),
(76,	5,	19,	0,	'division',	0,	'5202',	'Corporate Secretary',	'',	'',	'',	'',	NULL,	NULL,	NULL,	'2025-08-12 11:22:55',	'2025-08-12 11:22:55'),
(77,	5,	22,	0,	'division',	0,	'5303',	'Sales Division',	'',	'',	'',	'',	NULL,	NULL,	NULL,	'2025-08-12 11:22:55',	'2025-08-12 11:22:55'),
(78,	5,	22,	0,	'division',	0,	'5304',	'IT Infrastructure Division',	'',	'',	'',	'',	NULL,	NULL,	NULL,	'2025-08-12 11:22:55',	'2025-08-12 11:22:55'),
(79,	5,	22,	0,	'division',	0,	'5305',	'SAP Division',	'',	'',	'',	'',	NULL,	NULL,	NULL,	'2025-08-12 11:22:55',	'2025-08-12 11:22:55'),
(80,	5,	22,	0,	'division',	0,	'5306',	'Digital Transformation Division',	'',	'',	'',	'',	NULL,	NULL,	NULL,	'2025-08-12 11:22:55',	'2025-08-12 11:22:55'),
(81,	5,	22,	0,	'division',	0,	'5307',	'Finance Division',	'',	'',	'',	'',	NULL,	NULL,	NULL,	'2025-08-12 11:22:55',	'2025-08-12 11:22:55'),
(82,	5,	22,	0,	'division',	0,	'5308',	'Human Capital & System Management Division',	'',	'',	'',	'',	NULL,	NULL,	NULL,	'2025-08-12 11:22:55',	'2025-08-12 11:22:55'),
(83,	5,	22,	0,	'division',	0,	'5309',	'Business Development Unit',	'',	'',	'',	'',	NULL,	NULL,	NULL,	'2025-08-12 11:22:55',	'2025-08-12 11:22:55'),
(84,	6,	21,	0,	'division',	0,	'6201',	'Legal & GCG Department',	'(+62) 254-393232',	'',	'',	'Wisma Krakatau Lt.2 Jl. KH. Yasin Beji No 6 Cilegon, Banten 42435 Indonesia',	NULL,	NULL,	NULL,	'2025-08-12 11:22:55',	'2025-08-12 11:22:55'),
(85,	6,	24,	0,	'division',	0,	'6302',	'Human Capital & GA Department',	'(+62) 254-393232',	'',	'',	'Wisma Krakatau Lt.2 Jl. KH. Yasin Beji No 6 Cilegon, Banten 42435 Indonesia',	NULL,	NULL,	NULL,	'2025-08-12 11:22:55',	'2025-08-12 11:22:55'),
(86,	6,	24,	0,	'division',	0,	'6303',	'Corporate Finance Department',	'(+62) 254-393232',	'',	'',	'Wisma Krakatau Lt.2 Jl. KH. Yasin Beji No 6 Cilegon, Banten 42435 Indonesia',	NULL,	NULL,	NULL,	'2025-08-12 11:22:55',	'2025-08-12 11:22:55'),
(87,	6,	26,	0,	'division',	0,	'6515',	'HSE Department',	'(+62) 254-393232',	'',	'',	'Wisma Krakatau Lt.2 Jl. KH. Yasin Beji No 6 Cilegon, Banten 42435 Indonesia',	NULL,	NULL,	NULL,	'2025-08-12 11:22:55',	'2025-08-12 11:22:55'),
(88,	6,	26,	0,	'division',	0,	'6518',	'Port Operation Department',	'(+62) 254-393232',	'',	'',	'Wisma Krakatau Lt.2 Jl. KH. Yasin Beji No 6 Cilegon, Banten 42435 Indonesia',	NULL,	NULL,	NULL,	'2025-08-12 11:22:55',	'2025-08-12 11:22:55'),
(89,	6,	21,	0,	'division',	0,	'6219',	'Corporate Communication & Stakeholders Relation Department',	'(+62) 254-393232',	'',	'',	'Wisma Krakatau Lt.2 Jl. KH. Yasin Beji No 6 Cilegon, Banten 42435 Indonesia',	NULL,	NULL,	NULL,	'2025-08-12 11:22:55',	'2025-08-12 11:22:55'),
(90,	6,	21,	0,	'division',	3,	'6221',	'Internal Audit',	'(+62) 254-393232',	'',	'',	'Wisma Krakatau Lt.2 Jl. KH. Yasin Beji No 6 Cilegon, Banten 42435 Indonesia',	NULL,	NULL,	NULL,	'2025-08-12 11:22:55',	'2025-08-12 11:22:55'),
(91,	1,	39,	0,	'seksi',	0,	'510101',	'Compliance, Financial & Operation Senior Auditor',	'',	'',	'',	'',	NULL,	NULL,	NULL,	'2025-08-12 11:22:55',	'2025-08-12 11:22:55'),
(92,	1,	39,	0,	'seksi',	0,	'510102',	'Compliance, Financial & Operation Auditor',	'',	'',	'',	'',	NULL,	NULL,	NULL,	'2025-08-12 11:22:55',	'2025-08-12 11:22:55'),
(93,	1,	38,	0,	'seksi',	0,	'120203',	'Corporate Communication & Community',	'',	'',	'',	'',	NULL,	NULL,	NULL,	'2025-08-12 11:22:55',	'2025-08-12 11:22:55'),
(94,	1,	38,	0,	'seksi',	0,	'120204',	'Corporate Communication & Community Development',	'',	'',	'',	'',	NULL,	NULL,	NULL,	'2025-08-12 11:22:55',	'2025-08-12 11:22:55'),
(95,	1,	39,	0,	'seksi',	0,	'130105',	'Legal Senior Office',	'',	'',	'',	'',	NULL,	NULL,	NULL,	'2025-08-12 11:22:55',	'2025-08-12 11:22:55'),
(96,	1,	39,	0,	'seksi',	0,	'130106',	'Legal Office',	'',	'',	'',	'',	NULL,	NULL,	NULL,	'2025-08-12 11:22:55',	'2025-08-12 11:22:55'),
(97,	1,	39,	0,	'seksi',	0,	'130107',	'Risk Management & GCG Senior Officer',	'',	'',	'',	'',	NULL,	NULL,	NULL,	'2025-08-12 11:22:55',	'2025-08-12 11:22:55'),
(98,	1,	39,	0,	'seksi',	0,	'130108',	'Risk Management & GCG Officer',	'',	'',	'',	'',	NULL,	NULL,	NULL,	'2025-08-12 11:22:55',	'2025-08-12 11:22:55'),
(99,	1,	39,	0,	'seksi',	0,	'130109',	'Risk Management & GCG Junior Officer',	'',	'',	'',	'',	NULL,	NULL,	NULL,	'2025-08-12 11:22:55',	'2025-08-12 11:22:55'),
(100,	1,	37,	0,	'seksi',	3,	'120101',	'Perencanaan Audit',	'',	'',	'',	'',	NULL,	NULL,	NULL,	'2025-08-12 11:22:55',	'2025-08-12 11:22:55'),
(101,	3,	80,	0,	'seksi',	0,	'530601',	'Sales & Marketing',	'',	'',	'',	'',	NULL,	NULL,	NULL,	'2025-08-12 11:22:55',	'2025-08-12 11:22:55'),
(102,	3,	80,	0,	'seksi',	0,	'530602',	'Industrial Estate & Housing',	'',	'',	'',	'',	NULL,	NULL,	NULL,	'2025-08-12 11:22:55',	'2025-08-12 11:22:55'),
(103,	3,	80,	0,	'seksi',	0,	'530603',	'Engineering & Business Development',	'',	'',	'',	'',	NULL,	NULL,	NULL,	'2025-08-12 11:22:55',	'2025-08-12 11:22:55'),
(104,	3,	81,	0,	'seksi',	0,	'530704',	'Accounting',	'',	'',	'',	'',	NULL,	NULL,	NULL,	'2025-08-12 11:22:55',	'2025-08-12 11:22:55'),
(105,	5,	79,	0,	'seksi',	0,	'550301',	'Sales Jakarta Group',	'',	'',	'',	'',	NULL,	NULL,	NULL,	'2025-08-12 11:22:55',	'2025-08-12 11:22:55'),
(106,	5,	79,	0,	'seksi',	0,	'550302',	'Sales Cilegon Group',	'',	'',	'',	'',	NULL,	NULL,	NULL,	'2025-08-12 11:22:55',	'2025-08-12 11:22:55'),
(107,	5,	80,	0,	'seksi',	0,	'550403',	'Managed Service Group',	'',	'',	'',	'',	NULL,	NULL,	NULL,	'2025-08-12 11:22:55',	'2025-08-12 11:22:55'),
(108,	5,	80,	0,	'seksi',	0,	'550404',	'Infrastructure & Architech Solution Group',	'',	'',	'',	'',	NULL,	NULL,	NULL,	'2025-08-12 11:22:55',	'2025-08-12 11:22:55'),
(109,	5,	80,	0,	'seksi',	4,	'550405',	'Workshop & Internal IT Group',	'',	'',	'',	'',	NULL,	NULL,	NULL,	'2025-08-12 11:22:55',	'2025-08-12 11:22:55'),
(110,	5,	80,	0,	'seksi',	0,	'550406',	'Data Center Solution Group',	'',	'',	'',	'',	NULL,	NULL,	NULL,	'2025-08-12 11:22:55',	'2025-08-12 11:22:55'),
(111,	5,	81,	0,	'seksi',	0,	'550507',	'Managed Service Group',	'',	'',	'',	'',	NULL,	NULL,	NULL,	'2025-08-12 11:22:55',	'2025-08-12 11:22:55'),
(112,	5,	81,	0,	'seksi',	0,	'550508',	'Project Execution Group',	'',	'',	'',	'',	NULL,	NULL,	NULL,	'2025-08-12 11:22:55',	'2025-08-12 11:22:55'),
(113,	5,	81,	0,	'seksi',	0,	'550509',	'ERP Solution Group',	'',	'',	'',	'',	NULL,	NULL,	NULL,	'2025-08-12 11:22:55',	'2025-08-12 11:22:55'),
(114,	5,	82,	0,	'seksi',	0,	'550610',	'Managed Service Group',	'',	'',	'',	'',	NULL,	NULL,	NULL,	'2025-08-12 11:22:55',	'2025-08-12 11:22:55'),
(115,	5,	82,	0,	'seksi',	0,	'550611',	'Automation Technology Group',	'',	'',	'',	'',	NULL,	NULL,	NULL,	'2025-08-12 11:22:55',	'2025-08-12 11:22:55'),
(116,	5,	82,	0,	'seksi',	0,	'550612',	'Application Solution Group',	'',	'',	'',	'',	NULL,	NULL,	NULL,	'2025-08-12 11:22:55',	'2025-08-12 11:22:55'),
(117,	5,	82,	0,	'seksi',	0,	'550613',	'Research & Development Group',	'',	'',	'',	'',	NULL,	NULL,	NULL,	'2025-08-12 11:22:55',	'2025-08-12 11:22:55'),
(118,	5,	83,	0,	'seksi',	0,	'550714',	'Treasury Group',	'',	'',	'',	'',	NULL,	NULL,	NULL,	'2025-08-12 11:22:55',	'2025-08-12 11:22:55'),
(119,	5,	83,	0,	'seksi',	0,	'550715',	'Accounting & Financial Reporting Group',	'',	'',	'',	'',	NULL,	NULL,	NULL,	'2025-08-12 11:22:55',	'2025-08-12 11:22:55'),
(120,	5,	84,	0,	'seksi',	0,	'550816',	'Human Capital Management Group',	'',	'',	'',	'',	NULL,	NULL,	NULL,	'2025-08-12 11:22:55',	'2025-08-12 11:22:55'),
(121,	5,	84,	0,	'seksi',	0,	'550817',	'Human Development Group',	'',	'',	'',	'',	NULL,	NULL,	NULL,	'2025-08-12 11:22:55',	'2025-08-12 11:22:55'),
(122,	5,	84,	0,	'seksi',	0,	'550818',	'System Management Group',	'',	'',	'',	'',	NULL,	NULL,	NULL,	'2025-08-12 11:22:55',	'2025-08-12 11:22:55'),
(123,	5,	84,	0,	'seksi',	0,	'550819',	'General Affair Group',	'',	'',	'',	'',	NULL,	NULL,	NULL,	'2025-08-12 11:22:55',	'2025-08-12 11:22:55'),
(124,	5,	85,	0,	'seksi',	0,	'550920',	'Marketing Group Group',	'',	'',	'',	'',	NULL,	NULL,	NULL,	'2025-08-12 11:22:55',	'2025-08-12 11:22:55'),
(125,	5,	85,	0,	'seksi',	0,	'550921',	'Business Strategy Group',	'',	'',	'',	'',	NULL,	NULL,	NULL,	'2025-08-12 11:22:55',	'2025-08-12 11:22:55'),
(126,	5,	85,	0,	'seksi',	0,	'550922',	'Information & Call Cen ter Group',	'',	'',	'',	'',	NULL,	NULL,	NULL,	'2025-08-12 11:22:55',	'2025-08-12 11:22:55'),
(127,	1,	13,	0,	'vice',	0,	'1204',	'Corporate Secretary',	'(+62) 254-393232',	'',	'',	'Wisma Krakatau Lt.2 Jl. KH. Yasin Beji No 6 Cilegon, Banten 42435 Indonesia',	NULL,	NULL,	NULL,	'2025-08-12 11:22:55',	'2025-08-12 11:22:55'),
(128,	1,	17,	0,	'division',	0,	'1401',	'Strategic Planning',	'(+62) 254-393232',	'',	'',	'Wisma Krakatau Lt.2 Jl. KH. Yasin Beji No 6 Cilegon, Banten 42435 Indonesia',	NULL,	NULL,	NULL,	'2025-08-12 11:22:55',	'2025-08-12 11:22:55'),
(129,	1,	17,	0,	'division',	0,	'1402',	'Land Administration',	'(+62) 254-393232',	'',	'',	'Wisma Krakatau Lt.2 Jl. KH. Yasin Beji No 6 Cilegon, Banten 42435 Indonesia',	NULL,	NULL,	NULL,	'2025-08-12 11:22:55',	'2025-08-12 11:22:55'),
(130,	3,	19,	0,	'division',	0,	'3315',	'Industrial Estate Department',	'(+62) 254-393232',	'',	'',	'Wisma Krakatau Lt.2 Jl. KH. Yasin Beji No 6 Cilegon, Banten 42435 Indonesia',	NULL,	NULL,	NULL,	'2025-08-12 11:22:55',	'2025-08-12 11:22:55'),
(131,	6,	26,	0,	'division',	0,	'6501',	'Supporting Facility Maintenance Department',	'(+62) 254-393232',	'',	'',	'Wisma Krakatau Lt.2 Jl. KH. Yasin Beji No 6 Cilegon, Banten 42435 Indonesia',	NULL,	NULL,	NULL,	'2025-08-12 11:22:55',	'2025-08-12 11:22:55'),
(132,	6,	25,	0,	'division',	0,	'6402',	'Port Marketing Department',	'(+62) 254-393232',	'',	'',	'Wisma Krakatau Lt.2 Jl. KH. Yasin Beji No 6 Cilegon, Banten 42435 Indonesia',	NULL,	NULL,	NULL,	'2025-08-12 11:22:55',	'2025-08-12 11:22:55'),
(133,	6,	24,	0,	'division',	0,	'6301',	'Accounting & RM Department',	'(+62) 254-393232',	'',	'',	'Wisma Krakatau Lt.2 Jl. KH. Yasin Beji No 6 Cilegon, Banten 42435 Indonesia',	NULL,	NULL,	NULL,	'2025-08-12 11:22:55',	'2025-08-12 11:22:55'),
(134,	6,	25,	0,	'division',	0,	'6401',	'PMO Department',	'(+62) 254-393232',	'',	'',	'Wisma Krakatau Lt.2 Jl. KH. Yasin Beji No 6 Cilegon, Banten 42435 Indonesia',	NULL,	NULL,	NULL,	'2025-08-12 11:22:55',	'2025-08-12 11:22:55'),
(135,	6,	25,	0,	'division',	0,	'6403',	'Marine Marketing Department',	'(+62) 254-393232',	'',	'',	'Wisma Krakatau Lt.2 Jl. KH. Yasin Beji No 6 Cilegon, Banten 42435 Indonesia',	NULL,	NULL,	NULL,	'2025-08-12 11:22:55',	'2025-08-12 11:22:55'),
(136,	1,	16,	0,	'division',	0,	'1303',	'Finance',	'(+62) 254-393232',	'',	'',	'Wisma Krakatau Lt.2 Jl. KH. Yasin Beji No 6 Cilegon, Banten 42435 Indonesia',	NULL,	NULL,	NULL,	'2025-08-12 11:22:55',	'2025-08-12 11:22:55'),
(137,	1,	16,	0,	'division',	0,	'1302',	'Accounting',	'(+62) 254-393232',	'',	'',	'Wisma Krakatau Lt.2 Jl. KH. Yasin Beji No 6 Cilegon, Banten 42435 Indonesia',	NULL,	NULL,	NULL,	'2025-08-12 11:22:55',	'2025-08-12 11:22:55'),
(138,	1,	13,	0,	'division',	0,	'1203',	'Legal & LIcence',	'(+62) 254-393232',	'',	'',	'Wisma Krakatau Lt.2 Jl. KH. Yasin Beji No 6 Cilegon, Banten 42435 Indonesia',	NULL,	NULL,	NULL,	'2025-08-12 11:22:55',	'2025-08-12 11:22:55'),
(139,	1,	13,	0,	'division',	0,	'1205',	'VP Corporate Secretary',	'(+62) 254-393232',	'',	'',	'Wisma Krakatau Lt.2 Jl. KH. Yasin Beji No 6 Cilegon, Banten 42435 Indonesia',	NULL,	NULL,	NULL,	'2025-08-12 11:22:55',	'2025-08-12 11:22:55');

DROP TABLE IF EXISTS `ref_org_structs_groups`;
CREATE TABLE `ref_org_structs_groups` (
  `group_id` bigint(20) unsigned NOT NULL,
  `struct_id` bigint(20) unsigned NOT NULL,
  UNIQUE KEY `ref_org_structs_groups_group_id_struct_id_unique` (`group_id`,`struct_id`),
  KEY `ref_org_structs_groups_struct_id_foreign` (`struct_id`),
  CONSTRAINT `ref_org_structs_groups_group_id_foreign` FOREIGN KEY (`group_id`) REFERENCES `ref_org_structs` (`id`) ON DELETE CASCADE,
  CONSTRAINT `ref_org_structs_groups_struct_id_foreign` FOREIGN KEY (`struct_id`) REFERENCES `ref_org_structs` (`id`)
) ENGINE=InnoDB DEFAULT CHARSET=utf8mb4 COLLATE=utf8mb4_unicode_ci;


DROP TABLE IF EXISTS `ref_pendidikan_user`;
CREATE TABLE `ref_pendidikan_user` (
  `id` bigint(20) unsigned NOT NULL AUTO_INCREMENT,
  `user_id` bigint(20) unsigned NOT NULL,
  `institute` text DEFAULT NULL,
  `thn_lulus` varchar(4) NOT NULL,
  `jenjang_pendidikan` varchar(255) NOT NULL,
  `description` text DEFAULT NULL,
  `created_by` bigint(20) unsigned DEFAULT NULL,
  `updated_by` bigint(20) unsigned DEFAULT NULL,
  `created_at` timestamp NULL DEFAULT NULL,
  `updated_at` timestamp NULL DEFAULT NULL,
  PRIMARY KEY (`id`),
  KEY `ref_pendidikan_user_user_id_foreign` (`user_id`),
  KEY `ref_pendidikan_user_created_by_index` (`created_by`),
  KEY `ref_pendidikan_user_updated_by_index` (`updated_by`),
  CONSTRAINT `ref_pendidikan_user_created_by_foreign` FOREIGN KEY (`created_by`) REFERENCES `sys_users` (`id`),
  CONSTRAINT `ref_pendidikan_user_updated_by_foreign` FOREIGN KEY (`updated_by`) REFERENCES `sys_users` (`id`),
  CONSTRAINT `ref_pendidikan_user_user_id_foreign` FOREIGN KEY (`user_id`) REFERENCES `sys_users` (`id`)
) ENGINE=InnoDB DEFAULT CHARSET=utf8mb4 COLLATE=utf8mb4_unicode_ci;


DROP TABLE IF EXISTS `ref_penilaian_category`;
CREATE TABLE `ref_penilaian_category` (
  `id` bigint(20) unsigned NOT NULL AUTO_INCREMENT,
  `name` varchar(255) NOT NULL,
  `description` text DEFAULT NULL,
  `created_by` bigint(20) unsigned DEFAULT NULL,
  `updated_by` bigint(20) unsigned DEFAULT NULL,
  `created_at` timestamp NULL DEFAULT NULL,
  `updated_at` timestamp NULL DEFAULT NULL,
  PRIMARY KEY (`id`),
  KEY `ref_penilaian_category_created_by_index` (`created_by`),
  KEY `ref_penilaian_category_updated_by_index` (`updated_by`),
  CONSTRAINT `ref_penilaian_category_created_by_foreign` FOREIGN KEY (`created_by`) REFERENCES `sys_users` (`id`),
  CONSTRAINT `ref_penilaian_category_updated_by_foreign` FOREIGN KEY (`updated_by`) REFERENCES `sys_users` (`id`)
) ENGINE=InnoDB DEFAULT CHARSET=utf8mb4 COLLATE=utf8mb4_unicode_ci;

INSERT INTO `ref_penilaian_category` (`id`, `name`, `description`, `created_by`, `updated_by`, `created_at`, `updated_at`) VALUES
(1,	'Teknik Audit',	NULL,	NULL,	NULL,	'2025-08-12 11:22:59',	'2025-08-12 11:22:59'),
(2,	'Atribut auditor',	NULL,	NULL,	NULL,	'2025-08-12 11:22:59',	'2025-08-12 11:22:59');

DROP TABLE IF EXISTS `ref_penilaian_parameter`;
CREATE TABLE `ref_penilaian_parameter` (
  `id` bigint(20) unsigned NOT NULL AUTO_INCREMENT,
  `name` varchar(255) NOT NULL,
  `category_id` bigint(20) unsigned NOT NULL,
  `description` text DEFAULT NULL,
  `created_by` bigint(20) unsigned DEFAULT NULL,
  `updated_by` bigint(20) unsigned DEFAULT NULL,
  `created_at` timestamp NULL DEFAULT NULL,
  `updated_at` timestamp NULL DEFAULT NULL,
  PRIMARY KEY (`id`),
  KEY `ref_penilaian_parameter_category_id_foreign` (`category_id`),
  KEY `ref_penilaian_parameter_created_by_index` (`created_by`),
  KEY `ref_penilaian_parameter_updated_by_index` (`updated_by`),
  CONSTRAINT `ref_penilaian_parameter_category_id_foreign` FOREIGN KEY (`category_id`) REFERENCES `ref_penilaian_category` (`id`),
  CONSTRAINT `ref_penilaian_parameter_created_by_foreign` FOREIGN KEY (`created_by`) REFERENCES `sys_users` (`id`),
  CONSTRAINT `ref_penilaian_parameter_updated_by_foreign` FOREIGN KEY (`updated_by`) REFERENCES `sys_users` (`id`)
) ENGINE=InnoDB DEFAULT CHARSET=utf8mb4 COLLATE=utf8mb4_unicode_ci;

INSERT INTO `ref_penilaian_parameter` (`id`, `name`, `category_id`, `description`, `created_by`, `updated_by`, `created_at`, `updated_at`) VALUES
(1,	'Observasi',	1,	NULL,	NULL,	NULL,	'2025-08-12 11:22:59',	'2025-08-12 11:22:59'),
(2,	'Dokumen review',	1,	NULL,	NULL,	NULL,	'2025-08-12 11:22:59',	'2025-08-12 11:22:59'),
(3,	'Interview / Wawancara',	1,	NULL,	NULL,	NULL,	'2025-08-12 11:22:59',	'2025-08-12 11:22:59'),
(4,	'Efektivitas waktu audit',	1,	NULL,	NULL,	NULL,	'2025-08-12 11:22:59',	'2025-08-12 11:22:59'),
(5,	'Kemampuan mengkonfirmasi kecukupan & ketepatan bukti audit',	1,	NULL,	NULL,	NULL,	'2025-08-12 11:22:59',	'2025-08-12 11:22:59'),
(6,	'kemampuan menganalisa',	1,	NULL,	NULL,	NULL,	'2025-08-12 11:22:59',	'2025-08-12 11:22:59'),
(7,	'Kejelasan menyusun laporan',	1,	NULL,	NULL,	NULL,	'2025-08-12 11:22:59',	'2025-08-12 11:22:59'),
(8,	'Ketepatan waktu menyampaikan laporan',	1,	NULL,	NULL,	NULL,	'2025-08-12 11:22:59',	'2025-08-12 11:22:59'),
(9,	'Ketepatan klausul / kriteria',	1,	NULL,	NULL,	NULL,	'2025-08-12 11:22:59',	'2025-08-12 11:22:59'),
(10,	'Kedalaman audit',	1,	NULL,	NULL,	NULL,	'2025-08-12 11:22:59',	'2025-08-12 11:22:59'),
(11,	'Kemampuan teknik sampling',	1,	NULL,	NULL,	NULL,	'2025-08-12 11:22:59',	'2025-08-12 11:22:59'),
(12,	'Kemampuan menetapkan priorotas & fokus',	1,	NULL,	NULL,	NULL,	'2025-08-12 11:22:59',	'2025-08-12 11:22:59'),
(13,	'Etis, terbuka, diplomat',	2,	NULL,	NULL,	NULL,	'2025-08-12 11:22:59',	'2025-08-12 11:22:59'),
(14,	'Suka memperhatikan, luwes, cakap, tangguh, tegas dan percaya diri',	2,	NULL,	NULL,	NULL,	'2025-08-12 11:22:59',	'2025-08-12 11:22:59'),
(15,	'Tanggapan atau pendapat teman satu tim audit',	2,	NULL,	NULL,	NULL,	'2025-08-12 11:22:59',	'2025-08-12 11:22:59'),
(16,	'Respon dan atau tanggapan auditee',	2,	NULL,	NULL,	NULL,	'2025-08-12 11:22:59',	'2025-08-12 11:22:59'),
(17,	'Kerjasama tim',	2,	NULL,	NULL,	NULL,	'2025-08-12 11:22:59',	'2025-08-12 11:22:59'),
(18,	'Fleksibilitas',	2,	NULL,	NULL,	NULL,	'2025-08-12 11:22:59',	'2025-08-12 11:22:59'),
(19,	'Tanggung jawab',	2,	NULL,	NULL,	NULL,	'2025-08-12 11:22:59',	'2025-08-12 11:22:59'),
(20,	'Motivasi Diri',	2,	NULL,	NULL,	NULL,	'2025-08-12 11:22:59',	'2025-08-12 11:22:59');

DROP TABLE IF EXISTS `ref_positions`;
CREATE TABLE `ref_positions` (
  `id` bigint(20) unsigned NOT NULL AUTO_INCREMENT,
  `location_id` bigint(20) unsigned NOT NULL,
  `name` varchar(255) NOT NULL,
  `code` int(10) unsigned NOT NULL,
  `created_by` bigint(20) unsigned DEFAULT NULL,
  `updated_by` bigint(20) unsigned DEFAULT NULL,
  `created_at` timestamp NULL DEFAULT NULL,
  `updated_at` timestamp NULL DEFAULT NULL,
  PRIMARY KEY (`id`),
  KEY `ref_positions_location_id_foreign` (`location_id`),
  KEY `ref_positions_created_by_index` (`created_by`),
  KEY `ref_positions_updated_by_index` (`updated_by`),
  CONSTRAINT `ref_positions_created_by_foreign` FOREIGN KEY (`created_by`) REFERENCES `sys_users` (`id`),
  CONSTRAINT `ref_positions_location_id_foreign` FOREIGN KEY (`location_id`) REFERENCES `ref_org_structs` (`id`),
  CONSTRAINT `ref_positions_updated_by_foreign` FOREIGN KEY (`updated_by`) REFERENCES `sys_users` (`id`)
) ENGINE=InnoDB DEFAULT CHARSET=utf8mb4 COLLATE=utf8mb4_unicode_ci;

INSERT INTO `ref_positions` (`id`, `location_id`, `name`, `code`, `created_by`, `updated_by`, `created_at`, `updated_at`) VALUES
(1,	90,	'Internal Audit Manager',	1001,	NULL,	NULL,	'2025-08-12 11:22:55',	'2025-08-12 11:22:55'),
(2,	75,	'Chief Internal Audit (SPI) & GCG',	1006,	NULL,	NULL,	'2025-08-12 11:22:55',	'2025-08-12 11:22:55'),
(3,	41,	'Internal Audit Manager',	1008,	NULL,	NULL,	'2025-08-12 11:22:55',	'2025-08-12 11:22:55'),
(4,	37,	'Internal Audit Manager',	1010,	NULL,	NULL,	'2025-08-12 11:22:55',	'2025-08-12 11:22:55'),
(5,	60,	'Internal Audit Manager',	1014,	NULL,	NULL,	'2025-08-12 11:22:55',	'2025-08-12 11:22:55'),
(6,	47,	'Internal Audit Manager',	1021,	NULL,	NULL,	'2025-08-12 11:22:55',	'2025-08-12 11:22:55'),
(7,	90,	'Senior Specialist Operational Auditor',	1002,	NULL,	NULL,	'2025-08-12 11:22:55',	'2025-08-12 11:22:55'),
(8,	90,	'Senior Specialist Commercial Auditor',	1003,	NULL,	NULL,	'2025-08-12 11:22:55',	'2025-08-12 11:22:55'),
(9,	37,	'Compliance, Financial & Operation Senior Auditor',	1011,	NULL,	NULL,	'2025-08-12 11:22:55',	'2025-08-12 11:22:55'),
(10,	60,	'Compliance & QA Senior Auditor',	1015,	NULL,	NULL,	'2025-08-12 11:22:55',	'2025-08-12 11:22:55'),
(11,	60,	'Finance & Operation Senior Auditor',	1018,	NULL,	NULL,	'2025-08-12 11:22:55',	'2025-08-12 11:22:55'),
(12,	60,	'Compliance & QA Junior Auditor',	1016,	NULL,	NULL,	'2025-08-12 11:22:55',	'2025-08-12 11:22:55'),
(13,	60,	'Finance & Operation Junior Auditor',	1019,	NULL,	NULL,	'2025-08-12 11:22:55',	'2025-08-12 11:22:55'),
(14,	90,	'Specialist Operational Auditor',	1004,	NULL,	NULL,	'2025-08-12 11:22:55',	'2025-08-12 11:22:55'),
(15,	90,	'Specialist Commercial Auditor',	1005,	NULL,	NULL,	'2025-08-12 11:22:55',	'2025-08-12 11:22:55'),
(16,	75,	'Internal Audit Officer',	1007,	NULL,	NULL,	'2025-08-12 11:22:55',	'2025-08-12 11:22:55'),
(17,	41,	'Specialist (Supervisor) Auditor',	1009,	NULL,	NULL,	'2025-08-12 11:22:55',	'2025-08-12 11:22:55'),
(18,	37,	'Compliance, Financial & Operation Auditor',	1012,	NULL,	NULL,	'2025-08-12 11:22:55',	'2025-08-12 11:22:55'),
(19,	60,	'Compliance & QA Auditor',	1017,	NULL,	NULL,	'2025-08-12 11:22:55',	'2025-08-12 11:22:55'),
(20,	60,	'Finance & Operation Auditor',	1020,	NULL,	NULL,	'2025-08-12 11:22:55',	'2025-08-12 11:22:55'),
(21,	66,	'Hotel General Mangaer',	1026,	NULL,	NULL,	'2025-08-12 11:22:55',	'2025-08-12 11:22:55'),
(22,	24,	'Maintenance Vice President',	1052,	NULL,	NULL,	'2025-08-12 11:22:55',	'2025-08-12 11:22:55'),
(23,	23,	'Commercial Vice President',	1055,	NULL,	NULL,	'2025-08-12 11:22:55',	'2025-08-12 11:22:55'),
(24,	24,	'Operation Managing Vice President',	1056,	NULL,	NULL,	'2025-08-12 11:22:55',	'2025-08-12 11:22:55'),
(25,	22,	'Finance Vice President',	1057,	NULL,	NULL,	'2025-08-12 11:22:55',	'2025-08-12 11:22:55'),
(26,	13,	'Dirut KSI',	1013,	NULL,	NULL,	'2025-08-12 11:22:55',	'2025-08-12 11:22:55'),
(27,	21,	'President Director',	1028,	NULL,	NULL,	'2025-08-12 11:22:55',	'2025-08-12 11:22:55'),
(28,	7,	'Direktur Utama',	1025,	NULL,	NULL,	'2025-08-12 11:22:55',	'2025-08-12 11:22:55'),
(29,	22,	'Finance & Human Capital Director',	1029,	NULL,	NULL,	'2025-08-12 11:22:55',	'2025-08-12 11:22:55'),
(30,	24,	'Operations Director',	1053,	NULL,	NULL,	'2025-08-12 11:22:55',	'2025-08-12 11:22:55'),
(31,	23,	'Commercial & Business Development Director',	1054,	NULL,	NULL,	'2025-08-12 11:22:55',	'2025-08-12 11:22:55'),
(32,	46,	'Manager Sales #2',	1030,	NULL,	NULL,	'2025-08-12 11:22:55',	'2025-08-12 11:22:55'),
(33,	53,	'Kadiv. Keuangan',	1032,	NULL,	NULL,	'2025-08-12 11:22:55',	'2025-08-12 11:22:55'),
(34,	48,	'Kadiv. SI & MK',	1033,	NULL,	NULL,	'2025-08-12 11:22:55',	'2025-08-12 11:22:55'),
(35,	102,	'Industrial Estate & Housing Manager',	1059,	NULL,	NULL,	'2025-08-12 11:22:55',	'2025-08-12 11:22:55'),
(36,	130,	'Industrial Estate Manager',	1060,	NULL,	NULL,	'2025-08-12 11:22:55',	'2025-08-12 11:22:55'),
(37,	38,	'Corporate Communication & Comdev Manager',	1023,	NULL,	NULL,	'2025-08-12 11:22:55',	'2025-08-12 11:22:55'),
(38,	40,	'Kepala Divisi HCM',	1024,	NULL,	NULL,	'2025-08-12 11:22:55',	'2025-08-12 11:22:55'),
(39,	102,	'Human Capital & GA Manager',	1027,	NULL,	NULL,	'2025-08-12 11:22:55',	'2025-08-12 11:22:55'),
(40,	132,	'Procurement Manager',	1035,	NULL,	NULL,	'2025-08-12 11:22:55',	'2025-08-12 11:22:55'),
(41,	131,	'Port Facility Maintenance Manager',	1036,	NULL,	NULL,	'2025-08-12 11:22:55',	'2025-08-12 11:22:55'),
(42,	133,	'IT & Management System Manager',	1037,	NULL,	NULL,	'2025-08-12 11:22:55',	'2025-08-12 11:22:55'),
(43,	132,	'Port Marketing Manager',	1038,	NULL,	NULL,	'2025-08-12 11:22:55',	'2025-08-12 11:22:55'),
(44,	122,	'Port Operation Manager',	1039,	NULL,	NULL,	'2025-08-12 11:22:55',	'2025-08-12 11:22:55'),
(45,	135,	'Marine Marketing Manager',	1040,	NULL,	NULL,	'2025-08-12 11:22:55',	'2025-08-12 11:22:55'),
(46,	131,	'Marine Operation Manager',	1041,	NULL,	NULL,	'2025-08-12 11:22:55',	'2025-08-12 11:22:55'),
(47,	133,	'Accounting & RM Manager',	1042,	NULL,	NULL,	'2025-08-12 11:22:55',	'2025-08-12 11:22:55'),
(48,	86,	'Corporate Finance Manager',	1043,	NULL,	NULL,	'2025-08-12 11:22:55',	'2025-08-12 11:22:55'),
(49,	119,	'HSE Manager',	1044,	NULL,	NULL,	'2025-08-12 11:22:55',	'2025-08-12 11:22:55'),
(50,	84,	'Legal & GCG Manager',	1045,	NULL,	NULL,	'2025-08-12 11:22:55',	'2025-08-12 11:22:55'),
(51,	134,	'PMO Manager',	1046,	NULL,	NULL,	'2025-08-12 11:22:55',	'2025-08-12 11:22:55'),
(52,	89,	'Corporate Communication & Stakeholders Relation Manager',	1047,	NULL,	NULL,	'2025-08-12 11:22:55',	'2025-08-12 11:22:55'),
(53,	86,	'Security & PFSO Manager',	1048,	NULL,	NULL,	'2025-08-12 11:22:55',	'2025-08-12 11:22:55'),
(54,	135,	'SABM Manager',	1049,	NULL,	NULL,	'2025-08-12 11:22:55',	'2025-08-12 11:22:55'),
(55,	131,	'Supporting Facility Maintenance Manager',	1050,	NULL,	NULL,	'2025-08-12 11:22:55',	'2025-08-12 11:22:55'),
(56,	134,	'Business Development Manager',	1051,	NULL,	NULL,	'2025-08-12 11:22:55',	'2025-08-12 11:22:55'),
(57,	81,	'Finance Manager',	1058,	NULL,	NULL,	'2025-08-12 11:22:55',	'2025-08-12 11:22:55'),
(58,	56,	'Kadiv. Perencanaan Korporat',	1031,	NULL,	NULL,	'2025-08-12 11:22:55',	'2025-08-12 11:22:55'),
(59,	47,	'AM Group Pemeriksa',	1022,	NULL,	NULL,	'2025-08-12 11:22:55',	'2025-08-12 11:22:55'),
(60,	47,	'AP Group Pemeriksa',	1034,	NULL,	NULL,	'2025-08-12 11:22:55',	'2025-08-12 11:22:55');

DROP TABLE IF EXISTS `ref_procedure_audit`;
CREATE TABLE `ref_procedure_audit` (
  `id` bigint(20) unsigned NOT NULL AUTO_INCREMENT,
  `procedure` varchar(255) NOT NULL,
  `description` text DEFAULT NULL,
  `created_by` bigint(20) unsigned DEFAULT NULL,
  `updated_by` bigint(20) unsigned DEFAULT NULL,
  `created_at` timestamp NULL DEFAULT NULL,
  `updated_at` timestamp NULL DEFAULT NULL,
  PRIMARY KEY (`id`),
  KEY `ref_procedure_audit_created_by_index` (`created_by`),
  KEY `ref_procedure_audit_updated_by_index` (`updated_by`),
  CONSTRAINT `ref_procedure_audit_created_by_foreign` FOREIGN KEY (`created_by`) REFERENCES `sys_users` (`id`),
  CONSTRAINT `ref_procedure_audit_updated_by_foreign` FOREIGN KEY (`updated_by`) REFERENCES `sys_users` (`id`)
) ENGINE=InnoDB DEFAULT CHARSET=utf8mb4 COLLATE=utf8mb4_unicode_ci;


DROP TABLE IF EXISTS `ref_province`;
CREATE TABLE `ref_province` (
  `id` bigint(20) unsigned NOT NULL AUTO_INCREMENT,
  `name` varchar(255) NOT NULL,
  `code` varchar(255) DEFAULT NULL,
  `created_by` bigint(20) unsigned DEFAULT NULL,
  `updated_by` bigint(20) unsigned DEFAULT NULL,
  `created_at` timestamp NULL DEFAULT NULL,
  `updated_at` timestamp NULL DEFAULT NULL,
  PRIMARY KEY (`id`),
  UNIQUE KEY `ref_province_name_unique` (`name`),
  UNIQUE KEY `ref_province_code_unique` (`code`),
  KEY `ref_province_created_by_index` (`created_by`),
  KEY `ref_province_updated_by_index` (`updated_by`),
  CONSTRAINT `ref_province_created_by_foreign` FOREIGN KEY (`created_by`) REFERENCES `sys_users` (`id`),
  CONSTRAINT `ref_province_updated_by_foreign` FOREIGN KEY (`updated_by`) REFERENCES `sys_users` (`id`)
) ENGINE=InnoDB DEFAULT CHARSET=utf8mb4 COLLATE=utf8mb4_unicode_ci;

INSERT INTO `ref_province` (`id`, `name`, `code`, `created_by`, `updated_by`, `created_at`, `updated_at`) VALUES
(1,	'ACEH',	'11',	NULL,	NULL,	'2025-08-12 11:22:53',	'2025-08-12 11:22:53'),
(2,	'SUMATERA UTARA',	'12',	NULL,	NULL,	'2025-08-12 11:22:53',	'2025-08-12 11:22:53'),
(3,	'SUMATERA BARAT',	'13',	NULL,	NULL,	'2025-08-12 11:22:53',	'2025-08-12 11:22:53'),
(4,	'RIAU',	'14',	NULL,	NULL,	'2025-08-12 11:22:53',	'2025-08-12 11:22:53'),
(5,	'JAMBI',	'15',	NULL,	NULL,	'2025-08-12 11:22:53',	'2025-08-12 11:22:53'),
(6,	'SUMATERA SELATAN',	'16',	NULL,	NULL,	'2025-08-12 11:22:53',	'2025-08-12 11:22:53'),
(7,	'BENGKULU',	'17',	NULL,	NULL,	'2025-08-12 11:22:53',	'2025-08-12 11:22:53'),
(8,	'LAMPUNG',	'18',	NULL,	NULL,	'2025-08-12 11:22:53',	'2025-08-12 11:22:53'),
(9,	'KEPULAUAN BANGKA BELITUNG',	'19',	NULL,	NULL,	'2025-08-12 11:22:53',	'2025-08-12 11:22:53'),
(10,	'KEPULAUAN RIAU',	'21',	NULL,	NULL,	'2025-08-12 11:22:53',	'2025-08-12 11:22:53'),
(11,	'DKI JAKARTA',	'31',	NULL,	NULL,	'2025-08-12 11:22:53',	'2025-08-12 11:22:53'),
(12,	'JAWA BARAT',	'32',	NULL,	NULL,	'2025-08-12 11:22:53',	'2025-08-12 11:22:53'),
(13,	'JAWA TENGAH',	'33',	NULL,	NULL,	'2025-08-12 11:22:53',	'2025-08-12 11:22:53'),
(14,	'DAERAH ISTIMEWA YOGYAKARTA',	'34',	NULL,	NULL,	'2025-08-12 11:22:53',	'2025-08-12 11:22:53'),
(15,	'JAWA TIMUR',	'35',	NULL,	NULL,	'2025-08-12 11:22:53',	'2025-08-12 11:22:53'),
(16,	'BANTEN',	'36',	NULL,	NULL,	'2025-08-12 11:22:53',	'2025-08-12 11:22:53'),
(17,	'BALI',	'51',	NULL,	NULL,	'2025-08-12 11:22:53',	'2025-08-12 11:22:53'),
(18,	'NUSA TENGGARA BARAT',	'52',	NULL,	NULL,	'2025-08-12 11:22:53',	'2025-08-12 11:22:53'),
(19,	'NUSA TENGGARA TIMUR',	'53',	NULL,	NULL,	'2025-08-12 11:22:53',	'2025-08-12 11:22:53'),
(20,	'KALIMANTAN BARAT',	'61',	NULL,	NULL,	'2025-08-12 11:22:53',	'2025-08-12 11:22:53'),
(21,	'KALIMANTAN TENGAH',	'62',	NULL,	NULL,	'2025-08-12 11:22:53',	'2025-08-12 11:22:53'),
(22,	'KALIMANTAN SELATAN',	'63',	NULL,	NULL,	'2025-08-12 11:22:53',	'2025-08-12 11:22:53'),
(23,	'KALIMANTAN TIMUR',	'64',	NULL,	NULL,	'2025-08-12 11:22:53',	'2025-08-12 11:22:53'),
(24,	'KALIMANTAN UTARA',	'65',	NULL,	NULL,	'2025-08-12 11:22:53',	'2025-08-12 11:22:53'),
(25,	'SULAWESI UTARA',	'71',	NULL,	NULL,	'2025-08-12 11:22:53',	'2025-08-12 11:22:53'),
(26,	'SULAWESI TENGAH',	'72',	NULL,	NULL,	'2025-08-12 11:22:53',	'2025-08-12 11:22:53'),
(27,	'SULAWESI SELATAN',	'73',	NULL,	NULL,	'2025-08-12 11:22:53',	'2025-08-12 11:22:53'),
(28,	'SULAWESI TENGGARA',	'74',	NULL,	NULL,	'2025-08-12 11:22:53',	'2025-08-12 11:22:53'),
(29,	'GORONTALO',	'75',	NULL,	NULL,	'2025-08-12 11:22:53',	'2025-08-12 11:22:53'),
(30,	'SULAWESI BARAT',	'76',	NULL,	NULL,	'2025-08-12 11:22:53',	'2025-08-12 11:22:53'),
(31,	'MALUKU',	'81',	NULL,	NULL,	'2025-08-12 11:22:53',	'2025-08-12 11:22:53'),
(32,	'MALUKU UTARA',	'82',	NULL,	NULL,	'2025-08-12 11:22:53',	'2025-08-12 11:22:53'),
(33,	'PAPUA',	'91',	NULL,	NULL,	'2025-08-12 11:22:53',	'2025-08-12 11:22:53'),
(34,	'PAPUA BARAT',	'92',	NULL,	NULL,	'2025-08-12 11:22:53',	'2025-08-12 11:22:53');

DROP TABLE IF EXISTS `ref_risk_assessments`;
CREATE TABLE `ref_risk_assessments` (
  `id` bigint(20) unsigned NOT NULL AUTO_INCREMENT,
  `year` varchar(4) NOT NULL,
  `type_id` bigint(20) unsigned DEFAULT NULL,
  `object_id` bigint(20) unsigned DEFAULT NULL,
  `key` varchar(255) NOT NULL,
  `created_by` bigint(20) unsigned DEFAULT NULL,
  `updated_by` bigint(20) unsigned DEFAULT NULL,
  `created_at` timestamp NULL DEFAULT NULL,
  `updated_at` timestamp NULL DEFAULT NULL,
  PRIMARY KEY (`id`),
  KEY `ref_risk_assessments_type_id_foreign` (`type_id`),
  KEY `ref_risk_assessments_object_id_foreign` (`object_id`),
  KEY `ref_risk_assessments_created_by_index` (`created_by`),
  KEY `ref_risk_assessments_updated_by_index` (`updated_by`),
  CONSTRAINT `ref_risk_assessments_created_by_foreign` FOREIGN KEY (`created_by`) REFERENCES `sys_users` (`id`),
  CONSTRAINT `ref_risk_assessments_object_id_foreign` FOREIGN KEY (`object_id`) REFERENCES `ref_org_structs` (`id`),
  CONSTRAINT `ref_risk_assessments_type_id_foreign` FOREIGN KEY (`type_id`) REFERENCES `ref_type_audit` (`id`),
  CONSTRAINT `ref_risk_assessments_updated_by_foreign` FOREIGN KEY (`updated_by`) REFERENCES `sys_users` (`id`)
) ENGINE=InnoDB DEFAULT CHARSET=utf8mb4 COLLATE=utf8mb4_unicode_ci;


DROP TABLE IF EXISTS `ref_risk_assessments_details`;
CREATE TABLE `ref_risk_assessments_details` (
  `id` bigint(20) unsigned NOT NULL AUTO_INCREMENT,
  `risk_assessment_id` bigint(20) unsigned NOT NULL,
  `risk_rating_id` bigint(20) unsigned NOT NULL,
  `description` text NOT NULL,
  `source` text NOT NULL,
  `created_by` bigint(20) unsigned DEFAULT NULL,
  `updated_by` bigint(20) unsigned DEFAULT NULL,
  `created_at` timestamp NULL DEFAULT NULL,
  `updated_at` timestamp NULL DEFAULT NULL,
  PRIMARY KEY (`id`),
  KEY `ref_risk_assessments_details_risk_assessment_id_foreign` (`risk_assessment_id`),
  KEY `ref_risk_assessments_details_risk_rating_id_foreign` (`risk_rating_id`),
  KEY `ref_risk_assessments_details_created_by_index` (`created_by`),
  KEY `ref_risk_assessments_details_updated_by_index` (`updated_by`),
  CONSTRAINT `ref_risk_assessments_details_created_by_foreign` FOREIGN KEY (`created_by`) REFERENCES `sys_users` (`id`),
  CONSTRAINT `ref_risk_assessments_details_risk_assessment_id_foreign` FOREIGN KEY (`risk_assessment_id`) REFERENCES `ref_risk_assessments` (`id`) ON DELETE CASCADE,
  CONSTRAINT `ref_risk_assessments_details_risk_rating_id_foreign` FOREIGN KEY (`risk_rating_id`) REFERENCES `ref_risk_ratings` (`id`),
  CONSTRAINT `ref_risk_assessments_details_updated_by_foreign` FOREIGN KEY (`updated_by`) REFERENCES `sys_users` (`id`)
) ENGINE=InnoDB DEFAULT CHARSET=utf8mb4 COLLATE=utf8mb4_unicode_ci;


DROP TABLE IF EXISTS `ref_risk_code`;
CREATE TABLE `ref_risk_code` (
  `id` bigint(20) unsigned NOT NULL AUTO_INCREMENT,
  `name` varchar(255) DEFAULT NULL,
  `description` text DEFAULT NULL,
  `created_by` bigint(20) unsigned DEFAULT NULL,
  `updated_by` bigint(20) unsigned DEFAULT NULL,
  `created_at` timestamp NULL DEFAULT NULL,
  `updated_at` timestamp NULL DEFAULT NULL,
  PRIMARY KEY (`id`),
  KEY `ref_risk_code_created_by_index` (`created_by`),
  KEY `ref_risk_code_updated_by_index` (`updated_by`),
  CONSTRAINT `ref_risk_code_created_by_foreign` FOREIGN KEY (`created_by`) REFERENCES `sys_users` (`id`),
  CONSTRAINT `ref_risk_code_updated_by_foreign` FOREIGN KEY (`updated_by`) REFERENCES `sys_users` (`id`)
) ENGINE=InnoDB DEFAULT CHARSET=utf8mb4 COLLATE=utf8mb4_unicode_ci;


DROP TABLE IF EXISTS `ref_risk_ratings`;
CREATE TABLE `ref_risk_ratings` (
  `id` bigint(20) unsigned NOT NULL AUTO_INCREMENT,
  `name` varchar(255) NOT NULL,
  `description` text DEFAULT NULL,
  `created_by` bigint(20) unsigned DEFAULT NULL,
  `updated_by` bigint(20) unsigned DEFAULT NULL,
  `created_at` timestamp NULL DEFAULT NULL,
  `updated_at` timestamp NULL DEFAULT NULL,
  PRIMARY KEY (`id`),
  KEY `ref_risk_ratings_created_by_index` (`created_by`),
  KEY `ref_risk_ratings_updated_by_index` (`updated_by`),
  CONSTRAINT `ref_risk_ratings_created_by_foreign` FOREIGN KEY (`created_by`) REFERENCES `sys_users` (`id`),
  CONSTRAINT `ref_risk_ratings_updated_by_foreign` FOREIGN KEY (`updated_by`) REFERENCES `sys_users` (`id`)
) ENGINE=InnoDB DEFAULT CHARSET=utf8mb4 COLLATE=utf8mb4_unicode_ci;

INSERT INTO `ref_risk_ratings` (`id`, `name`, `description`, `created_by`, `updated_by`, `created_at`, `updated_at`) VALUES
(1,	'Low',	'1 s/d 4',	NULL,	NULL,	'2025-08-12 11:22:59',	'2025-08-12 11:22:59'),
(2,	'Medium',	'5 s/d 9',	NULL,	NULL,	'2025-08-12 11:22:59',	'2025-08-12 11:22:59'),
(3,	'High',	'10 s/d 25',	NULL,	NULL,	'2025-08-12 11:22:59',	'2025-08-12 11:22:59');

DROP TABLE IF EXISTS `ref_risk_status`;
CREATE TABLE `ref_risk_status` (
  `id` bigint(20) unsigned NOT NULL AUTO_INCREMENT,
  `name` varchar(255) DEFAULT NULL,
  `description` text DEFAULT NULL,
  `created_by` bigint(20) unsigned DEFAULT NULL,
  `updated_by` bigint(20) unsigned DEFAULT NULL,
  `created_at` timestamp NULL DEFAULT NULL,
  `updated_at` timestamp NULL DEFAULT NULL,
  PRIMARY KEY (`id`),
  KEY `ref_risk_status_created_by_index` (`created_by`),
  KEY `ref_risk_status_updated_by_index` (`updated_by`),
  CONSTRAINT `ref_risk_status_created_by_foreign` FOREIGN KEY (`created_by`) REFERENCES `sys_users` (`id`),
  CONSTRAINT `ref_risk_status_updated_by_foreign` FOREIGN KEY (`updated_by`) REFERENCES `sys_users` (`id`)
) ENGINE=InnoDB DEFAULT CHARSET=utf8mb4 COLLATE=utf8mb4_unicode_ci;


DROP TABLE IF EXISTS `ref_risk_type`;
CREATE TABLE `ref_risk_type` (
  `id` bigint(20) unsigned NOT NULL AUTO_INCREMENT,
  `name` varchar(255) DEFAULT NULL,
  `description` text DEFAULT NULL,
  `created_by` bigint(20) unsigned DEFAULT NULL,
  `updated_by` bigint(20) unsigned DEFAULT NULL,
  `created_at` timestamp NULL DEFAULT NULL,
  `updated_at` timestamp NULL DEFAULT NULL,
  PRIMARY KEY (`id`),
  KEY `ref_risk_type_created_by_index` (`created_by`),
  KEY `ref_risk_type_updated_by_index` (`updated_by`),
  CONSTRAINT `ref_risk_type_created_by_foreign` FOREIGN KEY (`created_by`) REFERENCES `sys_users` (`id`),
  CONSTRAINT `ref_risk_type_updated_by_foreign` FOREIGN KEY (`updated_by`) REFERENCES `sys_users` (`id`)
) ENGINE=InnoDB DEFAULT CHARSET=utf8mb4 COLLATE=utf8mb4_unicode_ci;


DROP TABLE IF EXISTS `ref_sertifikasi_user`;
CREATE TABLE `ref_sertifikasi_user` (
  `id` bigint(20) unsigned NOT NULL AUTO_INCREMENT,
  `user_id` bigint(20) unsigned NOT NULL,
  `nama_sertif` text DEFAULT NULL,
  `no_sertif` varchar(255) DEFAULT NULL,
  `tgl_sertif` timestamp NULL DEFAULT NULL,
  `lembaga` varchar(255) DEFAULT NULL,
  `description` text DEFAULT NULL,
  `created_by` bigint(20) unsigned DEFAULT NULL,
  `updated_by` bigint(20) unsigned DEFAULT NULL,
  `created_at` timestamp NULL DEFAULT NULL,
  `updated_at` timestamp NULL DEFAULT NULL,
  PRIMARY KEY (`id`),
  KEY `ref_sertifikasi_user_user_id_foreign` (`user_id`),
  KEY `ref_sertifikasi_user_created_by_index` (`created_by`),
  KEY `ref_sertifikasi_user_updated_by_index` (`updated_by`),
  CONSTRAINT `ref_sertifikasi_user_created_by_foreign` FOREIGN KEY (`created_by`) REFERENCES `sys_users` (`id`),
  CONSTRAINT `ref_sertifikasi_user_updated_by_foreign` FOREIGN KEY (`updated_by`) REFERENCES `sys_users` (`id`),
  CONSTRAINT `ref_sertifikasi_user_user_id_foreign` FOREIGN KEY (`user_id`) REFERENCES `sys_users` (`id`)
) ENGINE=InnoDB DEFAULT CHARSET=utf8mb4 COLLATE=utf8mb4_unicode_ci;


DROP TABLE IF EXISTS `ref_status_temuan`;
CREATE TABLE `ref_status_temuan` (
  `id` bigint(20) unsigned NOT NULL AUTO_INCREMENT,
  `name` varchar(255) NOT NULL,
  `description` varchar(255) DEFAULT NULL,
  `created_at` timestamp NULL DEFAULT NULL,
  `updated_at` timestamp NULL DEFAULT NULL,
  PRIMARY KEY (`id`)
) ENGINE=InnoDB DEFAULT CHARSET=utf8mb4 COLLATE=utf8mb4_unicode_ci;

INSERT INTO `ref_status_temuan` (`id`, `name`, `description`, `created_at`, `updated_at`) VALUES
(1,	'Open',	'',	'2025-08-12 11:22:59',	'2025-08-12 11:22:59'),
(2,	'Overdue',	'',	'2025-08-12 11:22:59',	'2025-08-12 11:22:59'),
(3,	'On Time',	'',	'2025-08-12 11:22:59',	'2025-08-12 11:22:59');

DROP TABLE IF EXISTS `ref_surveys`;
CREATE TABLE `ref_surveys` (
  `id` bigint(20) unsigned NOT NULL AUTO_INCREMENT,
  `version` int(11) NOT NULL,
  `description` longtext DEFAULT NULL,
  `status` varchar(255) NOT NULL DEFAULT 'new' COMMENT 'new|draft|active|nonactive',
  `created_by` bigint(20) unsigned DEFAULT NULL,
  `updated_by` bigint(20) unsigned DEFAULT NULL,
  `created_at` timestamp NULL DEFAULT NULL,
  `updated_at` timestamp NULL DEFAULT NULL,
  PRIMARY KEY (`id`),
  KEY `ref_surveys_created_by_index` (`created_by`),
  KEY `ref_surveys_updated_by_index` (`updated_by`),
  CONSTRAINT `ref_surveys_created_by_foreign` FOREIGN KEY (`created_by`) REFERENCES `sys_users` (`id`),
  CONSTRAINT `ref_surveys_updated_by_foreign` FOREIGN KEY (`updated_by`) REFERENCES `sys_users` (`id`)
) ENGINE=InnoDB DEFAULT CHARSET=utf8mb4 COLLATE=utf8mb4_unicode_ci;

INSERT INTO `ref_surveys` (`id`, `version`, `description`, `status`, `created_by`, `updated_by`, `created_at`, `updated_at`) VALUES
(1,	0,	'lorem ipsum',	'active',	NULL,	NULL,	'2025-08-12 11:22:59',	'2025-08-12 11:22:59');

DROP TABLE IF EXISTS `ref_surveys_statements`;
CREATE TABLE `ref_surveys_statements` (
  `id` bigint(20) unsigned NOT NULL AUTO_INCREMENT,
  `survey_id` bigint(20) unsigned NOT NULL,
  `category_id` bigint(20) unsigned DEFAULT NULL,
  `statement` text NOT NULL,
  `created_by` bigint(20) unsigned DEFAULT NULL,
  `updated_by` bigint(20) unsigned DEFAULT NULL,
  `created_at` timestamp NULL DEFAULT NULL,
  `updated_at` timestamp NULL DEFAULT NULL,
  PRIMARY KEY (`id`),
  KEY `ref_surveys_statements_survey_id_foreign` (`survey_id`),
  KEY `ref_surveys_statements_category_id_foreign` (`category_id`),
  KEY `ref_surveys_statements_created_by_index` (`created_by`),
  KEY `ref_surveys_statements_updated_by_index` (`updated_by`),
  CONSTRAINT `ref_surveys_statements_category_id_foreign` FOREIGN KEY (`category_id`) REFERENCES `ref_survey_categories` (`id`),
  CONSTRAINT `ref_surveys_statements_created_by_foreign` FOREIGN KEY (`created_by`) REFERENCES `sys_users` (`id`),
  CONSTRAINT `ref_surveys_statements_survey_id_foreign` FOREIGN KEY (`survey_id`) REFERENCES `ref_surveys` (`id`) ON DELETE CASCADE,
  CONSTRAINT `ref_surveys_statements_updated_by_foreign` FOREIGN KEY (`updated_by`) REFERENCES `sys_users` (`id`)
) ENGINE=InnoDB DEFAULT CHARSET=utf8mb4 COLLATE=utf8mb4_unicode_ci;

INSERT INTO `ref_surveys_statements` (`id`, `survey_id`, `category_id`, `statement`, `created_by`, `updated_by`, `created_at`, `updated_at`) VALUES
(1,	1,	1,	'Lorem ipsum dolor sit amet, consectetur adipiscing elit',	NULL,	NULL,	'2025-08-12 11:22:59',	'2025-08-12 11:22:59'),
(2,	1,	1,	'Pellentesque non nisi erat. Donec maximus venenatis consectetur',	NULL,	NULL,	'2025-08-12 11:22:59',	'2025-08-12 11:22:59'),
(3,	1,	1,	'Fusce rutrum nisi sit amet vehicula varius. Praesent consequat diam lacinia diam tristique ornare. Fusce vel nisl ipsum',	NULL,	NULL,	'2025-08-12 11:22:59',	'2025-08-12 11:22:59'),
(4,	1,	1,	'Curabitur ac dui ut eros suscipit vulputate. Integer commodo velit in augue vulputate, vitae pharetra nisl posuere',	NULL,	NULL,	'2025-08-12 11:22:59',	'2025-08-12 11:22:59'),
(5,	1,	2,	'Duis feugiat nisi lacus, ut imperdiet felis fringilla at. Etiam dapibus suscipit odio vel rhoncus. Donec et urna eros',	NULL,	NULL,	'2025-08-12 11:22:59',	'2025-08-12 11:22:59'),
(6,	1,	2,	'Nam blandit dictum felis vitae pretium. Phasellus eget eleifend odio.',	NULL,	NULL,	'2025-08-12 11:22:59',	'2025-08-12 11:22:59'),
(7,	1,	2,	'Sed sagittis nunc in purus congue, vel sodales sem ultrices. Mauris eu enim id neque venenatis gravida',	NULL,	NULL,	'2025-08-12 11:22:59',	'2025-08-12 11:22:59'),
(8,	1,	3,	'Curabitur purus urna, interdum id est ac, molestie facilisis nunc',	NULL,	NULL,	'2025-08-12 11:22:59',	'2025-08-12 11:22:59'),
(9,	1,	3,	'Class aptent taciti sociosqu ad litora torquent per conubia nostra, per inceptos himenaeos',	NULL,	NULL,	'2025-08-12 11:22:59',	'2025-08-12 11:22:59'),
(10,	1,	3,	'Donec pretium ex vitae enim commodo, quis tincidunt leo suscipit. Praesent ac auctor enim. Etiam sollicitudin',	NULL,	NULL,	'2025-08-12 11:22:59',	'2025-08-12 11:22:59');

DROP TABLE IF EXISTS `ref_survey_categories`;
CREATE TABLE `ref_survey_categories` (
  `id` bigint(20) unsigned NOT NULL AUTO_INCREMENT,
  `name` varchar(255) NOT NULL,
  `description` longtext DEFAULT NULL,
  `created_by` bigint(20) unsigned DEFAULT NULL,
  `updated_by` bigint(20) unsigned DEFAULT NULL,
  `created_at` timestamp NULL DEFAULT NULL,
  `updated_at` timestamp NULL DEFAULT NULL,
  PRIMARY KEY (`id`),
  KEY `ref_survey_categories_created_by_index` (`created_by`),
  KEY `ref_survey_categories_updated_by_index` (`updated_by`),
  CONSTRAINT `ref_survey_categories_created_by_foreign` FOREIGN KEY (`created_by`) REFERENCES `sys_users` (`id`),
  CONSTRAINT `ref_survey_categories_updated_by_foreign` FOREIGN KEY (`updated_by`) REFERENCES `sys_users` (`id`)
) ENGINE=InnoDB DEFAULT CHARSET=utf8mb4 COLLATE=utf8mb4_unicode_ci;

INSERT INTO `ref_survey_categories` (`id`, `name`, `description`, `created_by`, `updated_by`, `created_at`, `updated_at`) VALUES
(1,	'Kesopanan',	NULL,	NULL,	NULL,	'2025-08-12 11:22:59',	'2025-08-12 11:22:59'),
(2,	'Kerapihan',	NULL,	NULL,	NULL,	'2025-08-12 11:22:59',	'2025-08-12 11:22:59'),
(3,	'Penguasaan Materi',	NULL,	NULL,	NULL,	'2025-08-12 11:22:59',	'2025-08-12 11:22:59');

DROP TABLE IF EXISTS `ref_training_institutes`;
CREATE TABLE `ref_training_institutes` (
  `id` bigint(20) unsigned NOT NULL AUTO_INCREMENT,
  `name` varchar(255) NOT NULL,
  `description` text DEFAULT NULL,
  `created_by` bigint(20) unsigned DEFAULT NULL,
  `updated_by` bigint(20) unsigned DEFAULT NULL,
  `created_at` timestamp NULL DEFAULT NULL,
  `updated_at` timestamp NULL DEFAULT NULL,
  PRIMARY KEY (`id`),
  KEY `ref_training_institutes_created_by_index` (`created_by`),
  KEY `ref_training_institutes_updated_by_index` (`updated_by`),
  CONSTRAINT `ref_training_institutes_created_by_foreign` FOREIGN KEY (`created_by`) REFERENCES `sys_users` (`id`),
  CONSTRAINT `ref_training_institutes_updated_by_foreign` FOREIGN KEY (`updated_by`) REFERENCES `sys_users` (`id`)
) ENGINE=InnoDB DEFAULT CHARSET=utf8mb4 COLLATE=utf8mb4_unicode_ci;

INSERT INTO `ref_training_institutes` (`id`, `name`, `description`, `created_by`, `updated_by`, `created_at`, `updated_at`) VALUES
(1,	'Moonsoon Academy',	NULL,	NULL,	NULL,	'2025-08-12 11:22:59',	'2025-08-12 11:22:59'),
(2,	'Inixindo',	NULL,	NULL,	NULL,	'2025-08-12 11:22:59',	'2025-08-12 11:22:59');

DROP TABLE IF EXISTS `ref_training_types`;
CREATE TABLE `ref_training_types` (
  `id` bigint(20) unsigned NOT NULL AUTO_INCREMENT,
  `name` varchar(255) NOT NULL,
  `description` text DEFAULT NULL,
  `created_by` bigint(20) unsigned DEFAULT NULL,
  `updated_by` bigint(20) unsigned DEFAULT NULL,
  `created_at` timestamp NULL DEFAULT NULL,
  `updated_at` timestamp NULL DEFAULT NULL,
  PRIMARY KEY (`id`),
  KEY `ref_training_types_created_by_index` (`created_by`),
  KEY `ref_training_types_updated_by_index` (`updated_by`),
  CONSTRAINT `ref_training_types_created_by_foreign` FOREIGN KEY (`created_by`) REFERENCES `sys_users` (`id`),
  CONSTRAINT `ref_training_types_updated_by_foreign` FOREIGN KEY (`updated_by`) REFERENCES `sys_users` (`id`)
) ENGINE=InnoDB DEFAULT CHARSET=utf8mb4 COLLATE=utf8mb4_unicode_ci;

INSERT INTO `ref_training_types` (`id`, `name`, `description`, `created_by`, `updated_by`, `created_at`, `updated_at`) VALUES
(1,	'Dasar-dasar Audit',	NULL,	NULL,	NULL,	'2025-08-12 11:22:59',	'2025-08-12 11:22:59'),
(2,	'Komunikasi dan Psikologi Audit',	NULL,	NULL,	NULL,	'2025-08-12 11:22:59',	'2025-08-12 11:22:59'),
(3,	'Audit Operasional',	NULL,	NULL,	NULL,	'2025-08-12 11:22:59',	'2025-08-12 11:22:59'),
(4,	'Audit Kecurangan',	NULL,	NULL,	NULL,	'2025-08-12 11:22:59',	'2025-08-12 11:22:59'),
(5,	'Pengelolaan Tugas Audit',	NULL,	NULL,	NULL,	'2025-08-12 11:22:59',	'2025-08-12 11:22:59'),
(6,	'Program Matrikulasi PIA',	NULL,	NULL,	NULL,	'2025-08-12 11:22:59',	'2025-08-12 11:22:59'),
(7,	'Seminar dan Pengukuhan PIA',	NULL,	NULL,	NULL,	'2025-08-12 11:22:59',	'2025-08-12 11:22:59');

DROP TABLE IF EXISTS `ref_type_audit`;
CREATE TABLE `ref_type_audit` (
  `id` bigint(20) unsigned NOT NULL AUTO_INCREMENT,
  `name` varchar(255) NOT NULL,
  `description` text DEFAULT NULL,
  `created_by` bigint(20) unsigned DEFAULT NULL,
  `updated_by` bigint(20) unsigned DEFAULT NULL,
  `created_at` timestamp NULL DEFAULT NULL,
  `updated_at` timestamp NULL DEFAULT NULL,
  PRIMARY KEY (`id`),
  KEY `ref_type_audit_created_by_index` (`created_by`),
  KEY `ref_type_audit_updated_by_index` (`updated_by`),
  CONSTRAINT `ref_type_audit_created_by_foreign` FOREIGN KEY (`created_by`) REFERENCES `sys_users` (`id`),
  CONSTRAINT `ref_type_audit_updated_by_foreign` FOREIGN KEY (`updated_by`) REFERENCES `sys_users` (`id`)
) ENGINE=InnoDB DEFAULT CHARSET=utf8mb4 COLLATE=utf8mb4_unicode_ci;

INSERT INTO `ref_type_audit` (`id`, `name`, `description`, `created_by`, `updated_by`, `created_at`, `updated_at`) VALUES
(1,	'Audit Operasional',	'',	NULL,	NULL,	'2025-08-12 11:22:59',	'2025-08-12 11:22:59');

DROP TABLE IF EXISTS `ref_urgency`;
CREATE TABLE `ref_urgency` (
  `id` bigint(20) unsigned NOT NULL AUTO_INCREMENT,
  `name` varchar(255) NOT NULL,
  `description` longtext DEFAULT NULL,
  `created_by` bigint(20) unsigned DEFAULT NULL,
  `updated_by` bigint(20) unsigned DEFAULT NULL,
  `created_at` timestamp NULL DEFAULT NULL,
  `updated_at` timestamp NULL DEFAULT NULL,
  PRIMARY KEY (`id`),
  KEY `ref_urgency_created_by_index` (`created_by`),
  KEY `ref_urgency_updated_by_index` (`updated_by`),
  CONSTRAINT `ref_urgency_created_by_foreign` FOREIGN KEY (`created_by`) REFERENCES `sys_users` (`id`),
  CONSTRAINT `ref_urgency_updated_by_foreign` FOREIGN KEY (`updated_by`) REFERENCES `sys_users` (`id`)
) ENGINE=InnoDB DEFAULT CHARSET=utf8mb4 COLLATE=utf8mb4_unicode_ci;

INSERT INTO `ref_urgency` (`id`, `name`, `description`, `created_by`, `updated_by`, `created_at`, `updated_at`) VALUES
(1,	'Biasa',	NULL,	NULL,	NULL,	'2025-08-12 11:22:55',	'2025-08-12 11:22:55'),
(2,	'Segera',	NULL,	NULL,	NULL,	'2025-08-12 11:22:55',	'2025-08-12 11:22:55'),
(3,	'Sangat Segera',	NULL,	NULL,	NULL,	'2025-08-12 11:22:55',	'2025-08-12 11:22:55');

DROP TABLE IF EXISTS `sys_activities`;
CREATE TABLE `sys_activities` (
  `id` bigint(20) unsigned NOT NULL AUTO_INCREMENT,
  `target_type` varchar(255) NOT NULL,
  `target_id` bigint(20) unsigned NOT NULL,
  `module` varchar(255) NOT NULL,
  `message` text NOT NULL,
  `ip` varchar(255) DEFAULT NULL,
  `user_id` bigint(20) unsigned DEFAULT NULL,
  `created_by` bigint(20) unsigned DEFAULT NULL,
  `updated_by` bigint(20) unsigned DEFAULT NULL,
  `created_at` timestamp NULL DEFAULT NULL,
  `updated_at` timestamp NULL DEFAULT NULL,
  PRIMARY KEY (`id`),
  KEY `sys_activities_target_type_target_id_index` (`target_type`,`target_id`),
  KEY `sys_activities_user_id_foreign` (`user_id`),
  KEY `sys_activities_created_by_index` (`created_by`),
  KEY `sys_activities_updated_by_index` (`updated_by`),
  CONSTRAINT `sys_activities_created_by_foreign` FOREIGN KEY (`created_by`) REFERENCES `sys_users` (`id`),
  CONSTRAINT `sys_activities_updated_by_foreign` FOREIGN KEY (`updated_by`) REFERENCES `sys_users` (`id`),
  CONSTRAINT `sys_activities_user_id_foreign` FOREIGN KEY (`user_id`) REFERENCES `sys_users` (`id`) ON DELETE CASCADE
) ENGINE=InnoDB DEFAULT CHARSET=utf8mb4 COLLATE=utf8mb4_unicode_ci;


DROP TABLE IF EXISTS `sys_approvals`;
CREATE TABLE `sys_approvals` (
  `id` bigint(20) unsigned NOT NULL AUTO_INCREMENT,
  `target_type` varchar(255) NOT NULL,
  `target_id` bigint(20) unsigned NOT NULL,
  `module` varchar(255) NOT NULL,
  `role_id` bigint(20) unsigned NOT NULL,
  `type` smallint(6) NOT NULL DEFAULT 1 COMMENT '1:sequence/berurutan, 2:pararel/berbarengan',
  `order` int(11) NOT NULL DEFAULT 1,
  `status` varchar(255) NOT NULL DEFAULT 'new' COMMENT 'new|rejected|approved',
  `user_id` bigint(20) unsigned DEFAULT NULL,
  `position_id` bigint(20) unsigned DEFAULT NULL,
  `note` longtext DEFAULT NULL,
  `approved_at` timestamp NULL DEFAULT NULL,
  `created_by` bigint(20) unsigned DEFAULT NULL,
  `updated_by` bigint(20) unsigned DEFAULT NULL,
  `created_at` timestamp NULL DEFAULT NULL,
  `updated_at` timestamp NULL DEFAULT NULL,
  PRIMARY KEY (`id`),
  KEY `sys_approvals_target_type_target_id_index` (`target_type`,`target_id`),
  KEY `sys_approvals_role_id_foreign` (`role_id`),
  KEY `sys_approvals_user_id_foreign` (`user_id`),
  KEY `sys_approvals_created_by_index` (`created_by`),
  KEY `sys_approvals_updated_by_index` (`updated_by`),
  KEY `sys_approvals_position_id_foreign` (`position_id`),
  CONSTRAINT `sys_approvals_created_by_foreign` FOREIGN KEY (`created_by`) REFERENCES `sys_users` (`id`),
  CONSTRAINT `sys_approvals_position_id_foreign` FOREIGN KEY (`position_id`) REFERENCES `ref_positions` (`id`),
  CONSTRAINT `sys_approvals_role_id_foreign` FOREIGN KEY (`role_id`) REFERENCES `sys_roles` (`id`),
  CONSTRAINT `sys_approvals_updated_by_foreign` FOREIGN KEY (`updated_by`) REFERENCES `sys_users` (`id`),
  CONSTRAINT `sys_approvals_user_id_foreign` FOREIGN KEY (`user_id`) REFERENCES `sys_users` (`id`)
) ENGINE=InnoDB DEFAULT CHARSET=utf8mb4 COLLATE=utf8mb4_unicode_ci;


DROP TABLE IF EXISTS `sys_failed_jobs`;
CREATE TABLE `sys_failed_jobs` (
  `id` bigint(20) unsigned NOT NULL AUTO_INCREMENT,
  `uuid` varchar(255) NOT NULL,
  `connection` text NOT NULL,
  `queue` text NOT NULL,
  `payload` longtext NOT NULL,
  `exception` longtext NOT NULL,
  `failed_at` timestamp NOT NULL DEFAULT current_timestamp(),
  PRIMARY KEY (`id`),
  UNIQUE KEY `sys_failed_jobs_uuid_unique` (`uuid`)
) ENGINE=InnoDB DEFAULT CHARSET=utf8mb4 COLLATE=utf8mb4_unicode_ci;


DROP TABLE IF EXISTS `sys_files`;
CREATE TABLE `sys_files` (
  `id` bigint(20) unsigned NOT NULL AUTO_INCREMENT,
  `target_type` varchar(255) NOT NULL,
  `target_id` bigint(20) unsigned NOT NULL,
  `module` varchar(255) DEFAULT NULL,
  `file_name` varchar(255) NOT NULL,
  `file_path` varchar(255) NOT NULL,
  `file_size` varchar(255) DEFAULT NULL,
  `flag` varchar(255) DEFAULT NULL,
  `created_by` bigint(20) unsigned DEFAULT NULL,
  `updated_by` bigint(20) unsigned DEFAULT NULL,
  `created_at` timestamp NULL DEFAULT NULL,
  `updated_at` timestamp NULL DEFAULT NULL,
  PRIMARY KEY (`id`),
  KEY `sys_files_target_type_target_id_index` (`target_type`,`target_id`),
  KEY `sys_files_created_by_index` (`created_by`),
  KEY `sys_files_updated_by_index` (`updated_by`),
  CONSTRAINT `sys_files_created_by_foreign` FOREIGN KEY (`created_by`) REFERENCES `sys_users` (`id`),
  CONSTRAINT `sys_files_updated_by_foreign` FOREIGN KEY (`updated_by`) REFERENCES `sys_users` (`id`)
) ENGINE=InnoDB DEFAULT CHARSET=utf8mb4 COLLATE=utf8mb4_unicode_ci;


DROP TABLE IF EXISTS `sys_increment`;
CREATE TABLE `sys_increment` (
  `id` bigint(20) unsigned NOT NULL AUTO_INCREMENT,
  `perusahaan_id` bigint(20) unsigned NOT NULL,
  `target_type` varchar(255) NOT NULL,
  `target_id` bigint(20) unsigned NOT NULL,
  `module` varchar(255) NOT NULL,
  `iteration` int(10) unsigned NOT NULL,
  `formated` varchar(255) DEFAULT NULL,
  `year` year(4) DEFAULT NULL,
  `created_by` bigint(20) unsigned DEFAULT NULL,
  `updated_by` bigint(20) unsigned DEFAULT NULL,
  `created_at` timestamp NULL DEFAULT NULL,
  `updated_at` timestamp NULL DEFAULT NULL,
  PRIMARY KEY (`id`),
  KEY `sys_increment_target_type_target_id_index` (`target_type`,`target_id`),
  KEY `sys_increment_perusahaan_id_foreign` (`perusahaan_id`),
  KEY `sys_increment_module_index` (`module`),
  KEY `sys_increment_formated_index` (`formated`),
  KEY `sys_increment_created_by_index` (`created_by`),
  KEY `sys_increment_updated_by_index` (`updated_by`),
  CONSTRAINT `sys_increment_created_by_foreign` FOREIGN KEY (`created_by`) REFERENCES `sys_users` (`id`),
  CONSTRAINT `sys_increment_perusahaan_id_foreign` FOREIGN KEY (`perusahaan_id`) REFERENCES `ref_org_structs` (`id`),
  CONSTRAINT `sys_increment_updated_by_foreign` FOREIGN KEY (`updated_by`) REFERENCES `sys_users` (`id`)
) ENGINE=InnoDB DEFAULT CHARSET=utf8mb4 COLLATE=utf8mb4_unicode_ci;


DROP TABLE IF EXISTS `sys_jobs`;
CREATE TABLE `sys_jobs` (
  `id` bigint(20) unsigned NOT NULL AUTO_INCREMENT,
  `queue` varchar(255) NOT NULL,
  `payload` longtext NOT NULL,
  `attempts` tinyint(3) unsigned NOT NULL,
  `reserved_at` int(10) unsigned DEFAULT NULL,
  `available_at` int(10) unsigned NOT NULL,
  `created_at` int(10) unsigned NOT NULL,
  PRIMARY KEY (`id`),
  KEY `sys_jobs_queue_index` (`queue`)
) ENGINE=InnoDB DEFAULT CHARSET=utf8mb4 COLLATE=utf8mb4_unicode_ci;


DROP TABLE IF EXISTS `sys_menu`;
CREATE TABLE `sys_menu` (
  `id` bigint(20) unsigned NOT NULL AUTO_INCREMENT,
  `parent_id` bigint(20) unsigned DEFAULT NULL,
  `module` varchar(255) NOT NULL,
  `order` int(11) NOT NULL DEFAULT 1,
  `created_by` bigint(20) unsigned DEFAULT NULL,
  `updated_by` bigint(20) unsigned DEFAULT NULL,
  `created_at` timestamp NULL DEFAULT NULL,
  `updated_at` timestamp NULL DEFAULT NULL,
  PRIMARY KEY (`id`),
  UNIQUE KEY `sys_menu_module_unique` (`module`),
  KEY `sys_menu_created_by_index` (`created_by`),
  KEY `sys_menu_updated_by_index` (`updated_by`),
  CONSTRAINT `sys_menu_created_by_foreign` FOREIGN KEY (`created_by`) REFERENCES `sys_users` (`id`),
  CONSTRAINT `sys_menu_updated_by_foreign` FOREIGN KEY (`updated_by`) REFERENCES `sys_users` (`id`)
) ENGINE=InnoDB DEFAULT CHARSET=utf8mb4 COLLATE=utf8mb4_unicode_ci;

INSERT INTO `sys_menu` (`id`, `parent_id`, `module`, `order`, `created_by`, `updated_by`, `created_at`, `updated_at`) VALUES
(1,	NULL,	'risk-assessment.risk-register',	1,	NULL,	NULL,	'2025-08-12 11:22:59',	'2025-08-12 11:22:59'),
(2,	NULL,	'rencana-audit',	2,	NULL,	NULL,	'2025-08-12 11:22:59',	'2025-08-12 11:22:59'),
(3,	2,	'rencana-audit.rkia',	3,	NULL,	NULL,	'2025-08-12 11:22:59',	'2025-08-12 11:22:59'),
(4,	2,	'rencana-audit.rencana-biaya',	4,	NULL,	NULL,	'2025-08-12 11:22:59',	'2025-08-12 11:22:59'),
(5,	2,	'rencana-audit.document-rencana',	5,	NULL,	NULL,	'2025-08-12 11:22:59',	'2025-08-12 11:22:59'),
(6,	NULL,	'preparation',	6,	NULL,	NULL,	'2025-08-12 11:22:59',	'2025-08-12 11:22:59'),
(7,	6,	'preparation.apm',	7,	NULL,	NULL,	'2025-08-12 11:22:59',	'2025-08-12 11:22:59'),
(8,	6,	'preparation.fee',	8,	NULL,	NULL,	'2025-08-12 11:22:59',	'2025-08-12 11:22:59'),
(9,	NULL,	'conducting',	9,	NULL,	NULL,	'2025-08-12 11:22:59',	'2025-08-12 11:22:59'),
(10,	9,	'conducting.memo-opening',	10,	NULL,	NULL,	'2025-08-12 11:22:59',	'2025-08-12 11:22:59'),
(11,	9,	'conducting.memo-closing',	11,	NULL,	NULL,	'2025-08-12 11:22:59',	'2025-08-12 11:22:59'),
(12,	NULL,	'reporting',	12,	NULL,	NULL,	'2025-08-12 11:22:59',	'2025-08-12 11:22:59'),
(13,	12,	'reporting.memo-lhp',	13,	NULL,	NULL,	'2025-08-12 11:22:59',	'2025-08-12 11:22:59'),
(14,	12,	'reporting.executive-summary',	14,	NULL,	NULL,	'2025-08-12 11:22:59',	'2025-08-12 11:22:59'),
(15,	12,	'reporting.lha',	15,	NULL,	NULL,	'2025-08-12 11:22:59',	'2025-08-12 11:22:59'),
(16,	12,	'reporting.cost-realization',	16,	NULL,	NULL,	'2025-08-12 11:22:59',	'2025-08-12 11:22:59'),
(17,	NULL,	'followup',	17,	NULL,	NULL,	'2025-08-12 11:22:59',	'2025-08-12 11:22:59'),
(18,	17,	'followup.minutes',	18,	NULL,	NULL,	'2025-08-12 11:22:59',	'2025-08-12 11:22:59'),
(19,	17,	'followup.ba-pantau',	19,	NULL,	NULL,	'2025-08-12 11:22:59',	'2025-08-12 11:22:59'),
(20,	NULL,	'survey',	20,	NULL,	NULL,	'2025-08-12 11:22:59',	'2025-08-12 11:22:59'),
(21,	20,	'survey.survey-reg',	21,	NULL,	NULL,	'2025-08-12 11:22:59',	'2025-08-12 11:22:59'),
(22,	NULL,	'investigasi',	22,	NULL,	NULL,	'2025-08-12 11:22:59',	'2025-08-12 11:22:59'),
(23,	22,	'investigasi.bukti-permulaan',	23,	NULL,	NULL,	'2025-08-12 11:22:59',	'2025-08-12 11:22:59'),
(24,	22,	'investigasi.instruction',	24,	NULL,	NULL,	'2025-08-12 11:22:59',	'2025-08-12 11:22:59'),
(25,	22,	'investigasi.surat-pemanggilan-investigasi',	25,	NULL,	NULL,	'2025-08-12 11:22:59',	'2025-08-12 11:22:59'),
(26,	22,	'investigasi.pemeriksaan-pelanggaran',	26,	NULL,	NULL,	'2025-08-12 11:22:59',	'2025-08-12 11:22:59'),
(27,	NULL,	'extern',	27,	NULL,	NULL,	'2025-08-12 11:22:59',	'2025-08-12 11:22:59'),
(28,	27,	'extern.extern-reg',	28,	NULL,	NULL,	'2025-08-12 11:22:59',	'2025-08-12 11:22:59'),
(29,	27,	'extern.extern-followup',	29,	NULL,	NULL,	'2025-08-12 11:22:59',	'2025-08-12 11:22:59'),
(30,	NULL,	'consultation',	30,	NULL,	NULL,	'2025-08-12 11:22:59',	'2025-08-12 11:22:59'),
(31,	30,	'consultation.work-plan',	31,	NULL,	NULL,	'2025-08-12 11:22:59',	'2025-08-12 11:22:59'),
(32,	30,	'consultation.realization',	32,	NULL,	NULL,	'2025-08-12 11:22:59',	'2025-08-12 11:22:59'),
(33,	NULL,	'training-auditor',	33,	NULL,	NULL,	'2025-08-12 11:22:59',	'2025-08-12 11:22:59'),
(34,	33,	'training-auditor.planning',	34,	NULL,	NULL,	'2025-08-12 11:22:59',	'2025-08-12 11:22:59'),
(35,	33,	'training-auditor.realization',	35,	NULL,	NULL,	'2025-08-12 11:22:59',	'2025-08-12 11:22:59'),
(36,	NULL,	'penilaian-kinerja',	36,	NULL,	NULL,	'2025-08-12 11:22:59',	'2025-08-12 11:22:59');

DROP TABLE IF EXISTS `sys_menu_flows`;
CREATE TABLE `sys_menu_flows` (
  `id` bigint(20) unsigned NOT NULL AUTO_INCREMENT,
  `menu_id` bigint(20) unsigned NOT NULL,
  `role_id` bigint(20) unsigned NOT NULL,
  `type` smallint(6) NOT NULL DEFAULT 1 COMMENT '1:sequence/berurutan, 2:pararel/berbarengan',
  `order` int(11) NOT NULL DEFAULT 1,
  `created_by` bigint(20) unsigned DEFAULT NULL,
  `updated_by` bigint(20) unsigned DEFAULT NULL,
  `created_at` timestamp NULL DEFAULT NULL,
  `updated_at` timestamp NULL DEFAULT NULL,
  PRIMARY KEY (`id`),
  KEY `sys_menu_flows_menu_id_foreign` (`menu_id`),
  KEY `sys_menu_flows_role_id_foreign` (`role_id`),
  KEY `sys_menu_flows_created_by_index` (`created_by`),
  KEY `sys_menu_flows_updated_by_index` (`updated_by`),
  CONSTRAINT `sys_menu_flows_created_by_foreign` FOREIGN KEY (`created_by`) REFERENCES `sys_users` (`id`),
  CONSTRAINT `sys_menu_flows_menu_id_foreign` FOREIGN KEY (`menu_id`) REFERENCES `sys_menu` (`id`) ON DELETE CASCADE,
  CONSTRAINT `sys_menu_flows_role_id_foreign` FOREIGN KEY (`role_id`) REFERENCES `sys_roles` (`id`) ON DELETE CASCADE,
  CONSTRAINT `sys_menu_flows_updated_by_foreign` FOREIGN KEY (`updated_by`) REFERENCES `sys_users` (`id`)
) ENGINE=InnoDB DEFAULT CHARSET=utf8mb4 COLLATE=utf8mb4_unicode_ci;

INSERT INTO `sys_menu_flows` (`id`, `menu_id`, `role_id`, `type`, `order`, `created_by`, `updated_by`, `created_at`, `updated_at`) VALUES
(1,	1,	5,	1,	1,	NULL,	NULL,	'2025-08-12 11:22:59',	'2025-08-12 11:22:59'),
(2,	3,	5,	1,	1,	NULL,	NULL,	'2025-08-12 11:22:59',	'2025-08-12 11:22:59'),
(3,	4,	5,	1,	1,	NULL,	NULL,	'2025-08-12 11:22:59',	'2025-08-12 11:22:59'),
(4,	5,	5,	1,	1,	NULL,	NULL,	'2025-08-12 11:22:59',	'2025-08-12 11:22:59'),
(5,	7,	5,	1,	1,	NULL,	NULL,	'2025-08-12 11:22:59',	'2025-08-12 11:22:59'),
(6,	8,	5,	1,	1,	NULL,	NULL,	'2025-08-12 11:22:59',	'2025-08-12 11:22:59'),
(7,	10,	5,	1,	1,	NULL,	NULL,	'2025-08-12 11:22:59',	'2025-08-12 11:22:59'),
(8,	11,	5,	1,	1,	NULL,	NULL,	'2025-08-12 11:22:59',	'2025-08-12 11:22:59'),
(9,	13,	5,	1,	1,	NULL,	NULL,	'2025-08-12 11:22:59',	'2025-08-12 11:22:59'),
(10,	14,	5,	1,	1,	NULL,	NULL,	'2025-08-12 11:22:59',	'2025-08-12 11:22:59'),
(11,	15,	5,	1,	1,	NULL,	NULL,	'2025-08-12 11:22:59',	'2025-08-12 11:22:59'),
(12,	16,	5,	1,	1,	NULL,	NULL,	'2025-08-12 11:22:59',	'2025-08-12 11:22:59'),
(13,	18,	5,	1,	1,	NULL,	NULL,	'2025-08-12 11:22:59',	'2025-08-12 11:22:59'),
(14,	19,	5,	1,	1,	NULL,	NULL,	'2025-08-12 11:22:59',	'2025-08-12 11:22:59'),
(15,	21,	5,	1,	1,	NULL,	NULL,	'2025-08-12 11:22:59',	'2025-08-12 11:22:59'),
(16,	23,	5,	1,	1,	NULL,	NULL,	'2025-08-12 11:22:59',	'2025-08-12 11:22:59'),
(17,	24,	5,	1,	1,	NULL,	NULL,	'2025-08-12 11:22:59',	'2025-08-12 11:22:59'),
(18,	25,	5,	1,	1,	NULL,	NULL,	'2025-08-12 11:22:59',	'2025-08-12 11:22:59'),
(19,	26,	5,	1,	1,	NULL,	NULL,	'2025-08-12 11:22:59',	'2025-08-12 11:22:59'),
(20,	28,	5,	1,	1,	NULL,	NULL,	'2025-08-12 11:22:59',	'2025-08-12 11:22:59'),
(21,	29,	5,	1,	1,	NULL,	NULL,	'2025-08-12 11:22:59',	'2025-08-12 11:22:59'),
(22,	31,	5,	1,	1,	NULL,	NULL,	'2025-08-12 11:22:59',	'2025-08-12 11:22:59'),
(23,	32,	5,	1,	1,	NULL,	NULL,	'2025-08-12 11:22:59',	'2025-08-12 11:22:59'),
(24,	34,	5,	1,	1,	NULL,	NULL,	'2025-08-12 11:22:59',	'2025-08-12 11:22:59'),
(25,	35,	5,	1,	1,	NULL,	NULL,	'2025-08-12 11:22:59',	'2025-08-12 11:22:59'),
(26,	36,	5,	1,	1,	NULL,	NULL,	'2025-08-12 11:22:59',	'2025-08-12 11:22:59');

DROP TABLE IF EXISTS `sys_migrations`;
CREATE TABLE `sys_migrations` (
  `id` int(10) unsigned NOT NULL AUTO_INCREMENT,
  `migration` varchar(255) NOT NULL,
  `batch` int(11) NOT NULL,
  PRIMARY KEY (`id`)
) ENGINE=InnoDB DEFAULT CHARSET=utf8mb4 COLLATE=utf8mb4_unicode_ci;

INSERT INTO `sys_migrations` (`id`, `migration`, `batch`) VALUES
(1,	'2014_10_12_000000_create_sys_users_table',	1),
(2,	'2014_10_12_100000_create_sys_password_resets_table',	1),
(3,	'2016_06_01_000001_create_oauth_auth_codes_table',	1),
(4,	'2016_06_01_000002_create_oauth_access_tokens_table',	1),
(5,	'2016_06_01_000003_create_oauth_refresh_tokens_table',	1),
(6,	'2016_06_01_000004_create_oauth_clients_table',	1),
(7,	'2016_06_01_000005_create_oauth_personal_access_clients_table',	1),
(8,	'2019_08_19_000000_create_sys_failed_jobs_table',	1),
(9,	'2019_12_14_000001_create_personal_access_tokens_table',	1),
(10,	'2022_02_08_145201_create_ref_geo',	1),
(11,	'2022_02_14_102957_create_sys_jobs_table',	1),
(12,	'2022_02_14_113847_create_sys_permission_tables',	1),
(13,	'2022_02_14_142015_create_sys_activities_table',	1),
(14,	'2022_02_14_142042_create_sys_notifications_table',	1),
(15,	'2022_02_14_142058_create_sys_files_table',	1),
(16,	'2022_02_14_142068_create_sys_menu_table',	1),
(17,	'2022_02_14_142078_create_sys_approvals_table',	1),
(18,	'2022_02_14_142111_create_ref_org_structs_table',	1),
(19,	'2022_02_20_115924_create_ref_audit',	1),
(20,	'2022_02_22_150634_create_trans_risk_assessment_register',	1),
(21,	'2022_02_24_042619_create_ref_letters_table',	1),
(22,	'2022_02_24_151558_create_trans_rkia_table',	1),
(23,	'2022_03_01_213154_create_trans_assignments_table',	1),
(24,	'2022_03_20_115003_create_trans_documents_table',	1),
(25,	'2022_04_05_171713_create_trans_opening_table',	1),
(26,	'2022_04_05_181713_create_trans_closing_table',	1),
(27,	'2022_04_25_214350_create_trans_fees_table',	1),
(28,	'2022_04_26_274404_create_trans_surveys_regs_table',	1),
(29,	'2022_05_19_101902_create_trans_apm_table',	1),
(30,	'2022_05_30_155320_create_trans_kka_samples_table',	1),
(31,	'2022_06_05_120352_create_trans_followups_table',	1),
(32,	'2022_07_05_171949_create_trans_meetings_table',	1),
(33,	'2022_07_21_140023_create_trans_training_auditors_table',	1),
(34,	'2022_07_22_152352_create_trans_extern_regs_table',	1),
(35,	'2022_10_05_204742_create_trans_investigasi',	1),
(36,	'2023_06_05_190124_create_trans_penilaian_kinerja_table',	1),
(37,	'2023_06_07_113157_create_trans_consultation_work_plan',	1),
(38,	'2023_10_05_005628_create_sys_revisi_table',	1),
(39,	'2024_01_02_173019_create_trans_cost_realizations',	1),
(40,	'2024_01_03_112914_create_trans_lha_table',	1),
(41,	'2024_03_01_110626_create_sys_increment',	1),
(42,	'2024_07_05_220624_create_ref_holidays_table',	1),
(43,	'2024_08_08_231732_create_trans_executive_summary_table',	1),
(44,	'2024_09_10_115023_create_trans_extern_regs_details_structs_table',	1),
(45,	'2024_09_12_005628_create_sys_scheduler_table',	1),
(46,	'2024_09_27_115023_alter_trans_extern_regs_details_structs_table_add_fields',	1),
(47,	'2024_09_30_115023_create_trans_consultation_realization_detail',	1),
(48,	'2024_09_30_125023_alter_trans_consultation_realization_detail_add_name',	1),
(49,	'2025_01_23_131207_alter_change_in_trans_rkia_document_table',	1),
(50,	'2025_01_24_092403_alter_change_in_ref_positions_table',	1),
(51,	'2025_01_25_093209_alter_drop_penyedia_jasa_table',	1),
(52,	'2025_01_25_145109_alter_change_in_trans_documents_details_table',	1),
(53,	'2025_01_30_125200_alter_change_in_trans_consultation_realization_detail_table',	1);

DROP TABLE IF EXISTS `sys_notifications`;
CREATE TABLE `sys_notifications` (
  `id` bigint(20) unsigned NOT NULL AUTO_INCREMENT,
  `target_type` varchar(255) NOT NULL,
  `target_id` bigint(20) unsigned NOT NULL,
  `module` varchar(255) NOT NULL,
  `message` longtext NOT NULL,
  `url` varchar(255) NOT NULL,
  `created_by` bigint(20) unsigned DEFAULT NULL,
  `updated_by` bigint(20) unsigned DEFAULT NULL,
  `created_at` timestamp NULL DEFAULT NULL,
  `updated_at` timestamp NULL DEFAULT NULL,
  PRIMARY KEY (`id`),
  KEY `sys_notifications_target_type_target_id_index` (`target_type`,`target_id`),
  KEY `sys_notifications_created_by_index` (`created_by`),
  KEY `sys_notifications_updated_by_index` (`updated_by`),
  CONSTRAINT `sys_notifications_created_by_foreign` FOREIGN KEY (`created_by`) REFERENCES `sys_users` (`id`),
  CONSTRAINT `sys_notifications_updated_by_foreign` FOREIGN KEY (`updated_by`) REFERENCES `sys_users` (`id`)
) ENGINE=InnoDB DEFAULT CHARSET=utf8mb4 COLLATE=utf8mb4_unicode_ci;


DROP TABLE IF EXISTS `sys_notifications_users`;
CREATE TABLE `sys_notifications_users` (
  `notification_id` bigint(20) unsigned NOT NULL,
  `user_id` bigint(20) unsigned NOT NULL,
  `readed_at` timestamp NULL DEFAULT NULL,
  KEY `sys_notifications_users_notification_id_foreign` (`notification_id`),
  KEY `sys_notifications_users_user_id_foreign` (`user_id`),
  CONSTRAINT `sys_notifications_users_notification_id_foreign` FOREIGN KEY (`notification_id`) REFERENCES `sys_notifications` (`id`) ON DELETE CASCADE,
  CONSTRAINT `sys_notifications_users_user_id_foreign` FOREIGN KEY (`user_id`) REFERENCES `sys_users` (`id`) ON DELETE CASCADE
) ENGINE=InnoDB DEFAULT CHARSET=utf8mb4 COLLATE=utf8mb4_unicode_ci;


DROP TABLE IF EXISTS `sys_password_resets`;
CREATE TABLE `sys_password_resets` (
  `email` varchar(255) NOT NULL,
  `token` varchar(255) NOT NULL,
  `created_at` timestamp NULL DEFAULT NULL,
  KEY `sys_password_resets_email_index` (`email`)
) ENGINE=InnoDB DEFAULT CHARSET=utf8mb4 COLLATE=utf8mb4_unicode_ci;


DROP TABLE IF EXISTS `sys_permissions`;
CREATE TABLE `sys_permissions` (
  `id` bigint(20) unsigned NOT NULL AUTO_INCREMENT,
  `name` varchar(255) NOT NULL,
  `guard_name` varchar(255) NOT NULL,
  `created_by` bigint(20) unsigned DEFAULT NULL,
  `updated_by` bigint(20) unsigned DEFAULT NULL,
  `created_at` timestamp NULL DEFAULT NULL,
  `updated_at` timestamp NULL DEFAULT NULL,
  PRIMARY KEY (`id`),
  UNIQUE KEY `sys_permissions_name_guard_name_unique` (`name`,`guard_name`),
  KEY `sys_permissions_created_by_index` (`created_by`),
  KEY `sys_permissions_updated_by_index` (`updated_by`),
  CONSTRAINT `sys_permissions_created_by_foreign` FOREIGN KEY (`created_by`) REFERENCES `sys_users` (`id`),
  CONSTRAINT `sys_permissions_updated_by_foreign` FOREIGN KEY (`updated_by`) REFERENCES `sys_users` (`id`)
) ENGINE=InnoDB DEFAULT CHARSET=utf8mb4 COLLATE=utf8mb4_unicode_ci;

INSERT INTO `sys_permissions` (`id`, `name`, `guard_name`, `created_by`, `updated_by`, `created_at`, `updated_at`) VALUES
(1,	'dashboard.view',	'web',	NULL,	NULL,	'2025-08-12 11:22:55',	'2025-08-12 11:22:55'),
(2,	'monitoring.view',	'web',	NULL,	NULL,	'2025-08-12 11:22:55',	'2025-08-12 11:22:55'),
(3,	'monitoring-temuan.view',	'web',	NULL,	NULL,	'2025-08-12 11:22:55',	'2025-08-12 11:22:55'),
(4,	'risk-assessment.risk-register.view',	'web',	NULL,	NULL,	'2025-08-12 11:22:55',	'2025-08-12 11:22:55'),
(5,	'risk-assessment.risk-register.create',	'web',	NULL,	NULL,	'2025-08-12 11:22:55',	'2025-08-12 11:22:55'),
(6,	'risk-assessment.risk-register.edit',	'web',	NULL,	NULL,	'2025-08-12 11:22:55',	'2025-08-12 11:22:55'),
(7,	'risk-assessment.risk-register.delete',	'web',	NULL,	NULL,	'2025-08-12 11:22:55',	'2025-08-12 11:22:55'),
(8,	'risk-assessment.risk-register.approve',	'web',	NULL,	NULL,	'2025-08-12 11:22:55',	'2025-08-12 11:22:55'),
(9,	'risk-assessment.inherent-risk.view',	'web',	NULL,	NULL,	'2025-08-12 11:22:55',	'2025-08-12 11:22:55'),
(10,	'risk-assessment.inherent-risk.create',	'web',	NULL,	NULL,	'2025-08-12 11:22:55',	'2025-08-12 11:22:55'),
(11,	'risk-assessment.inherent-risk.edit',	'web',	NULL,	NULL,	'2025-08-12 11:22:55',	'2025-08-12 11:22:55'),
(12,	'risk-assessment.inherent-risk.approve',	'web',	NULL,	NULL,	'2025-08-12 11:22:55',	'2025-08-12 11:22:55'),
(13,	'risk-assessment.current-risk.view',	'web',	NULL,	NULL,	'2025-08-12 11:22:55',	'2025-08-12 11:22:55'),
(14,	'risk-assessment.current-risk.create',	'web',	NULL,	NULL,	'2025-08-12 11:22:55',	'2025-08-12 11:22:55'),
(15,	'risk-assessment.current-risk.edit',	'web',	NULL,	NULL,	'2025-08-12 11:22:55',	'2025-08-12 11:22:55'),
(16,	'risk-assessment.current-risk.approve',	'web',	NULL,	NULL,	'2025-08-12 11:22:55',	'2025-08-12 11:22:55'),
(17,	'risk-assessment.risk-rating.view',	'web',	NULL,	NULL,	'2025-08-12 11:22:55',	'2025-08-12 11:22:55'),
(18,	'risk-assessment.risk-rating.create',	'web',	NULL,	NULL,	'2025-08-12 11:22:55',	'2025-08-12 11:22:55'),
(19,	'risk-assessment.risk-rating.edit',	'web',	NULL,	NULL,	'2025-08-12 11:22:55',	'2025-08-12 11:22:55'),
(20,	'risk-assessment.risk-rating.approve',	'web',	NULL,	NULL,	'2025-08-12 11:22:55',	'2025-08-12 11:22:55'),
(21,	'rencana-audit.rkia.view',	'web',	NULL,	NULL,	'2025-08-12 11:22:55',	'2025-08-12 11:22:55'),
(22,	'rencana-audit.rkia.create',	'web',	NULL,	NULL,	'2025-08-12 11:22:55',	'2025-08-12 11:22:55'),
(23,	'rencana-audit.rkia.edit',	'web',	NULL,	NULL,	'2025-08-12 11:22:55',	'2025-08-12 11:22:55'),
(24,	'rencana-audit.rkia.delete',	'web',	NULL,	NULL,	'2025-08-12 11:22:55',	'2025-08-12 11:22:55'),
(25,	'rencana-audit.rkia.approve',	'web',	NULL,	NULL,	'2025-08-12 11:22:55',	'2025-08-12 11:22:55'),
(26,	'rencana-audit.rencana-biaya.view',	'web',	NULL,	NULL,	'2025-08-12 11:22:55',	'2025-08-12 11:22:55'),
(27,	'rencana-audit.rencana-biaya.create',	'web',	NULL,	NULL,	'2025-08-12 11:22:55',	'2025-08-12 11:22:55'),
(28,	'rencana-audit.rencana-biaya.edit',	'web',	NULL,	NULL,	'2025-08-12 11:22:55',	'2025-08-12 11:22:55'),
(29,	'rencana-audit.rencana-biaya.approve',	'web',	NULL,	NULL,	'2025-08-12 11:22:55',	'2025-08-12 11:22:55'),
(30,	'rencana-audit.document-rencana.view',	'web',	NULL,	NULL,	'2025-08-12 11:22:55',	'2025-08-12 11:22:55'),
(31,	'rencana-audit.document-rencana.create',	'web',	NULL,	NULL,	'2025-08-12 11:22:55',	'2025-08-12 11:22:55'),
(32,	'rencana-audit.document-rencana.edit',	'web',	NULL,	NULL,	'2025-08-12 11:22:55',	'2025-08-12 11:22:55'),
(33,	'rencana-audit.document-rencana.approve',	'web',	NULL,	NULL,	'2025-08-12 11:22:55',	'2025-08-12 11:22:55'),
(34,	'preparation.assignment.view',	'web',	NULL,	NULL,	'2025-08-12 11:22:55',	'2025-08-12 11:22:55'),
(35,	'preparation.assignment.create',	'web',	NULL,	NULL,	'2025-08-12 11:22:55',	'2025-08-12 11:22:55'),
(36,	'preparation.assignment.edit',	'web',	NULL,	NULL,	'2025-08-12 11:22:55',	'2025-08-12 11:22:55'),
(37,	'preparation.assignment.approve',	'web',	NULL,	NULL,	'2025-08-12 11:22:55',	'2025-08-12 11:22:55'),
(38,	'preparation.langkah-kerja.view',	'web',	NULL,	NULL,	'2025-08-12 11:22:55',	'2025-08-12 11:22:55'),
(39,	'preparation.langkah-kerja.create',	'web',	NULL,	NULL,	'2025-08-12 11:22:55',	'2025-08-12 11:22:55'),
(40,	'preparation.langkah-kerja.edit',	'web',	NULL,	NULL,	'2025-08-12 11:22:55',	'2025-08-12 11:22:55'),
(41,	'preparation.langkah-kerja.approve',	'web',	NULL,	NULL,	'2025-08-12 11:22:55',	'2025-08-12 11:22:55'),
(42,	'preparation.apm.view',	'web',	NULL,	NULL,	'2025-08-12 11:22:55',	'2025-08-12 11:22:55'),
(43,	'preparation.apm.create',	'web',	NULL,	NULL,	'2025-08-12 11:22:55',	'2025-08-12 11:22:55'),
(44,	'preparation.apm.edit',	'web',	NULL,	NULL,	'2025-08-12 11:22:55',	'2025-08-12 11:22:55'),
(45,	'preparation.apm.approve',	'web',	NULL,	NULL,	'2025-08-12 11:22:55',	'2025-08-12 11:22:55'),
(46,	'preparation.fee.view',	'web',	NULL,	NULL,	'2025-08-12 11:22:55',	'2025-08-12 11:22:55'),
(47,	'preparation.fee.create',	'web',	NULL,	NULL,	'2025-08-12 11:22:55',	'2025-08-12 11:22:55'),
(48,	'preparation.fee.edit',	'web',	NULL,	NULL,	'2025-08-12 11:22:55',	'2025-08-12 11:22:55'),
(49,	'preparation.fee.approve',	'web',	NULL,	NULL,	'2025-08-12 11:22:55',	'2025-08-12 11:22:55'),
(50,	'preparation.program.view',	'web',	NULL,	NULL,	'2025-08-12 11:22:55',	'2025-08-12 11:22:55'),
(51,	'preparation.program.create',	'web',	NULL,	NULL,	'2025-08-12 11:22:55',	'2025-08-12 11:22:55'),
(52,	'preparation.program.edit',	'web',	NULL,	NULL,	'2025-08-12 11:22:55',	'2025-08-12 11:22:55'),
(53,	'preparation.program.approve',	'web',	NULL,	NULL,	'2025-08-12 11:22:55',	'2025-08-12 11:22:55'),
(54,	'conducting.memo-opening.view',	'web',	NULL,	NULL,	'2025-08-12 11:22:55',	'2025-08-12 11:22:55'),
(55,	'conducting.memo-opening.create',	'web',	NULL,	NULL,	'2025-08-12 11:22:55',	'2025-08-12 11:22:55'),
(56,	'conducting.memo-opening.edit',	'web',	NULL,	NULL,	'2025-08-12 11:22:55',	'2025-08-12 11:22:55'),
(57,	'conducting.memo-opening.approve',	'web',	NULL,	NULL,	'2025-08-12 11:22:55',	'2025-08-12 11:22:55'),
(58,	'conducting.opening.view',	'web',	NULL,	NULL,	'2025-08-12 11:22:55',	'2025-08-12 11:22:55'),
(59,	'conducting.opening.create',	'web',	NULL,	NULL,	'2025-08-12 11:22:55',	'2025-08-12 11:22:55'),
(60,	'conducting.opening.edit',	'web',	NULL,	NULL,	'2025-08-12 11:22:55',	'2025-08-12 11:22:55'),
(61,	'preparation.doc-req.view',	'web',	NULL,	NULL,	'2025-08-12 11:22:55',	'2025-08-12 11:22:55'),
(62,	'preparation.doc-req.create',	'web',	NULL,	NULL,	'2025-08-12 11:22:55',	'2025-08-12 11:22:55'),
(63,	'preparation.doc-req.edit',	'web',	NULL,	NULL,	'2025-08-12 11:22:55',	'2025-08-12 11:22:55'),
(64,	'preparation.doc-full.view',	'web',	NULL,	NULL,	'2025-08-12 11:22:55',	'2025-08-12 11:22:55'),
(65,	'preparation.doc-full.create',	'web',	NULL,	NULL,	'2025-08-12 11:22:55',	'2025-08-12 11:22:55'),
(66,	'preparation.doc-full.edit',	'web',	NULL,	NULL,	'2025-08-12 11:22:55',	'2025-08-12 11:22:55'),
(67,	'conducting.sample.view',	'web',	NULL,	NULL,	'2025-08-12 11:22:55',	'2025-08-12 11:22:55'),
(68,	'conducting.sample.create',	'web',	NULL,	NULL,	'2025-08-12 11:22:55',	'2025-08-12 11:22:55'),
(69,	'conducting.sample.edit',	'web',	NULL,	NULL,	'2025-08-12 11:22:55',	'2025-08-12 11:22:55'),
(70,	'conducting.review-sample.view',	'web',	NULL,	NULL,	'2025-08-12 11:22:55',	'2025-08-12 11:22:55'),
(71,	'conducting.review-sample.create',	'web',	NULL,	NULL,	'2025-08-12 11:22:55',	'2025-08-12 11:22:55'),
(72,	'conducting.review-sample.edit',	'web',	NULL,	NULL,	'2025-08-12 11:22:55',	'2025-08-12 11:22:55'),
(73,	'conducting.feedback.view',	'web',	NULL,	NULL,	'2025-08-12 11:22:55',	'2025-08-12 11:22:55'),
(74,	'conducting.feedback.create',	'web',	NULL,	NULL,	'2025-08-12 11:22:55',	'2025-08-12 11:22:55'),
(75,	'conducting.feedback.edit',	'web',	NULL,	NULL,	'2025-08-12 11:22:55',	'2025-08-12 11:22:55'),
(76,	'conducting.worksheet.view',	'web',	NULL,	NULL,	'2025-08-12 11:22:55',	'2025-08-12 11:22:55'),
(77,	'conducting.worksheet.create',	'web',	NULL,	NULL,	'2025-08-12 11:22:55',	'2025-08-12 11:22:55'),
(78,	'conducting.worksheet.edit',	'web',	NULL,	NULL,	'2025-08-12 11:22:55',	'2025-08-12 11:22:55'),
(79,	'conducting.commitment.view',	'web',	NULL,	NULL,	'2025-08-12 11:22:55',	'2025-08-12 11:22:55'),
(80,	'conducting.commitment.create',	'web',	NULL,	NULL,	'2025-08-12 11:22:55',	'2025-08-12 11:22:55'),
(81,	'conducting.commitment.edit',	'web',	NULL,	NULL,	'2025-08-12 11:22:55',	'2025-08-12 11:22:55'),
(82,	'conducting.memo-closing.view',	'web',	NULL,	NULL,	'2025-08-12 11:22:55',	'2025-08-12 11:22:55'),
(83,	'conducting.memo-closing.create',	'web',	NULL,	NULL,	'2025-08-12 11:22:55',	'2025-08-12 11:22:55'),
(84,	'conducting.memo-closing.edit',	'web',	NULL,	NULL,	'2025-08-12 11:22:55',	'2025-08-12 11:22:55'),
(85,	'conducting.memo-closing.approve',	'web',	NULL,	NULL,	'2025-08-12 11:22:55',	'2025-08-12 11:22:55'),
(86,	'conducting.closing.view',	'web',	NULL,	NULL,	'2025-08-12 11:22:55',	'2025-08-12 11:22:55'),
(87,	'conducting.closing.create',	'web',	NULL,	NULL,	'2025-08-12 11:22:55',	'2025-08-12 11:22:55'),
(88,	'conducting.closing.edit',	'web',	NULL,	NULL,	'2025-08-12 11:22:55',	'2025-08-12 11:22:55'),
(89,	'reporting.memo-lhp.view',	'web',	NULL,	NULL,	'2025-08-12 11:22:55',	'2025-08-12 11:22:55'),
(90,	'reporting.memo-lhp.create',	'web',	NULL,	NULL,	'2025-08-12 11:22:55',	'2025-08-12 11:22:55'),
(91,	'reporting.memo-lhp.edit',	'web',	NULL,	NULL,	'2025-08-12 11:22:55',	'2025-08-12 11:22:55'),
(92,	'reporting.memo-lhp.approve',	'web',	NULL,	NULL,	'2025-08-12 11:22:55',	'2025-08-12 11:22:55'),
(93,	'reporting.lha.view',	'web',	NULL,	NULL,	'2025-08-12 11:22:55',	'2025-08-12 11:22:55'),
(94,	'reporting.lha.create',	'web',	NULL,	NULL,	'2025-08-12 11:22:55',	'2025-08-12 11:22:55'),
(95,	'reporting.lha.edit',	'web',	NULL,	NULL,	'2025-08-12 11:22:55',	'2025-08-12 11:22:55'),
(96,	'reporting.lha.approve',	'web',	NULL,	NULL,	'2025-08-12 11:22:55',	'2025-08-12 11:22:55'),
(97,	'reporting.executive-summary.view',	'web',	NULL,	NULL,	'2025-08-12 11:22:55',	'2025-08-12 11:22:55'),
(98,	'reporting.executive-summary.create',	'web',	NULL,	NULL,	'2025-08-12 11:22:55',	'2025-08-12 11:22:55'),
(99,	'reporting.executive-summary.edit',	'web',	NULL,	NULL,	'2025-08-12 11:22:55',	'2025-08-12 11:22:55'),
(100,	'reporting.executive-summary.approve',	'web',	NULL,	NULL,	'2025-08-12 11:22:55',	'2025-08-12 11:22:55'),
(101,	'reporting.cost-realization.view',	'web',	NULL,	NULL,	'2025-08-12 11:22:55',	'2025-08-12 11:22:55'),
(102,	'reporting.cost-realization.create',	'web',	NULL,	NULL,	'2025-08-12 11:22:55',	'2025-08-12 11:22:55'),
(103,	'reporting.cost-realization.edit',	'web',	NULL,	NULL,	'2025-08-12 11:22:55',	'2025-08-12 11:22:55'),
(104,	'reporting.cost-realization.approve',	'web',	NULL,	NULL,	'2025-08-12 11:22:55',	'2025-08-12 11:22:55'),
(105,	'reporting.dir-note.view',	'web',	NULL,	NULL,	'2025-08-12 11:22:55',	'2025-08-12 11:22:55'),
(106,	'reporting.dir-note.create',	'web',	NULL,	NULL,	'2025-08-12 11:22:55',	'2025-08-12 11:22:55'),
(107,	'reporting.dir-note.edit',	'web',	NULL,	NULL,	'2025-08-12 11:22:55',	'2025-08-12 11:22:55'),
(108,	'reporting.lb-spi.view',	'web',	NULL,	NULL,	'2025-08-12 11:22:55',	'2025-08-12 11:22:55'),
(109,	'reporting.lb-spi.create',	'web',	NULL,	NULL,	'2025-08-12 11:22:55',	'2025-08-12 11:22:55'),
(110,	'reporting.lb-spi.edit',	'web',	NULL,	NULL,	'2025-08-12 11:22:55',	'2025-08-12 11:22:55'),
(111,	'reporting.lb-spi.delete',	'web',	NULL,	NULL,	'2025-08-12 11:22:56',	'2025-08-12 11:22:56'),
(112,	'reporting.lb-spi.approve',	'web',	NULL,	NULL,	'2025-08-12 11:22:56',	'2025-08-12 11:22:56'),
(113,	'followup.memo-tindak-lanjut.view',	'web',	NULL,	NULL,	'2025-08-12 11:22:56',	'2025-08-12 11:22:56'),
(114,	'followup.memo-tindak-lanjut.create',	'web',	NULL,	NULL,	'2025-08-12 11:22:56',	'2025-08-12 11:22:56'),
(115,	'followup.memo-tindak-lanjut.edit',	'web',	NULL,	NULL,	'2025-08-12 11:22:56',	'2025-08-12 11:22:56'),
(116,	'followup.memo-tindak-lanjut.approve',	'web',	NULL,	NULL,	'2025-08-12 11:22:56',	'2025-08-12 11:22:56'),
(117,	'followup.reg.view',	'web',	NULL,	NULL,	'2025-08-12 11:22:56',	'2025-08-12 11:22:56'),
(118,	'followup.reg.create',	'web',	NULL,	NULL,	'2025-08-12 11:22:56',	'2025-08-12 11:22:56'),
(119,	'followup.reg.edit',	'web',	NULL,	NULL,	'2025-08-12 11:22:56',	'2025-08-12 11:22:56'),
(120,	'followup.reschedule.view',	'web',	NULL,	NULL,	'2025-08-12 11:22:56',	'2025-08-12 11:22:56'),
(121,	'followup.reschedule.create',	'web',	NULL,	NULL,	'2025-08-12 11:22:56',	'2025-08-12 11:22:56'),
(122,	'followup.reschedule.edit',	'web',	NULL,	NULL,	'2025-08-12 11:22:56',	'2025-08-12 11:22:56'),
(123,	'followup.reschedule.approve',	'web',	NULL,	NULL,	'2025-08-12 11:22:56',	'2025-08-12 11:22:56'),
(124,	'followup.monitor.view',	'web',	NULL,	NULL,	'2025-08-12 11:22:56',	'2025-08-12 11:22:56'),
(125,	'followup.monitor.create',	'web',	NULL,	NULL,	'2025-08-12 11:22:56',	'2025-08-12 11:22:56'),
(126,	'followup.monitor.edit',	'web',	NULL,	NULL,	'2025-08-12 11:22:56',	'2025-08-12 11:22:56'),
(127,	'followup.monitor.approve',	'web',	NULL,	NULL,	'2025-08-12 11:22:56',	'2025-08-12 11:22:56'),
(128,	'followup.review.view',	'web',	NULL,	NULL,	'2025-08-12 11:22:56',	'2025-08-12 11:22:56'),
(129,	'followup.review.create',	'web',	NULL,	NULL,	'2025-08-12 11:22:56',	'2025-08-12 11:22:56'),
(130,	'followup.review.edit',	'web',	NULL,	NULL,	'2025-08-12 11:22:56',	'2025-08-12 11:22:56'),
(131,	'followup.review.approve',	'web',	NULL,	NULL,	'2025-08-12 11:22:56',	'2025-08-12 11:22:56'),
(132,	'followup.minutes.view',	'web',	NULL,	NULL,	'2025-08-12 11:22:56',	'2025-08-12 11:22:56'),
(133,	'followup.minutes.create',	'web',	NULL,	NULL,	'2025-08-12 11:22:56',	'2025-08-12 11:22:56'),
(134,	'followup.minutes.edit',	'web',	NULL,	NULL,	'2025-08-12 11:22:56',	'2025-08-12 11:22:56'),
(135,	'followup.minutes.approve',	'web',	NULL,	NULL,	'2025-08-12 11:22:56',	'2025-08-12 11:22:56'),
(136,	'followup.ba-pantau.view',	'web',	NULL,	NULL,	'2025-08-12 11:22:56',	'2025-08-12 11:22:56'),
(137,	'followup.ba-pantau.create',	'web',	NULL,	NULL,	'2025-08-12 11:22:56',	'2025-08-12 11:22:56'),
(138,	'followup.ba-pantau.edit',	'web',	NULL,	NULL,	'2025-08-12 11:22:56',	'2025-08-12 11:22:56'),
(139,	'followup.ba-pantau.approve',	'web',	NULL,	NULL,	'2025-08-12 11:22:56',	'2025-08-12 11:22:56'),
(140,	'investigasi.bukti-permulaan.view',	'web',	NULL,	NULL,	'2025-08-12 11:22:56',	'2025-08-12 11:22:56'),
(141,	'investigasi.bukti-permulaan.create',	'web',	NULL,	NULL,	'2025-08-12 11:22:56',	'2025-08-12 11:22:56'),
(142,	'investigasi.bukti-permulaan.edit',	'web',	NULL,	NULL,	'2025-08-12 11:22:56',	'2025-08-12 11:22:56'),
(143,	'investigasi.bukti-permulaan.approve',	'web',	NULL,	NULL,	'2025-08-12 11:22:56',	'2025-08-12 11:22:56'),
(144,	'investigasi.bukti-permulaan.delete',	'web',	NULL,	NULL,	'2025-08-12 11:22:56',	'2025-08-12 11:22:56'),
(145,	'investigasi.instruction.view',	'web',	NULL,	NULL,	'2025-08-12 11:22:56',	'2025-08-12 11:22:56'),
(146,	'investigasi.instruction.create',	'web',	NULL,	NULL,	'2025-08-12 11:22:56',	'2025-08-12 11:22:56'),
(147,	'investigasi.instruction.edit',	'web',	NULL,	NULL,	'2025-08-12 11:22:56',	'2025-08-12 11:22:56'),
(148,	'investigasi.instruction.approve',	'web',	NULL,	NULL,	'2025-08-12 11:22:56',	'2025-08-12 11:22:56'),
(149,	'investigasi.surat-tugas-investigasi.view',	'web',	NULL,	NULL,	'2025-08-12 11:22:56',	'2025-08-12 11:22:56'),
(150,	'investigasi.surat-tugas-investigasi.create',	'web',	NULL,	NULL,	'2025-08-12 11:22:56',	'2025-08-12 11:22:56'),
(151,	'investigasi.surat-tugas-investigasi.edit',	'web',	NULL,	NULL,	'2025-08-12 11:22:56',	'2025-08-12 11:22:56'),
(152,	'investigasi.surat-tugas-investigasi.approve',	'web',	NULL,	NULL,	'2025-08-12 11:22:56',	'2025-08-12 11:22:56'),
(153,	'investigasi.surat-pemanggilan-investigasi.view',	'web',	NULL,	NULL,	'2025-08-12 11:22:56',	'2025-08-12 11:22:56'),
(154,	'investigasi.surat-pemanggilan-investigasi.create',	'web',	NULL,	NULL,	'2025-08-12 11:22:56',	'2025-08-12 11:22:56'),
(155,	'investigasi.surat-pemanggilan-investigasi.edit',	'web',	NULL,	NULL,	'2025-08-12 11:22:56',	'2025-08-12 11:22:56'),
(156,	'investigasi.surat-pemanggilan-investigasi.approve',	'web',	NULL,	NULL,	'2025-08-12 11:22:56',	'2025-08-12 11:22:56'),
(157,	'investigasi.pemeriksaan-pelanggaran.view',	'web',	NULL,	NULL,	'2025-08-12 11:22:56',	'2025-08-12 11:22:56'),
(158,	'investigasi.pemeriksaan-pelanggaran.create',	'web',	NULL,	NULL,	'2025-08-12 11:22:56',	'2025-08-12 11:22:56'),
(159,	'investigasi.pemeriksaan-pelanggaran.edit',	'web',	NULL,	NULL,	'2025-08-12 11:22:56',	'2025-08-12 11:22:56'),
(160,	'investigasi.pemeriksaan-pelanggaran.approve',	'web',	NULL,	NULL,	'2025-08-12 11:22:56',	'2025-08-12 11:22:56'),
(161,	'survey.dispatch.view',	'web',	NULL,	NULL,	'2025-08-12 11:22:56',	'2025-08-12 11:22:56'),
(162,	'survey.dispatch.create',	'web',	NULL,	NULL,	'2025-08-12 11:22:56',	'2025-08-12 11:22:56'),
(163,	'survey.dispatch.edit',	'web',	NULL,	NULL,	'2025-08-12 11:22:56',	'2025-08-12 11:22:56'),
(164,	'survey.dispatch.delete',	'web',	NULL,	NULL,	'2025-08-12 11:22:56',	'2025-08-12 11:22:56'),
(165,	'survey.dispatch.approve',	'web',	NULL,	NULL,	'2025-08-12 11:22:56',	'2025-08-12 11:22:56'),
(166,	'survey.filling.view',	'web',	NULL,	NULL,	'2025-08-12 11:22:56',	'2025-08-12 11:22:56'),
(167,	'survey.filling.create',	'web',	NULL,	NULL,	'2025-08-12 11:22:56',	'2025-08-12 11:22:56'),
(168,	'survey.filling.edit',	'web',	NULL,	NULL,	'2025-08-12 11:22:56',	'2025-08-12 11:22:56'),
(169,	'survey.survey-recap.view',	'web',	NULL,	NULL,	'2025-08-12 11:22:56',	'2025-08-12 11:22:56'),
(170,	'penilaian-kinerja.view',	'web',	NULL,	NULL,	'2025-08-12 11:22:56',	'2025-08-12 11:22:56'),
(171,	'penilaian-kinerja.create',	'web',	NULL,	NULL,	'2025-08-12 11:22:56',	'2025-08-12 11:22:56'),
(172,	'penilaian-kinerja.edit',	'web',	NULL,	NULL,	'2025-08-12 11:22:56',	'2025-08-12 11:22:56'),
(173,	'penilaian-kinerja.approve',	'web',	NULL,	NULL,	'2025-08-12 11:22:56',	'2025-08-12 11:22:56'),
(174,	'extern.extern-reg.view',	'web',	NULL,	NULL,	'2025-08-12 11:22:56',	'2025-08-12 11:22:56'),
(175,	'extern.extern-reg.create',	'web',	NULL,	NULL,	'2025-08-12 11:22:56',	'2025-08-12 11:22:56'),
(176,	'extern.extern-reg.edit',	'web',	NULL,	NULL,	'2025-08-12 11:22:56',	'2025-08-12 11:22:56'),
(177,	'extern.extern-reg.delete',	'web',	NULL,	NULL,	'2025-08-12 11:22:56',	'2025-08-12 11:22:56'),
(178,	'extern.extern-reg.approve',	'web',	NULL,	NULL,	'2025-08-12 11:22:56',	'2025-08-12 11:22:56'),
(179,	'extern.extern-reschedule.view',	'web',	NULL,	NULL,	'2025-08-12 11:22:56',	'2025-08-12 11:22:56'),
(180,	'extern.extern-reschedule.create',	'web',	NULL,	NULL,	'2025-08-12 11:22:56',	'2025-08-12 11:22:56'),
(181,	'extern.extern-reschedule.edit',	'web',	NULL,	NULL,	'2025-08-12 11:22:56',	'2025-08-12 11:22:56'),
(182,	'extern.extern-reschedule.approve',	'web',	NULL,	NULL,	'2025-08-12 11:22:56',	'2025-08-12 11:22:56'),
(183,	'extern.extern-followup.view',	'web',	NULL,	NULL,	'2025-08-12 11:22:56',	'2025-08-12 11:22:56'),
(184,	'extern.extern-followup.create',	'web',	NULL,	NULL,	'2025-08-12 11:22:56',	'2025-08-12 11:22:56'),
(185,	'extern.extern-followup.edit',	'web',	NULL,	NULL,	'2025-08-12 11:22:56',	'2025-08-12 11:22:56'),
(186,	'extern.extern-followup.approve',	'web',	NULL,	NULL,	'2025-08-12 11:22:56',	'2025-08-12 11:22:56'),
(187,	'consultation.work-plan.view',	'web',	NULL,	NULL,	'2025-08-12 11:22:56',	'2025-08-12 11:22:56'),
(188,	'consultation.work-plan.create',	'web',	NULL,	NULL,	'2025-08-12 11:22:56',	'2025-08-12 11:22:56'),
(189,	'consultation.work-plan.edit',	'web',	NULL,	NULL,	'2025-08-12 11:22:56',	'2025-08-12 11:22:56'),
(190,	'consultation.work-plan.delete',	'web',	NULL,	NULL,	'2025-08-12 11:22:56',	'2025-08-12 11:22:56'),
(191,	'consultation.work-plan.approve',	'web',	NULL,	NULL,	'2025-08-12 11:22:56',	'2025-08-12 11:22:56'),
(192,	'consultation.realization.view',	'web',	NULL,	NULL,	'2025-08-12 11:22:56',	'2025-08-12 11:22:56'),
(193,	'consultation.realization.create',	'web',	NULL,	NULL,	'2025-08-12 11:22:56',	'2025-08-12 11:22:56'),
(194,	'consultation.realization.edit',	'web',	NULL,	NULL,	'2025-08-12 11:22:56',	'2025-08-12 11:22:56'),
(195,	'consultation.realization.approve',	'web',	NULL,	NULL,	'2025-08-12 11:22:56',	'2025-08-12 11:22:56'),
(196,	'consultation.tanya-jawab.view',	'web',	NULL,	NULL,	'2025-08-12 11:22:56',	'2025-08-12 11:22:56'),
(197,	'consultation.tanya-jawab.create',	'web',	NULL,	NULL,	'2025-08-12 11:22:56',	'2025-08-12 11:22:56'),
(198,	'consultation.tanya-jawab.edit',	'web',	NULL,	NULL,	'2025-08-12 11:22:56',	'2025-08-12 11:22:56'),
(199,	'consultation.tanya-jawab.delete',	'web',	NULL,	NULL,	'2025-08-12 11:22:56',	'2025-08-12 11:22:56'),
(200,	'meeting.meeting-invit.view',	'web',	NULL,	NULL,	'2025-08-12 11:22:56',	'2025-08-12 11:22:56'),
(201,	'meeting.meeting-invit.create',	'web',	NULL,	NULL,	'2025-08-12 11:22:56',	'2025-08-12 11:22:56'),
(202,	'meeting.meeting-invit.edit',	'web',	NULL,	NULL,	'2025-08-12 11:22:56',	'2025-08-12 11:22:56'),
(203,	'meeting.meeting-invit.delete',	'web',	NULL,	NULL,	'2025-08-12 11:22:56',	'2025-08-12 11:22:56'),
(204,	'meeting.meeting-recap.view',	'web',	NULL,	NULL,	'2025-08-12 11:22:56',	'2025-08-12 11:22:56'),
(205,	'field-inspection.invitation.view',	'web',	NULL,	NULL,	'2025-08-12 11:22:56',	'2025-08-12 11:22:56'),
(206,	'field-inspection.invitation.create',	'web',	NULL,	NULL,	'2025-08-12 11:22:56',	'2025-08-12 11:22:56'),
(207,	'field-inspection.invitation.edit',	'web',	NULL,	NULL,	'2025-08-12 11:22:56',	'2025-08-12 11:22:56'),
(208,	'field-inspection.invitation.delete',	'web',	NULL,	NULL,	'2025-08-12 11:22:56',	'2025-08-12 11:22:56'),
(209,	'field-inspection.recap.view',	'web',	NULL,	NULL,	'2025-08-12 11:22:56',	'2025-08-12 11:22:56'),
(210,	'training-auditor.planning.view',	'web',	NULL,	NULL,	'2025-08-12 11:22:56',	'2025-08-12 11:22:56'),
(211,	'training-auditor.planning.create',	'web',	NULL,	NULL,	'2025-08-12 11:22:56',	'2025-08-12 11:22:56'),
(212,	'training-auditor.planning.edit',	'web',	NULL,	NULL,	'2025-08-12 11:22:56',	'2025-08-12 11:22:56'),
(213,	'training-auditor.planning.delete',	'web',	NULL,	NULL,	'2025-08-12 11:22:56',	'2025-08-12 11:22:56'),
(214,	'training-auditor.planning.approve',	'web',	NULL,	NULL,	'2025-08-12 11:22:56',	'2025-08-12 11:22:56'),
(215,	'training-auditor.realization.view',	'web',	NULL,	NULL,	'2025-08-12 11:22:56',	'2025-08-12 11:22:56'),
(216,	'training-auditor.realization.create',	'web',	NULL,	NULL,	'2025-08-12 11:22:56',	'2025-08-12 11:22:56'),
(217,	'training-auditor.realization.edit',	'web',	NULL,	NULL,	'2025-08-12 11:22:56',	'2025-08-12 11:22:56'),
(218,	'training-auditor.realization.approve',	'web',	NULL,	NULL,	'2025-08-12 11:22:56',	'2025-08-12 11:22:56'),
(219,	'report.risk-assessment.view',	'web',	NULL,	NULL,	'2025-08-12 11:22:56',	'2025-08-12 11:22:56'),
(220,	'report.program-kerja.view',	'web',	NULL,	NULL,	'2025-08-12 11:22:56',	'2025-08-12 11:22:56'),
(221,	'report.persiapan-audit.view',	'web',	NULL,	NULL,	'2025-08-12 11:22:56',	'2025-08-12 11:22:56'),
(222,	'report.pelaksanaan-audit.view',	'web',	NULL,	NULL,	'2025-08-12 11:22:56',	'2025-08-12 11:22:56'),
(223,	'report.pelaporan-audit.view',	'web',	NULL,	NULL,	'2025-08-12 11:22:56',	'2025-08-12 11:22:56'),
(224,	'report.followup.view',	'web',	NULL,	NULL,	'2025-08-12 11:22:56',	'2025-08-12 11:22:56'),
(225,	'report.investigasi.view',	'web',	NULL,	NULL,	'2025-08-12 11:22:56',	'2025-08-12 11:22:56'),
(226,	'report.survey.view',	'web',	NULL,	NULL,	'2025-08-12 11:22:56',	'2025-08-12 11:22:56'),
(227,	'report.penilaian-kinerja.view',	'web',	NULL,	NULL,	'2025-08-12 11:22:56',	'2025-08-12 11:22:56'),
(228,	'report.external.view',	'web',	NULL,	NULL,	'2025-08-12 11:22:56',	'2025-08-12 11:22:56'),
(229,	'report.consultation.view',	'web',	NULL,	NULL,	'2025-08-12 11:22:56',	'2025-08-12 11:22:56'),
(230,	'report.training.view',	'web',	NULL,	NULL,	'2025-08-12 11:22:56',	'2025-08-12 11:22:56'),
(231,	'report.meeting.view',	'web',	NULL,	NULL,	'2025-08-12 11:22:56',	'2025-08-12 11:22:56'),
(232,	'master.view',	'web',	NULL,	NULL,	'2025-08-12 11:22:56',	'2025-08-12 11:22:56'),
(233,	'master.create',	'web',	NULL,	NULL,	'2025-08-12 11:22:56',	'2025-08-12 11:22:56'),
(234,	'master.edit',	'web',	NULL,	NULL,	'2025-08-12 11:22:56',	'2025-08-12 11:22:56'),
(235,	'master.delete',	'web',	NULL,	NULL,	'2025-08-12 11:22:56',	'2025-08-12 11:22:56'),
(236,	'setting.view',	'web',	NULL,	NULL,	'2025-08-12 11:22:56',	'2025-08-12 11:22:56'),
(237,	'setting.create',	'web',	NULL,	NULL,	'2025-08-12 11:22:56',	'2025-08-12 11:22:56'),
(238,	'setting.edit',	'web',	NULL,	NULL,	'2025-08-12 11:22:56',	'2025-08-12 11:22:56'),
(239,	'setting.delete',	'web',	NULL,	NULL,	'2025-08-12 11:22:56',	'2025-08-12 11:22:56');

DROP TABLE IF EXISTS `sys_permissions_models`;
CREATE TABLE `sys_permissions_models` (
  `permission_id` bigint(20) unsigned NOT NULL,
  `model_type` varchar(255) NOT NULL,
  `model_id` bigint(20) unsigned NOT NULL,
  PRIMARY KEY (`permission_id`,`model_id`,`model_type`),
  KEY `model_has_permissions_model_id_model_type_index` (`model_id`,`model_type`),
  CONSTRAINT `sys_permissions_models_permission_id_foreign` FOREIGN KEY (`permission_id`) REFERENCES `sys_permissions` (`id`) ON DELETE CASCADE
) ENGINE=InnoDB DEFAULT CHARSET=utf8mb4 COLLATE=utf8mb4_unicode_ci;


DROP TABLE IF EXISTS `sys_revisi`;
CREATE TABLE `sys_revisi` (
  `id` bigint(20) unsigned NOT NULL AUTO_INCREMENT,
  `target_type` varchar(255) NOT NULL,
  `target_id` bigint(20) unsigned NOT NULL,
  `module` varchar(255) DEFAULT NULL,
  `version` smallint(6) NOT NULL DEFAULT 0,
  `file_path` varchar(255) NOT NULL,
  `flag` varchar(255) NOT NULL,
  `created_by` bigint(20) unsigned DEFAULT NULL,
  `updated_by` bigint(20) unsigned DEFAULT NULL,
  `created_at` timestamp NULL DEFAULT NULL,
  `updated_at` timestamp NULL DEFAULT NULL,
  PRIMARY KEY (`id`),
  KEY `sys_revisi_target_type_target_id_index` (`target_type`,`target_id`),
  KEY `sys_revisi_module_index` (`module`),
  KEY `sys_revisi_created_by_index` (`created_by`),
  KEY `sys_revisi_updated_by_index` (`updated_by`),
  CONSTRAINT `sys_revisi_created_by_foreign` FOREIGN KEY (`created_by`) REFERENCES `sys_users` (`id`),
  CONSTRAINT `sys_revisi_updated_by_foreign` FOREIGN KEY (`updated_by`) REFERENCES `sys_users` (`id`)
) ENGINE=InnoDB DEFAULT CHARSET=utf8mb4 COLLATE=utf8mb4_unicode_ci;


DROP TABLE IF EXISTS `sys_roles`;
CREATE TABLE `sys_roles` (
  `id` bigint(20) unsigned NOT NULL AUTO_INCREMENT,
  `name` varchar(255) NOT NULL,
  `guard_name` varchar(255) NOT NULL,
  `created_by` bigint(20) unsigned DEFAULT NULL,
  `updated_by` bigint(20) unsigned DEFAULT NULL,
  `created_at` timestamp NULL DEFAULT NULL,
  `updated_at` timestamp NULL DEFAULT NULL,
  PRIMARY KEY (`id`),
  UNIQUE KEY `sys_roles_name_guard_name_unique` (`name`,`guard_name`),
  KEY `sys_roles_created_by_index` (`created_by`),
  KEY `sys_roles_updated_by_index` (`updated_by`),
  CONSTRAINT `sys_roles_created_by_foreign` FOREIGN KEY (`created_by`) REFERENCES `sys_users` (`id`),
  CONSTRAINT `sys_roles_updated_by_foreign` FOREIGN KEY (`updated_by`) REFERENCES `sys_users` (`id`)
) ENGINE=InnoDB DEFAULT CHARSET=utf8mb4 COLLATE=utf8mb4_unicode_ci;

INSERT INTO `sys_roles` (`id`, `name`, `guard_name`, `created_by`, `updated_by`, `created_at`, `updated_at`) VALUES
(1,	'Super Administrator',	'web',	NULL,	NULL,	'2025-08-12 11:22:56',	'2025-08-12 11:22:56'),
(2,	'Administrator',	'web',	NULL,	NULL,	'2025-08-12 11:22:56',	'2025-08-12 11:22:56'),
(3,	'Auditor',	'web',	NULL,	NULL,	'2025-08-12 11:22:56',	'2025-08-12 11:22:56'),
(4,	'Auditee',	'web',	NULL,	NULL,	'2025-08-12 11:22:57',	'2025-08-12 11:22:57'),
(5,	'Kepala Divisi Internal Audit',	'web',	NULL,	NULL,	'2025-08-12 11:22:57',	'2025-08-12 11:22:57'),
(6,	'Direksi',	'web',	NULL,	NULL,	'2025-08-12 11:22:57',	'2025-08-12 11:22:57'),
(7,	'Komite Audit',	'web',	NULL,	NULL,	'2025-08-12 11:22:58',	'2025-08-12 11:22:58'),
(8,	'Sekretaris SPI',	'web',	NULL,	NULL,	'2025-08-12 11:22:58',	'2025-08-12 11:22:58');

DROP TABLE IF EXISTS `sys_roles_models`;
CREATE TABLE `sys_roles_models` (
  `role_id` bigint(20) unsigned NOT NULL,
  `model_type` varchar(255) NOT NULL,
  `model_id` bigint(20) unsigned NOT NULL,
  PRIMARY KEY (`role_id`,`model_id`,`model_type`),
  KEY `model_has_roles_model_id_model_type_index` (`model_id`,`model_type`),
  CONSTRAINT `sys_roles_models_role_id_foreign` FOREIGN KEY (`role_id`) REFERENCES `sys_roles` (`id`) ON DELETE CASCADE
) ENGINE=InnoDB DEFAULT CHARSET=utf8mb4 COLLATE=utf8mb4_unicode_ci;

INSERT INTO `sys_roles_models` (`role_id`, `model_type`, `model_id`) VALUES
(1,	'App\\Models\\Auth\\User',	1),
(2,	'App\\Models\\Auth\\User',	28),
(2,	'App\\Models\\Auth\\User',	29),
(2,	'App\\Models\\Auth\\User',	30),
(2,	'App\\Models\\Auth\\User',	31),
(2,	'App\\Models\\Auth\\User',	32),
(2,	'App\\Models\\Auth\\User',	33),
(3,	'App\\Models\\Auth\\User',	3),
(3,	'App\\Models\\Auth\\User',	4),
(3,	'App\\Models\\Auth\\User',	5),
(3,	'App\\Models\\Auth\\User',	6),
(3,	'App\\Models\\Auth\\User',	8),
(3,	'App\\Models\\Auth\\User',	10),
(3,	'App\\Models\\Auth\\User',	12),
(3,	'App\\Models\\Auth\\User',	13),
(3,	'App\\Models\\Auth\\User',	16),
(3,	'App\\Models\\Auth\\User',	17),
(3,	'App\\Models\\Auth\\User',	18),
(3,	'App\\Models\\Auth\\User',	19),
(3,	'App\\Models\\Auth\\User',	20),
(3,	'App\\Models\\Auth\\User',	21),
(3,	'App\\Models\\Auth\\User',	22),
(3,	'App\\Models\\Auth\\User',	23),
(3,	'App\\Models\\Auth\\User',	34),
(4,	'App\\Models\\Auth\\User',	14),
(4,	'App\\Models\\Auth\\User',	24),
(4,	'App\\Models\\Auth\\User',	27),
(4,	'App\\Models\\Auth\\User',	36),
(4,	'App\\Models\\Auth\\User',	37),
(4,	'App\\Models\\Auth\\User',	40),
(4,	'App\\Models\\Auth\\User',	41),
(4,	'App\\Models\\Auth\\User',	42),
(4,	'App\\Models\\Auth\\User',	43),
(4,	'App\\Models\\Auth\\User',	44),
(4,	'App\\Models\\Auth\\User',	45),
(4,	'App\\Models\\Auth\\User',	48),
(4,	'App\\Models\\Auth\\User',	49),
(4,	'App\\Models\\Auth\\User',	50),
(4,	'App\\Models\\Auth\\User',	51),
(4,	'App\\Models\\Auth\\User',	52),
(4,	'App\\Models\\Auth\\User',	53),
(5,	'App\\Models\\Auth\\User',	2),
(5,	'App\\Models\\Auth\\User',	7),
(5,	'App\\Models\\Auth\\User',	9),
(5,	'App\\Models\\Auth\\User',	11),
(5,	'App\\Models\\Auth\\User',	15),
(5,	'App\\Models\\Auth\\User',	26),
(5,	'App\\Models\\Auth\\User',	35),
(6,	'App\\Models\\Auth\\User',	25),
(6,	'App\\Models\\Auth\\User',	38),
(6,	'App\\Models\\Auth\\User',	39),
(6,	'App\\Models\\Auth\\User',	46),
(6,	'App\\Models\\Auth\\User',	47);

DROP TABLE IF EXISTS `sys_roles_permissions`;
CREATE TABLE `sys_roles_permissions` (
  `permission_id` bigint(20) unsigned NOT NULL,
  `role_id` bigint(20) unsigned NOT NULL,
  PRIMARY KEY (`permission_id`,`role_id`),
  KEY `sys_roles_permissions_role_id_foreign` (`role_id`),
  CONSTRAINT `sys_roles_permissions_permission_id_foreign` FOREIGN KEY (`permission_id`) REFERENCES `sys_permissions` (`id`) ON DELETE CASCADE,
  CONSTRAINT `sys_roles_permissions_role_id_foreign` FOREIGN KEY (`role_id`) REFERENCES `sys_roles` (`id`) ON DELETE CASCADE
) ENGINE=InnoDB DEFAULT CHARSET=utf8mb4 COLLATE=utf8mb4_unicode_ci;

INSERT INTO `sys_roles_permissions` (`permission_id`, `role_id`) VALUES
(1,	1),
(1,	2),
(1,	3),
(1,	4),
(1,	5),
(1,	6),
(1,	7),
(1,	8),
(2,	3),
(2,	5),
(2,	6),
(2,	7),
(2,	8),
(3,	3),
(3,	5),
(3,	6),
(3,	7),
(3,	8),
(4,	3),
(4,	5),
(4,	6),
(4,	7),
(4,	8),
(5,	3),
(5,	5),
(5,	8),
(6,	3),
(6,	5),
(6,	8),
(7,	3),
(7,	5),
(7,	8),
(8,	5),
(8,	6),
(9,	3),
(9,	5),
(9,	6),
(9,	7),
(9,	8),
(10,	3),
(10,	5),
(10,	8),
(11,	3),
(11,	5),
(11,	8),
(12,	5),
(12,	6),
(13,	3),
(13,	5),
(13,	6),
(13,	7),
(13,	8),
(14,	3),
(14,	5),
(14,	8),
(15,	3),
(15,	5),
(15,	8),
(16,	5),
(16,	6),
(17,	3),
(17,	5),
(17,	6),
(17,	7),
(17,	8),
(18,	3),
(18,	5),
(18,	8),
(19,	3),
(19,	5),
(19,	8),
(20,	5),
(20,	6),
(21,	3),
(21,	5),
(21,	6),
(21,	7),
(21,	8),
(22,	3),
(22,	5),
(22,	8),
(23,	3),
(23,	5),
(23,	8),
(24,	3),
(24,	5),
(24,	8),
(25,	5),
(25,	6),
(26,	3),
(26,	5),
(26,	6),
(26,	7),
(26,	8),
(27,	3),
(27,	5),
(27,	8),
(28,	3),
(28,	5),
(28,	8),
(29,	5),
(29,	6),
(30,	3),
(30,	5),
(30,	6),
(30,	7),
(30,	8),
(31,	3),
(31,	5),
(31,	8),
(32,	3),
(32,	5),
(32,	8),
(33,	5),
(33,	6),
(34,	3),
(34,	5),
(34,	6),
(34,	7),
(34,	8),
(35,	3),
(35,	5),
(35,	8),
(36,	3),
(36,	5),
(36,	8),
(37,	5),
(37,	6),
(38,	3),
(38,	7),
(38,	8),
(39,	3),
(39,	8),
(40,	3),
(40,	8),
(42,	3),
(42,	5),
(42,	6),
(42,	7),
(42,	8),
(43,	3),
(43,	5),
(43,	8),
(44,	3),
(44,	5),
(44,	8),
(45,	5),
(45,	6),
(46,	3),
(46,	5),
(46,	6),
(46,	7),
(46,	8),
(47,	3),
(47,	5),
(47,	8),
(48,	3),
(48,	5),
(48,	8),
(49,	5),
(49,	6),
(54,	3),
(54,	5),
(54,	6),
(54,	7),
(54,	8),
(55,	3),
(55,	5),
(55,	8),
(56,	3),
(56,	5),
(56,	8),
(57,	5),
(57,	6),
(58,	3),
(58,	5),
(58,	6),
(58,	7),
(58,	8),
(59,	3),
(59,	5),
(59,	8),
(60,	3),
(60,	5),
(60,	8),
(61,	3),
(61,	5),
(61,	6),
(61,	7),
(61,	8),
(62,	3),
(62,	5),
(62,	8),
(63,	3),
(63,	5),
(63,	8),
(64,	3),
(64,	4),
(64,	5),
(64,	6),
(64,	7),
(64,	8),
(65,	3),
(65,	4),
(65,	5),
(65,	8),
(66,	3),
(66,	4),
(66,	5),
(66,	8),
(67,	3),
(67,	5),
(67,	6),
(67,	7),
(67,	8),
(68,	3),
(68,	5),
(68,	8),
(69,	3),
(69,	5),
(69,	8),
(70,	3),
(70,	5),
(70,	6),
(70,	7),
(70,	8),
(71,	3),
(71,	5),
(71,	8),
(72,	3),
(72,	5),
(72,	8),
(73,	3),
(73,	4),
(73,	5),
(73,	6),
(73,	7),
(73,	8),
(74,	3),
(74,	4),
(74,	5),
(74,	8),
(75,	3),
(75,	4),
(75,	5),
(75,	8),
(76,	3),
(76,	5),
(76,	6),
(76,	7),
(76,	8),
(77,	3),
(77,	5),
(77,	8),
(78,	3),
(78,	5),
(78,	8),
(79,	3),
(79,	4),
(79,	5),
(79,	6),
(79,	7),
(79,	8),
(80,	3),
(80,	4),
(80,	5),
(80,	8),
(81,	3),
(81,	4),
(81,	5),
(81,	8),
(82,	3),
(82,	5),
(82,	6),
(82,	7),
(82,	8),
(83,	3),
(83,	5),
(83,	8),
(84,	3),
(84,	5),
(84,	8),
(85,	5),
(85,	6),
(86,	3),
(86,	5),
(86,	6),
(86,	7),
(86,	8),
(87,	3),
(87,	5),
(87,	8),
(88,	3),
(88,	5),
(88,	8),
(89,	3),
(89,	5),
(89,	6),
(89,	7),
(89,	8),
(90,	3),
(90,	5),
(90,	8),
(91,	3),
(91,	5),
(91,	8),
(92,	5),
(92,	6),
(93,	3),
(93,	5),
(93,	6),
(93,	7),
(93,	8),
(94,	3),
(94,	5),
(94,	8),
(95,	3),
(95,	5),
(95,	8),
(96,	5),
(96,	6),
(97,	3),
(97,	5),
(97,	6),
(97,	7),
(97,	8),
(98,	3),
(98,	5),
(98,	8),
(99,	3),
(99,	5),
(99,	8),
(100,	5),
(100,	6),
(101,	3),
(101,	5),
(101,	6),
(101,	7),
(101,	8),
(102,	3),
(102,	5),
(102,	8),
(103,	3),
(103,	5),
(103,	8),
(104,	5),
(104,	6),
(105,	3),
(105,	6),
(105,	7),
(105,	8),
(106,	3),
(106,	8),
(107,	3),
(107,	8),
(108,	3),
(108,	7),
(108,	8),
(109,	3),
(109,	8),
(110,	3),
(110,	8),
(111,	3),
(111,	8),
(113,	3),
(113,	5),
(113,	6),
(113,	7),
(113,	8),
(114,	3),
(114,	5),
(114,	8),
(115,	3),
(115,	5),
(115,	8),
(116,	5),
(116,	6),
(120,	3),
(120,	5),
(120,	6),
(120,	7),
(120,	8),
(121,	3),
(121,	5),
(121,	8),
(122,	3),
(122,	5),
(122,	8),
(123,	5),
(123,	6),
(124,	3),
(124,	4),
(124,	5),
(124,	6),
(124,	7),
(124,	8),
(125,	3),
(125,	4),
(125,	5),
(125,	8),
(126,	3),
(126,	4),
(126,	5),
(126,	8),
(127,	5),
(127,	6),
(128,	3),
(128,	4),
(128,	5),
(128,	6),
(128,	7),
(128,	8),
(129,	3),
(129,	4),
(129,	5),
(129,	8),
(130,	3),
(130,	4),
(130,	5),
(130,	8),
(131,	5),
(131,	6),
(132,	3),
(132,	5),
(132,	6),
(132,	7),
(132,	8),
(133,	3),
(133,	5),
(133,	8),
(134,	3),
(134,	5),
(134,	8),
(135,	5),
(135,	6),
(136,	3),
(136,	5),
(136,	6),
(136,	7),
(136,	8),
(137,	3),
(137,	5),
(137,	8),
(138,	3),
(138,	5),
(138,	8),
(139,	5),
(139,	6),
(140,	3),
(140,	5),
(140,	6),
(140,	7),
(140,	8),
(141,	3),
(141,	5),
(141,	8),
(142,	3),
(142,	5),
(142,	8),
(143,	5),
(143,	6),
(144,	3),
(144,	5),
(144,	8),
(145,	3),
(145,	5),
(145,	6),
(145,	7),
(145,	8),
(146,	3),
(146,	5),
(146,	8),
(147,	3),
(147,	5),
(147,	8),
(148,	5),
(148,	6),
(149,	3),
(149,	5),
(149,	6),
(149,	7),
(149,	8),
(150,	3),
(150,	5),
(150,	8),
(151,	3),
(151,	5),
(151,	8),
(152,	5),
(152,	6),
(153,	3),
(153,	5),
(153,	6),
(153,	7),
(153,	8),
(154,	3),
(154,	5),
(154,	8),
(155,	3),
(155,	5),
(155,	8),
(156,	5),
(156,	6),
(157,	3),
(157,	5),
(157,	6),
(157,	7),
(157,	8),
(158,	3),
(158,	5),
(158,	8),
(159,	3),
(159,	5),
(159,	8),
(160,	5),
(160,	6),
(161,	3),
(161,	4),
(161,	5),
(161,	6),
(161,	7),
(161,	8),
(162,	3),
(162,	5),
(162,	6),
(162,	8),
(163,	3),
(163,	5),
(163,	6),
(163,	8),
(164,	3),
(164,	5),
(164,	6),
(164,	8),
(165,	5),
(166,	3),
(166,	4),
(166,	5),
(166,	6),
(166,	7),
(166,	8),
(167,	3),
(167,	4),
(167,	5),
(167,	6),
(167,	8),
(168,	3),
(168,	4),
(168,	5),
(168,	6),
(168,	8),
(169,	3),
(169,	4),
(169,	5),
(169,	6),
(169,	7),
(169,	8),
(170,	3),
(170,	5),
(170,	6),
(170,	7),
(170,	8),
(171,	3),
(171,	5),
(171,	8),
(172,	3),
(172,	5),
(172,	8),
(173,	5),
(173,	6),
(174,	3),
(174,	5),
(174,	6),
(174,	7),
(174,	8),
(175,	3),
(175,	5),
(175,	8),
(176,	3),
(176,	5),
(176,	8),
(177,	3),
(177,	5),
(177,	8),
(178,	5),
(178,	6),
(179,	3),
(179,	5),
(179,	6),
(179,	7),
(179,	8),
(180,	3),
(180,	5),
(180,	8),
(181,	3),
(181,	5),
(181,	8),
(182,	5),
(182,	6),
(183,	3),
(183,	5),
(183,	6),
(183,	7),
(183,	8),
(184,	3),
(184,	5),
(184,	8),
(185,	3),
(185,	5),
(185,	8),
(186,	5),
(186,	6),
(187,	3),
(187,	5),
(187,	6),
(187,	7),
(187,	8),
(188,	3),
(188,	5),
(188,	8),
(189,	3),
(189,	5),
(189,	8),
(190,	3),
(190,	5),
(190,	8),
(191,	5),
(191,	6),
(192,	3),
(192,	5),
(192,	6),
(192,	7),
(192,	8),
(193,	3),
(193,	5),
(193,	8),
(194,	3),
(194,	5),
(194,	8),
(195,	5),
(195,	6),
(196,	3),
(196,	5),
(196,	6),
(196,	7),
(196,	8),
(197,	3),
(197,	5),
(197,	8),
(198,	3),
(198,	5),
(198,	8),
(199,	3),
(199,	5),
(199,	8),
(200,	3),
(200,	5),
(200,	6),
(200,	7),
(200,	8),
(201,	3),
(201,	5),
(201,	8),
(202,	3),
(202,	5),
(202,	8),
(203,	3),
(203,	5),
(203,	8),
(204,	3),
(204,	5),
(204,	6),
(204,	7),
(204,	8),
(205,	3),
(205,	5),
(205,	6),
(205,	7),
(205,	8),
(206,	3),
(206,	5),
(206,	8),
(207,	3),
(207,	5),
(207,	8),
(208,	3),
(208,	5),
(208,	8),
(209,	3),
(209,	5),
(209,	6),
(209,	7),
(209,	8),
(210,	3),
(210,	5),
(210,	6),
(210,	7),
(210,	8),
(211,	3),
(211,	5),
(211,	8),
(212,	3),
(212,	5),
(212,	8),
(213,	3),
(213,	5),
(213,	8),
(214,	5),
(214,	6),
(215,	3),
(215,	5),
(215,	6),
(215,	7),
(215,	8),
(216,	3),
(216,	5),
(216,	8),
(217,	3),
(217,	5),
(217,	8),
(218,	5),
(218,	6),
(219,	3),
(219,	5),
(219,	6),
(219,	7),
(219,	8),
(220,	3),
(220,	5),
(220,	6),
(220,	7),
(220,	8),
(221,	3),
(221,	5),
(221,	6),
(221,	7),
(221,	8),
(222,	3),
(222,	5),
(222,	6),
(222,	7),
(222,	8),
(223,	3),
(223,	5),
(223,	6),
(223,	7),
(223,	8),
(224,	3),
(224,	5),
(224,	6),
(224,	7),
(224,	8),
(225,	3),
(225,	5),
(225,	6),
(225,	7),
(225,	8),
(226,	3),
(226,	5),
(226,	6),
(226,	7),
(226,	8),
(227,	3),
(227,	5),
(227,	6),
(227,	7),
(227,	8),
(228,	3),
(228,	5),
(228,	6),
(228,	7),
(228,	8),
(229,	3),
(229,	5),
(229,	6),
(229,	7),
(229,	8),
(230,	3),
(230,	5),
(230,	6),
(230,	7),
(230,	8),
(231,	3),
(231,	5),
(231,	6),
(231,	7),
(231,	8),
(232,	1),
(232,	2),
(233,	1),
(233,	2),
(234,	1),
(234,	2),
(235,	1),
(235,	2),
(236,	1),
(236,	2),
(237,	1),
(237,	2),
(238,	1),
(238,	2),
(239,	1),
(239,	2);

DROP TABLE IF EXISTS `sys_scheduler`;
CREATE TABLE `sys_scheduler` (
  `id` bigint(20) unsigned NOT NULL AUTO_INCREMENT,
  `target_type` varchar(255) NOT NULL,
  `target_id` bigint(20) unsigned NOT NULL,
  `module` varchar(255) DEFAULT NULL,
  `process` text DEFAULT NULL,
  `message` text DEFAULT NULL,
  `created_by` bigint(20) unsigned DEFAULT NULL,
  `updated_by` bigint(20) unsigned DEFAULT NULL,
  `created_at` timestamp NULL DEFAULT NULL,
  `updated_at` timestamp NULL DEFAULT NULL,
  PRIMARY KEY (`id`),
  KEY `sys_scheduler_target_type_target_id_index` (`target_type`,`target_id`),
  KEY `sys_scheduler_module_index` (`module`),
  KEY `sys_scheduler_created_by_index` (`created_by`),
  KEY `sys_scheduler_updated_by_index` (`updated_by`),
  CONSTRAINT `sys_scheduler_created_by_foreign` FOREIGN KEY (`created_by`) REFERENCES `sys_users` (`id`),
  CONSTRAINT `sys_scheduler_updated_by_foreign` FOREIGN KEY (`updated_by`) REFERENCES `sys_users` (`id`)
) ENGINE=InnoDB DEFAULT CHARSET=utf8mb4 COLLATE=utf8mb4_unicode_ci;


DROP TABLE IF EXISTS `sys_users`;
CREATE TABLE `sys_users` (
  `id` bigint(20) unsigned NOT NULL AUTO_INCREMENT,
  `provider_id` bigint(20) unsigned DEFAULT NULL,
  `perusahaan_id` bigint(20) unsigned DEFAULT NULL,
  `position_id` bigint(20) unsigned DEFAULT NULL,
  `status` varchar(255) NOT NULL DEFAULT 'active' COMMENT 'active|nonactive',
  `type` varchar(16) NOT NULL DEFAULT 'internal' COMMENT 'internal, provider',
  `name` varchar(255) NOT NULL,
  `npp` varchar(255) DEFAULT NULL,
  `username` varchar(255) DEFAULT NULL,
  `email` varchar(255) NOT NULL,
  `jabatan_provider` varchar(255) DEFAULT NULL,
  `email_verified_at` timestamp NULL DEFAULT NULL,
  `password` varchar(255) NOT NULL,
  `nik` varchar(255) DEFAULT NULL,
  `image` varchar(255) DEFAULT NULL,
  `phone` varchar(255) DEFAULT NULL,
  `remember_token` varchar(100) DEFAULT NULL,
  `created_by` bigint(20) unsigned DEFAULT NULL,
  `updated_by` bigint(20) unsigned DEFAULT NULL,
  `created_at` timestamp NULL DEFAULT NULL,
  `updated_at` timestamp NULL DEFAULT NULL,
  PRIMARY KEY (`id`),
  UNIQUE KEY `sys_users_email_unique` (`email`),
  UNIQUE KEY `sys_users_username_unique` (`username`),
  KEY `sys_users_type_index` (`type`),
  KEY `sys_users_created_by_index` (`created_by`),
  KEY `sys_users_updated_by_index` (`updated_by`),
  KEY `sys_users_perusahaan_id_foreign` (`perusahaan_id`),
  KEY `sys_users_provider_id_foreign` (`provider_id`),
  KEY `sys_users_position_id_foreign` (`position_id`),
  CONSTRAINT `sys_users_created_by_foreign` FOREIGN KEY (`created_by`) REFERENCES `sys_users` (`id`),
  CONSTRAINT `sys_users_perusahaan_id_foreign` FOREIGN KEY (`perusahaan_id`) REFERENCES `ref_org_structs` (`id`),
  CONSTRAINT `sys_users_position_id_foreign` FOREIGN KEY (`position_id`) REFERENCES `ref_positions` (`id`),
  CONSTRAINT `sys_users_provider_id_foreign` FOREIGN KEY (`provider_id`) REFERENCES `ref_org_structs` (`id`),
  CONSTRAINT `sys_users_updated_by_foreign` FOREIGN KEY (`updated_by`) REFERENCES `sys_users` (`id`)
) ENGINE=InnoDB DEFAULT CHARSET=utf8mb4 COLLATE=utf8mb4_unicode_ci;

INSERT INTO `sys_users` (`id`, `provider_id`, `perusahaan_id`, `position_id`, `status`, `type`, `name`, `npp`, `username`, `email`, `jabatan_provider`, `email_verified_at`, `password`, `nik`, `image`, `phone`, `remember_token`, `created_by`, `updated_by`, `created_at`, `updated_at`) VALUES
(1,	NULL,	1,	NULL,	'active',	'internal',	'Super Administrator',	NULL,	'admin',	'admin@email.com',	NULL,	NULL,	'$2y$10$niKYxj.JYUxm6cUdSgp7luj2lEY6v7s9i9meBewITVFW4eGhV4RCq',	'admin',	NULL,	NULL,	NULL,	NULL,	NULL,	'2025-08-12 11:22:59',	'2025-08-12 11:22:59'),
(2,	NULL,	6,	1,	'active',	'internal',	'Agus Setya Sundayana',	NULL,	'agus.setya',	'agus.setya@ksi.co.id',	NULL,	NULL,	'$2y$10$niKYxj.JYUxm6cUdSgp7luj2lEY6v7s9i9meBewITVFW4eGhV4RCq',	NULL,	NULL,	NULL,	NULL,	NULL,	NULL,	'2025-08-12 11:22:59',	'2025-08-12 11:22:59'),
(3,	NULL,	6,	7,	'active',	'internal',	'Hedrin Hedriana Ayub',	NULL,	'hedrin.hedriana',	'hedrin.hedriana@ksi.co.id',	NULL,	NULL,	'$2y$10$niKYxj.JYUxm6cUdSgp7luj2lEY6v7s9i9meBewITVFW4eGhV4RCq',	NULL,	NULL,	NULL,	NULL,	NULL,	NULL,	'2025-08-12 11:22:59',	'2025-08-12 11:22:59'),
(4,	NULL,	6,	8,	'active',	'internal',	'Dadang Supriatna',	NULL,	'dadang.supriatna',	'dadang.supriatna@ksi.co.id',	NULL,	NULL,	'$2y$10$niKYxj.JYUxm6cUdSgp7luj2lEY6v7s9i9meBewITVFW4eGhV4RCq',	NULL,	NULL,	NULL,	NULL,	NULL,	NULL,	'2025-08-12 11:22:59',	'2025-08-12 11:22:59'),
(5,	NULL,	6,	14,	'active',	'internal',	'Sry Suhety',	NULL,	'sry.suhety',	'sry.suhety@ksi.co.id',	NULL,	NULL,	'$2y$10$niKYxj.JYUxm6cUdSgp7luj2lEY6v7s9i9meBewITVFW4eGhV4RCq',	NULL,	NULL,	NULL,	NULL,	NULL,	NULL,	'2025-08-12 11:22:59',	'2025-08-12 11:22:59'),
(6,	NULL,	6,	15,	'active',	'internal',	'Hari Nurfuadi',	NULL,	'hari.nurfuadi',	'hari.nurfuadi@ksi.co.id',	NULL,	NULL,	'$2y$10$niKYxj.JYUxm6cUdSgp7luj2lEY6v7s9i9meBewITVFW4eGhV4RCq',	NULL,	NULL,	NULL,	NULL,	NULL,	NULL,	'2025-08-12 11:22:59',	'2025-08-12 11:22:59'),
(7,	NULL,	5,	2,	'active',	'internal',	'Ali Marjan',	NULL,	'ali.marjan',	'ali.marjan@ksi.co.id',	NULL,	NULL,	'$2y$10$niKYxj.JYUxm6cUdSgp7luj2lEY6v7s9i9meBewITVFW4eGhV4RCq',	NULL,	NULL,	NULL,	NULL,	NULL,	NULL,	'2025-08-12 11:22:59',	'2025-08-12 11:22:59'),
(8,	NULL,	5,	16,	'active',	'internal',	'Roni Ramdhani',	NULL,	'roni.ramdhani',	'roni.ramdhani@ksi.co.id',	NULL,	NULL,	'$2y$10$niKYxj.JYUxm6cUdSgp7luj2lEY6v7s9i9meBewITVFW4eGhV4RCq',	NULL,	NULL,	NULL,	NULL,	NULL,	NULL,	'2025-08-12 11:22:59',	'2025-08-12 11:22:59'),
(9,	NULL,	4,	3,	'active',	'internal',	'Ahmad Mukti Ali',	NULL,	'ahmad.mukti',	'ahmad.mukti@ksi.co.id',	NULL,	NULL,	'$2y$10$niKYxj.JYUxm6cUdSgp7luj2lEY6v7s9i9meBewITVFW4eGhV4RCq',	NULL,	NULL,	NULL,	NULL,	NULL,	NULL,	'2025-08-12 11:22:59',	'2025-08-12 11:22:59'),
(10,	NULL,	4,	17,	'active',	'internal',	'Muhammad Faisal Islam',	NULL,	'muhammad.faisal',	'muhammad.faisal@ksi.co.id',	NULL,	NULL,	'$2y$10$niKYxj.JYUxm6cUdSgp7luj2lEY6v7s9i9meBewITVFW4eGhV4RCq',	NULL,	NULL,	NULL,	NULL,	NULL,	NULL,	'2025-08-12 11:22:59',	'2025-08-12 11:22:59'),
(11,	NULL,	1,	4,	'active',	'internal',	'Aries Pratama Putra',	NULL,	'aries.pratama',	'aries.pratama@ksi.co.id',	NULL,	NULL,	'$2y$10$niKYxj.JYUxm6cUdSgp7luj2lEY6v7s9i9meBewITVFW4eGhV4RCq',	NULL,	NULL,	NULL,	NULL,	NULL,	NULL,	'2025-08-12 11:22:59',	'2025-08-12 11:22:59'),
(12,	NULL,	1,	9,	'active',	'internal',	'Operation Senior Auditor',	NULL,	'opeation.senior',	'opeation.senior@ksi.co.id',	NULL,	NULL,	'$2y$10$niKYxj.JYUxm6cUdSgp7luj2lEY6v7s9i9meBewITVFW4eGhV4RCq',	NULL,	NULL,	NULL,	NULL,	NULL,	NULL,	'2025-08-12 11:22:59',	'2025-08-12 11:22:59'),
(13,	NULL,	1,	18,	'active',	'internal',	'Encup Martinawati',	NULL,	'encup.martinawati',	'encup.martinawati@ksi.co.id',	NULL,	NULL,	'$2y$10$niKYxj.JYUxm6cUdSgp7luj2lEY6v7s9i9meBewITVFW4eGhV4RCq',	NULL,	NULL,	NULL,	NULL,	NULL,	NULL,	'2025-08-12 11:22:59',	'2025-08-12 11:22:59'),
(14,	NULL,	1,	38,	'active',	'internal',	'Divisi HCM',	NULL,	'divisi.hcm',	'divisi.hcm@ksi.co.id',	NULL,	NULL,	'$2y$10$niKYxj.JYUxm6cUdSgp7luj2lEY6v7s9i9meBewITVFW4eGhV4RCq',	NULL,	NULL,	NULL,	NULL,	NULL,	NULL,	'2025-08-12 11:22:59',	'2025-08-12 11:22:59'),
(15,	NULL,	1,	4,	'active',	'internal',	'Rizqi Liliati',	NULL,	'rizqi.liliati',	'rizqi.liliati@ksi.co.id',	NULL,	NULL,	'$2y$10$niKYxj.JYUxm6cUdSgp7luj2lEY6v7s9i9meBewITVFW4eGhV4RCq',	NULL,	NULL,	NULL,	NULL,	NULL,	NULL,	'2025-08-12 11:22:59',	'2025-08-12 11:22:59'),
(16,	NULL,	3,	10,	'active',	'internal',	'Fathullah',	NULL,	'fathullah',	'fathullah@ksi.co.id',	NULL,	NULL,	'$2y$10$niKYxj.JYUxm6cUdSgp7luj2lEY6v7s9i9meBewITVFW4eGhV4RCq',	NULL,	NULL,	NULL,	NULL,	NULL,	NULL,	'2025-08-12 11:22:59',	'2025-08-12 11:22:59'),
(17,	NULL,	3,	12,	'active',	'internal',	'Yerina Boer',	NULL,	'yerina.boer',	'yerina.boer@ksi.co.id',	NULL,	NULL,	'$2y$10$niKYxj.JYUxm6cUdSgp7luj2lEY6v7s9i9meBewITVFW4eGhV4RCq',	NULL,	NULL,	NULL,	NULL,	NULL,	NULL,	'2025-08-12 11:22:59',	'2025-08-12 11:22:59'),
(18,	NULL,	1,	18,	'active',	'internal',	'Rizkie Wulansari',	NULL,	'rizkie.wulansari',	'rizkie.wulansari@ksi.co.id',	NULL,	NULL,	'$2y$10$niKYxj.JYUxm6cUdSgp7luj2lEY6v7s9i9meBewITVFW4eGhV4RCq',	NULL,	NULL,	NULL,	NULL,	NULL,	NULL,	'2025-08-12 11:22:59',	'2025-08-12 11:22:59'),
(19,	NULL,	3,	20,	'active',	'internal',	'Yoha Aristian',	NULL,	'yoha.aristian',	'yoha.aristian@ksi.co.id',	NULL,	NULL,	'$2y$10$niKYxj.JYUxm6cUdSgp7luj2lEY6v7s9i9meBewITVFW4eGhV4RCq',	NULL,	NULL,	NULL,	NULL,	NULL,	NULL,	'2025-08-12 11:22:59',	'2025-08-12 11:22:59'),
(20,	NULL,	3,	11,	'active',	'internal',	'Dedi Irwan Sutrisno',	NULL,	'dedi.irwan',	'dedi.irwan@ksi.co.id',	NULL,	NULL,	'$2y$10$niKYxj.JYUxm6cUdSgp7luj2lEY6v7s9i9meBewITVFW4eGhV4RCq',	NULL,	NULL,	NULL,	NULL,	NULL,	NULL,	'2025-08-12 11:22:59',	'2025-08-12 11:22:59'),
(21,	NULL,	1,	4,	'active',	'internal',	'Rudih Subagja',	NULL,	'rudih.subagja',	'rudih.subagja@ksi.co.id',	NULL,	NULL,	'$2y$10$niKYxj.JYUxm6cUdSgp7luj2lEY6v7s9i9meBewITVFW4eGhV4RCq',	NULL,	NULL,	NULL,	NULL,	NULL,	NULL,	'2025-08-12 11:22:59',	'2025-08-12 11:22:59'),
(22,	NULL,	2,	6,	'active',	'internal',	'Setiyarini',	NULL,	'setiyarini',	'setiyarini@ksi.co.id',	NULL,	NULL,	'$2y$10$niKYxj.JYUxm6cUdSgp7luj2lEY6v7s9i9meBewITVFW4eGhV4RCq',	NULL,	NULL,	NULL,	NULL,	NULL,	NULL,	'2025-08-12 11:22:59',	'2025-08-12 11:22:59'),
(23,	NULL,	2,	60,	'active',	'internal',	'TB Lukman',	NULL,	'lukman',	'tb.lukman@ksi.co.id',	NULL,	NULL,	'$2y$10$niKYxj.JYUxm6cUdSgp7luj2lEY6v7s9i9meBewITVFW4eGhV4RCq',	NULL,	NULL,	NULL,	NULL,	NULL,	NULL,	'2025-08-12 11:22:59',	'2025-08-12 11:22:59'),
(24,	NULL,	2,	59,	'active',	'internal',	'user corsec',	NULL,	'user.corsec',	'user.corsec@ksi.co.id',	NULL,	NULL,	'$2y$10$niKYxj.JYUxm6cUdSgp7luj2lEY6v7s9i9meBewITVFW4eGhV4RCq',	NULL,	NULL,	NULL,	NULL,	NULL,	NULL,	'2025-08-12 11:22:59',	'2025-08-12 11:22:59'),
(25,	NULL,	1,	26,	'active',	'internal',	'Alugoro Mulyowahyudi',	NULL,	'alugoro',	'alugoro@ksi.co.id',	NULL,	NULL,	'$2y$10$niKYxj.JYUxm6cUdSgp7luj2lEY6v7s9i9meBewITVFW4eGhV4RCq',	NULL,	NULL,	NULL,	NULL,	NULL,	NULL,	'2025-08-12 11:22:59',	'2025-08-12 11:22:59'),
(26,	NULL,	3,	5,	'active',	'internal',	'M. Hasim',	NULL,	'm.hasim',	'shef.muchawan@ksi.co.id',	NULL,	NULL,	'$2y$10$niKYxj.JYUxm6cUdSgp7luj2lEY6v7s9i9meBewITVFW4eGhV4RCq',	NULL,	NULL,	NULL,	NULL,	NULL,	NULL,	'2025-08-12 11:22:59',	'2025-08-12 11:22:59'),
(27,	NULL,	1,	37,	'active',	'internal',	'Arifa Norma',	NULL,	'Arifa',	'user_1_ksp@email.com',	NULL,	NULL,	'$2y$10$niKYxj.JYUxm6cUdSgp7luj2lEY6v7s9i9meBewITVFW4eGhV4RCq',	NULL,	NULL,	NULL,	NULL,	NULL,	NULL,	'2025-08-12 11:22:59',	'2025-08-12 11:22:59'),
(28,	NULL,	1,	NULL,	'active',	'internal',	'ADMIN PT KSI',	NULL,	'admin.ksi',	'adminksi@ptksi.id',	NULL,	NULL,	'$2y$10$niKYxj.JYUxm6cUdSgp7luj2lEY6v7s9i9meBewITVFW4eGhV4RCq',	NULL,	NULL,	NULL,	NULL,	NULL,	NULL,	'2025-08-12 11:22:59',	'2025-08-12 11:22:59'),
(29,	NULL,	6,	NULL,	'active',	'internal',	'ADMIN PT KBS',	NULL,	'admin.kbs',	'adminkbs@gmail.com',	NULL,	NULL,	'$2y$10$niKYxj.JYUxm6cUdSgp7luj2lEY6v7s9i9meBewITVFW4eGhV4RCq',	NULL,	NULL,	NULL,	NULL,	NULL,	NULL,	'2025-08-12 11:22:59',	'2025-08-12 11:22:59'),
(30,	NULL,	2,	NULL,	'active',	'internal',	'ADMIN PT KTI',	NULL,	'admin.kti',	'adminkti@gmail.com',	NULL,	NULL,	'$2y$10$niKYxj.JYUxm6cUdSgp7luj2lEY6v7s9i9meBewITVFW4eGhV4RCq',	NULL,	NULL,	NULL,	NULL,	NULL,	NULL,	'2025-08-12 11:22:59',	'2025-08-12 11:22:59'),
(31,	NULL,	4,	NULL,	'active',	'internal',	'ADMIN PT KJI',	NULL,	'admin.kji',	'adminkji@gmail.com',	NULL,	NULL,	'$2y$10$niKYxj.JYUxm6cUdSgp7luj2lEY6v7s9i9meBewITVFW4eGhV4RCq',	NULL,	NULL,	NULL,	NULL,	NULL,	NULL,	'2025-08-12 11:22:59',	'2025-08-12 11:22:59'),
(32,	NULL,	3,	NULL,	'active',	'internal',	'ADMIN KSP',	NULL,	'admin.ksp',	'adminksp@gmail.com',	NULL,	NULL,	'$2y$10$niKYxj.JYUxm6cUdSgp7luj2lEY6v7s9i9meBewITVFW4eGhV4RCq',	NULL,	NULL,	NULL,	NULL,	NULL,	NULL,	'2025-08-12 11:22:59',	'2025-08-12 11:22:59'),
(33,	NULL,	5,	NULL,	'active',	'internal',	'ADMIN KIT',	NULL,	'admin.kit',	'adminkit@gmail.com',	NULL,	NULL,	'$2y$10$niKYxj.JYUxm6cUdSgp7luj2lEY6v7s9i9meBewITVFW4eGhV4RCq',	NULL,	NULL,	NULL,	NULL,	NULL,	NULL,	'2025-08-12 11:22:59',	'2025-08-12 11:22:59'),
(34,	NULL,	1,	9,	'active',	'internal',	'Agus Herry Sutanto',	NULL,	'agus.ksi',	'agus@ptksi.id',	NULL,	NULL,	'$2y$10$niKYxj.JYUxm6cUdSgp7luj2lEY6v7s9i9meBewITVFW4eGhV4RCq',	NULL,	NULL,	NULL,	NULL,	NULL,	NULL,	'2025-08-12 11:22:59',	'2025-08-12 11:22:59'),
(35,	NULL,	2,	6,	'active',	'internal',	'SHEF MUCHAWAN',	NULL,	'shef',	'shef@krakatautirta.co.id',	NULL,	NULL,	'$2y$10$niKYxj.JYUxm6cUdSgp7luj2lEY6v7s9i9meBewITVFW4eGhV4RCq',	NULL,	NULL,	NULL,	NULL,	NULL,	NULL,	'2025-08-12 11:22:59',	'2025-08-12 11:22:59'),
(36,	NULL,	3,	21,	'active',	'internal',	'Ruri Ilham',	NULL,	'Ruri.Ilham',	'Ruri.Ilham@gmail.com',	NULL,	NULL,	'$2y$10$niKYxj.JYUxm6cUdSgp7luj2lEY6v7s9i9meBewITVFW4eGhV4RCq',	NULL,	NULL,	NULL,	NULL,	NULL,	NULL,	'2025-08-12 11:22:59',	'2025-08-12 11:22:59'),
(37,	NULL,	3,	39,	'active',	'internal',	'Dadang Sobur',	NULL,	'dadang.sobur',	'dadangsobur@krakatauport.co.id',	NULL,	NULL,	'$2y$10$niKYxj.JYUxm6cUdSgp7luj2lEY6v7s9i9meBewITVFW4eGhV4RCq',	NULL,	NULL,	NULL,	NULL,	NULL,	NULL,	'2025-08-12 11:22:59',	'2025-08-12 11:22:59'),
(38,	NULL,	6,	27,	'active',	'internal',	'Anton Firdaus',	NULL,	'anton.firdaus',	'anton.firdaus@krakatauport.co.id',	NULL,	NULL,	'$2y$10$niKYxj.JYUxm6cUdSgp7luj2lEY6v7s9i9meBewITVFW4eGhV4RCq',	NULL,	NULL,	NULL,	NULL,	NULL,	NULL,	'2025-08-12 11:22:59',	'2025-08-12 11:22:59'),
(39,	NULL,	6,	29,	'active',	'internal',	'Rositawati',	NULL,	'rositawati',	'rositawati@krakatauport.co.id',	NULL,	NULL,	'$2y$10$niKYxj.JYUxm6cUdSgp7luj2lEY6v7s9i9meBewITVFW4eGhV4RCq',	NULL,	NULL,	NULL,	NULL,	NULL,	NULL,	'2025-08-12 11:22:59',	'2025-08-12 11:22:59'),
(40,	NULL,	4,	32,	'active',	'internal',	'Susy Wulan Sari',	NULL,	'susy.wulan',	'susy.wulansari@krakataujasaindustri.com',	NULL,	NULL,	'$2y$10$niKYxj.JYUxm6cUdSgp7luj2lEY6v7s9i9meBewITVFW4eGhV4RCq',	NULL,	NULL,	NULL,	NULL,	NULL,	NULL,	'2025-08-12 11:22:59',	'2025-08-12 11:22:59'),
(41,	NULL,	2,	58,	'active',	'internal',	'Teguh',	NULL,	'teguh',	'teguh@krakatautirta.co.id',	NULL,	NULL,	'$2y$10$niKYxj.JYUxm6cUdSgp7luj2lEY6v7s9i9meBewITVFW4eGhV4RCq',	NULL,	NULL,	NULL,	NULL,	NULL,	NULL,	'2025-08-12 11:22:59',	'2025-08-12 11:22:59'),
(42,	NULL,	2,	33,	'active',	'internal',	'Hafidz',	NULL,	'hafidz',	'hafidz@krakatautirta.co.id',	NULL,	NULL,	'$2y$10$niKYxj.JYUxm6cUdSgp7luj2lEY6v7s9i9meBewITVFW4eGhV4RCq',	NULL,	NULL,	NULL,	NULL,	NULL,	NULL,	'2025-08-12 11:22:59',	'2025-08-12 11:22:59'),
(43,	NULL,	2,	34,	'active',	'internal',	'ISA RIFAI',	NULL,	'isa.r',	'isa191@krakatautirta.co.id',	NULL,	NULL,	'$2y$10$niKYxj.JYUxm6cUdSgp7luj2lEY6v7s9i9meBewITVFW4eGhV4RCq',	NULL,	NULL,	NULL,	NULL,	NULL,	NULL,	'2025-08-12 11:22:59',	'2025-08-12 11:22:59'),
(44,	NULL,	6,	40,	'active',	'internal',	'Hikmatul Laila',	NULL,	'hikmatul.laila',	'IMA.KBS@GMAIL.COM',	NULL,	NULL,	'$2y$10$niKYxj.JYUxm6cUdSgp7luj2lEY6v7s9i9meBewITVFW4eGhV4RCq',	NULL,	NULL,	NULL,	NULL,	NULL,	NULL,	'2025-08-12 11:22:59',	'2025-08-12 11:22:59'),
(45,	NULL,	6,	22,	'active',	'internal',	'Mulyadi',	NULL,	'mulyadi',	'EMULL2003@YAHOO.COM',	NULL,	NULL,	'$2y$10$niKYxj.JYUxm6cUdSgp7luj2lEY6v7s9i9meBewITVFW4eGhV4RCq',	NULL,	NULL,	NULL,	NULL,	NULL,	NULL,	'2025-08-12 11:22:59',	'2025-08-12 11:22:59'),
(46,	NULL,	6,	30,	'active',	'internal',	'Puji Winarto',	NULL,	'puji.winarto',	'puji.winarto@krakatauport.co.id',	NULL,	NULL,	'$2y$10$niKYxj.JYUxm6cUdSgp7luj2lEY6v7s9i9meBewITVFW4eGhV4RCq',	NULL,	NULL,	NULL,	NULL,	NULL,	NULL,	'2025-08-12 11:22:59',	'2025-08-12 11:22:59'),
(47,	NULL,	6,	31,	'active',	'internal',	'Zaenal Arifin Muslim',	NULL,	'zaenal.arifin',	'zaenala.muslim@krakatauport.co.id',	NULL,	NULL,	'$2y$10$niKYxj.JYUxm6cUdSgp7luj2lEY6v7s9i9meBewITVFW4eGhV4RCq',	NULL,	NULL,	NULL,	NULL,	NULL,	NULL,	'2025-08-12 11:22:59',	'2025-08-12 11:22:59'),
(48,	NULL,	6,	23,	'active',	'internal',	'Harli Sapto Buwono',	NULL,	'harli.sapto',	'HARLY.BUWONO@GMAIL.COM',	NULL,	NULL,	'$2y$10$niKYxj.JYUxm6cUdSgp7luj2lEY6v7s9i9meBewITVFW4eGhV4RCq',	NULL,	NULL,	NULL,	NULL,	NULL,	NULL,	'2025-08-12 11:22:59',	'2025-08-12 11:22:59'),
(49,	NULL,	6,	24,	'active',	'internal',	'Andri Subyakto',	NULL,	'andri.subyakto',	'ANDRI.SBK@GMAIL.COM',	NULL,	NULL,	'$2y$10$niKYxj.JYUxm6cUdSgp7luj2lEY6v7s9i9meBewITVFW4eGhV4RCq',	NULL,	NULL,	NULL,	NULL,	NULL,	NULL,	'2025-08-12 11:22:59',	'2025-08-12 11:22:59'),
(50,	NULL,	6,	25,	'active',	'internal',	'M. Hanif Rachman Wijaya',	NULL,	'hanif.rachman',	'hanifwijaya@krakatauport.co.id',	NULL,	NULL,	'$2y$10$niKYxj.JYUxm6cUdSgp7luj2lEY6v7s9i9meBewITVFW4eGhV4RCq',	NULL,	NULL,	NULL,	NULL,	NULL,	NULL,	'2025-08-12 11:22:59',	'2025-08-12 11:22:59'),
(51,	NULL,	6,	41,	'active',	'internal',	'Ahmad Amal',	NULL,	'ahmad.amal',	'AHMADAMAL@YAHOO.COM',	NULL,	NULL,	'$2y$10$niKYxj.JYUxm6cUdSgp7luj2lEY6v7s9i9meBewITVFW4eGhV4RCq',	NULL,	NULL,	NULL,	NULL,	NULL,	NULL,	'2025-08-12 11:22:59',	'2025-08-12 11:22:59'),
(52,	NULL,	5,	57,	'active',	'internal',	'Sugiarni',	NULL,	'sugiarni',	'sugiarni@krakatau-it.co.id',	NULL,	NULL,	'$2y$10$niKYxj.JYUxm6cUdSgp7luj2lEY6v7s9i9meBewITVFW4eGhV4RCq',	NULL,	NULL,	NULL,	NULL,	NULL,	NULL,	'2025-08-12 11:22:59',	'2025-08-12 11:22:59'),
(53,	NULL,	3,	36,	'active',	'internal',	'AGUNG LAKSONO NUGROHO',	NULL,	'agung.laksononugroho',	'agung.ln@gmail.com',	NULL,	NULL,	'$2y$10$niKYxj.JYUxm6cUdSgp7luj2lEY6v7s9i9meBewITVFW4eGhV4RCq',	NULL,	NULL,	NULL,	NULL,	NULL,	NULL,	'2025-08-12 11:22:59',	'2025-08-12 11:22:59');

DROP TABLE IF EXISTS `temp_files`;
CREATE TABLE `temp_files` (
  `id` bigint(20) unsigned NOT NULL AUTO_INCREMENT,
  `file_name` varchar(255) NOT NULL,
  `file_path` varchar(255) NOT NULL,
  `file_size` varchar(255) DEFAULT NULL,
  `flag` varchar(255) DEFAULT NULL,
  `created_by` bigint(20) unsigned DEFAULT NULL,
  `updated_by` bigint(20) unsigned DEFAULT NULL,
  `created_at` timestamp NULL DEFAULT NULL,
  `updated_at` timestamp NULL DEFAULT NULL,
  PRIMARY KEY (`id`),
  KEY `temp_files_created_by_index` (`created_by`),
  KEY `temp_files_updated_by_index` (`updated_by`),
  CONSTRAINT `temp_files_created_by_foreign` FOREIGN KEY (`created_by`) REFERENCES `sys_users` (`id`),
  CONSTRAINT `temp_files_updated_by_foreign` FOREIGN KEY (`updated_by`) REFERENCES `sys_users` (`id`)
) ENGINE=InnoDB DEFAULT CHARSET=utf8mb4 COLLATE=utf8mb4_unicode_ci;


DROP TABLE IF EXISTS `trans_apm`;
CREATE TABLE `trans_apm` (
  `id` bigint(20) unsigned NOT NULL AUTO_INCREMENT,
  `summary_id` bigint(20) unsigned NOT NULL,
  `regarding` varchar(255) NOT NULL,
  `info_type` varchar(255) DEFAULT NULL COMMENT 'biasa|rahasia',
  `no_apm` varchar(255) DEFAULT NULL,
  `date` timestamp NULL DEFAULT NULL,
  `background` text DEFAULT NULL,
  `period` text DEFAULT NULL,
  `plan` text DEFAULT NULL,
  `overview` longtext DEFAULT NULL,
  `scope` longtext DEFAULT NULL,
  `approach` longtext DEFAULT NULL,
  `allocation` text DEFAULT NULL,
  `regulation` longtext DEFAULT NULL,
  `instruksi` longtext DEFAULT NULL,
  `kesimpulan` longtext DEFAULT NULL,
  `rekomendasi` longtext DEFAULT NULL,
  `status` varchar(255) NOT NULL DEFAULT 'new',
  `upgrade_reject` longtext DEFAULT NULL,
  `version` smallint(6) NOT NULL DEFAULT 0,
  `created_by` bigint(20) unsigned DEFAULT NULL,
  `updated_by` bigint(20) unsigned DEFAULT NULL,
  `created_at` timestamp NULL DEFAULT NULL,
  `updated_at` timestamp NULL DEFAULT NULL,
  PRIMARY KEY (`id`),
  KEY `trans_apm_summary_id_foreign` (`summary_id`),
  KEY `trans_apm_created_by_index` (`created_by`),
  KEY `trans_apm_updated_by_index` (`updated_by`),
  CONSTRAINT `trans_apm_created_by_foreign` FOREIGN KEY (`created_by`) REFERENCES `sys_users` (`id`),
  CONSTRAINT `trans_apm_summary_id_foreign` FOREIGN KEY (`summary_id`) REFERENCES `trans_rkia_summary` (`id`),
  CONSTRAINT `trans_apm_updated_by_foreign` FOREIGN KEY (`updated_by`) REFERENCES `sys_users` (`id`)
) ENGINE=InnoDB DEFAULT CHARSET=utf8mb4 COLLATE=utf8mb4_unicode_ci;


DROP TABLE IF EXISTS `trans_apm_cc`;
CREATE TABLE `trans_apm_cc` (
  `apm_id` bigint(20) unsigned NOT NULL,
  `user_id` bigint(20) unsigned NOT NULL,
  PRIMARY KEY (`apm_id`,`user_id`),
  KEY `trans_apm_cc_user_id_foreign` (`user_id`),
  CONSTRAINT `trans_apm_cc_apm_id_foreign` FOREIGN KEY (`apm_id`) REFERENCES `trans_apm` (`id`) ON DELETE CASCADE,
  CONSTRAINT `trans_apm_cc_user_id_foreign` FOREIGN KEY (`user_id`) REFERENCES `sys_users` (`id`)
) ENGINE=InnoDB DEFAULT CHARSET=utf8mb4 COLLATE=utf8mb4_unicode_ci;


DROP TABLE IF EXISTS `trans_apm_details`;
CREATE TABLE `trans_apm_details` (
  `id` bigint(20) unsigned NOT NULL AUTO_INCREMENT,
  `apm_id` bigint(20) unsigned NOT NULL,
  `user_id` bigint(20) unsigned NOT NULL,
  `agenda` bigint(20) unsigned NOT NULL,
  `date_start` timestamp NULL DEFAULT NULL,
  `date_end` timestamp NULL DEFAULT NULL,
  `order` int(11) NOT NULL DEFAULT 1,
  `created_by` bigint(20) unsigned DEFAULT NULL,
  `updated_by` bigint(20) unsigned DEFAULT NULL,
  `created_at` timestamp NULL DEFAULT NULL,
  `updated_at` timestamp NULL DEFAULT NULL,
  PRIMARY KEY (`id`),
  KEY `trans_apm_details_apm_id_foreign` (`apm_id`),
  KEY `trans_apm_details_user_id_foreign` (`user_id`),
  KEY `trans_apm_details_created_by_index` (`created_by`),
  KEY `trans_apm_details_updated_by_index` (`updated_by`),
  CONSTRAINT `trans_apm_details_apm_id_foreign` FOREIGN KEY (`apm_id`) REFERENCES `trans_apm` (`id`) ON DELETE CASCADE,
  CONSTRAINT `trans_apm_details_created_by_foreign` FOREIGN KEY (`created_by`) REFERENCES `sys_users` (`id`),
  CONSTRAINT `trans_apm_details_updated_by_foreign` FOREIGN KEY (`updated_by`) REFERENCES `sys_users` (`id`),
  CONSTRAINT `trans_apm_details_user_id_foreign` FOREIGN KEY (`user_id`) REFERENCES `sys_users` (`id`)
) ENGINE=InnoDB DEFAULT CHARSET=utf8mb4 COLLATE=utf8mb4_unicode_ci;


DROP TABLE IF EXISTS `trans_apm_references`;
CREATE TABLE `trans_apm_references` (
  `apm_id` bigint(20) unsigned NOT NULL,
  `reference_id` bigint(20) unsigned NOT NULL,
  PRIMARY KEY (`apm_id`,`reference_id`),
  KEY `trans_apm_references_reference_id_foreign` (`reference_id`),
  CONSTRAINT `trans_apm_references_apm_id_foreign` FOREIGN KEY (`apm_id`) REFERENCES `trans_apm` (`id`) ON DELETE CASCADE,
  CONSTRAINT `trans_apm_references_reference_id_foreign` FOREIGN KEY (`reference_id`) REFERENCES `ref_audit_reference` (`id`)
) ENGINE=InnoDB DEFAULT CHARSET=utf8mb4 COLLATE=utf8mb4_unicode_ci;


DROP TABLE IF EXISTS `trans_apm_users`;
CREATE TABLE `trans_apm_users` (
  `apm_id` bigint(20) unsigned NOT NULL,
  `user_id` bigint(20) unsigned NOT NULL,
  PRIMARY KEY (`apm_id`,`user_id`),
  KEY `trans_apm_users_user_id_foreign` (`user_id`),
  CONSTRAINT `trans_apm_users_apm_id_foreign` FOREIGN KEY (`apm_id`) REFERENCES `trans_apm` (`id`) ON DELETE CASCADE,
  CONSTRAINT `trans_apm_users_user_id_foreign` FOREIGN KEY (`user_id`) REFERENCES `sys_users` (`id`)
) ENGINE=InnoDB DEFAULT CHARSET=utf8mb4 COLLATE=utf8mb4_unicode_ci;


DROP TABLE IF EXISTS `trans_assignments`;
CREATE TABLE `trans_assignments` (
  `id` bigint(20) unsigned NOT NULL AUTO_INCREMENT,
  `summary_id` bigint(20) unsigned NOT NULL,
  `perihal` mediumtext NOT NULL,
  `from_id` bigint(20) unsigned DEFAULT NULL,
  `letter_manual` varchar(255) DEFAULT NULL,
  `letter_date` timestamp NULL DEFAULT NULL,
  `to_address` text DEFAULT NULL,
  `pic_id` bigint(20) unsigned NOT NULL,
  `leader_id` bigint(20) unsigned NOT NULL,
  `date_start` timestamp NULL DEFAULT NULL,
  `date_end` timestamp NULL DEFAULT NULL,
  `description` longtext DEFAULT NULL,
  `objective` varchar(2048) DEFAULT NULL,
  `note` longtext DEFAULT NULL,
  `penutup` longtext DEFAULT NULL,
  `approval_note` tinytext DEFAULT NULL,
  `approval_from_status` varchar(255) DEFAULT NULL,
  `approval_from_at` datetime DEFAULT NULL,
  `revisi_note` tinytext DEFAULT NULL,
  `revisi_from_status` varchar(255) DEFAULT NULL,
  `revisi_from_at` datetime DEFAULT NULL,
  `status` varchar(255) NOT NULL DEFAULT 'new',
  `upgrade_reject` longtext DEFAULT NULL,
  `version` smallint(6) NOT NULL DEFAULT 0,
  `created_by` bigint(20) unsigned DEFAULT NULL,
  `updated_by` bigint(20) unsigned DEFAULT NULL,
  `created_at` timestamp NULL DEFAULT NULL,
  `updated_at` timestamp NULL DEFAULT NULL,
  PRIMARY KEY (`id`),
  KEY `trans_assignments_summary_id_foreign` (`summary_id`),
  KEY `trans_assignments_from_id_foreign` (`from_id`),
  KEY `trans_assignments_pic_id_foreign` (`pic_id`),
  KEY `trans_assignments_leader_id_foreign` (`leader_id`),
  KEY `trans_assignments_created_by_index` (`created_by`),
  KEY `trans_assignments_updated_by_index` (`updated_by`),
  CONSTRAINT `trans_assignments_created_by_foreign` FOREIGN KEY (`created_by`) REFERENCES `sys_users` (`id`),
  CONSTRAINT `trans_assignments_from_id_foreign` FOREIGN KEY (`from_id`) REFERENCES `sys_users` (`id`),
  CONSTRAINT `trans_assignments_leader_id_foreign` FOREIGN KEY (`leader_id`) REFERENCES `sys_users` (`id`),
  CONSTRAINT `trans_assignments_pic_id_foreign` FOREIGN KEY (`pic_id`) REFERENCES `sys_users` (`id`),
  CONSTRAINT `trans_assignments_summary_id_foreign` FOREIGN KEY (`summary_id`) REFERENCES `trans_rkia_summary` (`id`),
  CONSTRAINT `trans_assignments_updated_by_foreign` FOREIGN KEY (`updated_by`) REFERENCES `sys_users` (`id`)
) ENGINE=InnoDB DEFAULT CHARSET=utf8mb4 COLLATE=utf8mb4_unicode_ci;


DROP TABLE IF EXISTS `trans_assignments_aspects`;
CREATE TABLE `trans_assignments_aspects` (
  `assignment_id` bigint(20) unsigned NOT NULL,
  `aspect_id` bigint(20) unsigned NOT NULL,
  PRIMARY KEY (`assignment_id`,`aspect_id`),
  KEY `trans_assignments_aspects_aspect_id_foreign` (`aspect_id`),
  CONSTRAINT `trans_assignments_aspects_aspect_id_foreign` FOREIGN KEY (`aspect_id`) REFERENCES `ref_aspects` (`id`),
  CONSTRAINT `trans_assignments_aspects_assignment_id_foreign` FOREIGN KEY (`assignment_id`) REFERENCES `trans_assignments` (`id`) ON DELETE CASCADE
) ENGINE=InnoDB DEFAULT CHARSET=utf8mb4 COLLATE=utf8mb4_unicode_ci;


DROP TABLE IF EXISTS `trans_assignments_cc`;
CREATE TABLE `trans_assignments_cc` (
  `assignment_id` bigint(20) unsigned NOT NULL,
  `user_id` bigint(20) unsigned NOT NULL,
  PRIMARY KEY (`assignment_id`,`user_id`),
  KEY `trans_assignments_cc_user_id_foreign` (`user_id`),
  CONSTRAINT `trans_assignments_cc_assignment_id_foreign` FOREIGN KEY (`assignment_id`) REFERENCES `trans_assignments` (`id`) ON DELETE CASCADE,
  CONSTRAINT `trans_assignments_cc_user_id_foreign` FOREIGN KEY (`user_id`) REFERENCES `sys_users` (`id`)
) ENGINE=InnoDB DEFAULT CHARSET=utf8mb4 COLLATE=utf8mb4_unicode_ci;


DROP TABLE IF EXISTS `trans_assignments_members`;
CREATE TABLE `trans_assignments_members` (
  `assignment_id` bigint(20) unsigned NOT NULL,
  `user_id` bigint(20) unsigned NOT NULL,
  PRIMARY KEY (`assignment_id`,`user_id`),
  KEY `trans_assignments_members_user_id_foreign` (`user_id`),
  CONSTRAINT `trans_assignments_members_assignment_id_foreign` FOREIGN KEY (`assignment_id`) REFERENCES `trans_assignments` (`id`) ON DELETE CASCADE,
  CONSTRAINT `trans_assignments_members_user_id_foreign` FOREIGN KEY (`user_id`) REFERENCES `sys_users` (`id`)
) ENGINE=InnoDB DEFAULT CHARSET=utf8mb4 COLLATE=utf8mb4_unicode_ci;


DROP TABLE IF EXISTS `trans_assignments_users`;
CREATE TABLE `trans_assignments_users` (
  `assignment_id` bigint(20) unsigned NOT NULL,
  `user_id` bigint(20) unsigned NOT NULL,
  PRIMARY KEY (`assignment_id`,`user_id`),
  KEY `trans_assignments_users_user_id_foreign` (`user_id`),
  CONSTRAINT `trans_assignments_users_assignment_id_foreign` FOREIGN KEY (`assignment_id`) REFERENCES `trans_assignments` (`id`) ON DELETE CASCADE,
  CONSTRAINT `trans_assignments_users_user_id_foreign` FOREIGN KEY (`user_id`) REFERENCES `sys_users` (`id`)
) ENGINE=InnoDB DEFAULT CHARSET=utf8mb4 COLLATE=utf8mb4_unicode_ci;


DROP TABLE IF EXISTS `trans_bukti_permulaan`;
CREATE TABLE `trans_bukti_permulaan` (
  `id` bigint(20) unsigned NOT NULL AUTO_INCREMENT,
  `perusahaan_id` bigint(20) unsigned NOT NULL,
  `tahun` varchar(4) NOT NULL,
  `object_id` bigint(20) unsigned NOT NULL,
  `no_bukti_permulaan` varchar(255) DEFAULT NULL,
  `date` date DEFAULT NULL,
  `description` longtext DEFAULT NULL,
  `status` varchar(255) NOT NULL,
  `upgrade_reject` longtext DEFAULT NULL,
  `version` smallint(6) NOT NULL DEFAULT 0,
  `created_by` bigint(20) unsigned DEFAULT NULL,
  `updated_by` bigint(20) unsigned DEFAULT NULL,
  `created_at` timestamp NULL DEFAULT NULL,
  `updated_at` timestamp NULL DEFAULT NULL,
  PRIMARY KEY (`id`),
  KEY `trans_bukti_permulaan_perusahaan_id_foreign` (`perusahaan_id`),
  KEY `trans_bukti_permulaan_object_id_foreign` (`object_id`),
  KEY `trans_bukti_permulaan_created_by_index` (`created_by`),
  KEY `trans_bukti_permulaan_updated_by_index` (`updated_by`),
  CONSTRAINT `trans_bukti_permulaan_created_by_foreign` FOREIGN KEY (`created_by`) REFERENCES `sys_users` (`id`),
  CONSTRAINT `trans_bukti_permulaan_object_id_foreign` FOREIGN KEY (`object_id`) REFERENCES `ref_org_structs` (`id`),
  CONSTRAINT `trans_bukti_permulaan_perusahaan_id_foreign` FOREIGN KEY (`perusahaan_id`) REFERENCES `ref_org_structs` (`id`),
  CONSTRAINT `trans_bukti_permulaan_updated_by_foreign` FOREIGN KEY (`updated_by`) REFERENCES `sys_users` (`id`)
) ENGINE=InnoDB DEFAULT CHARSET=utf8mb4 COLLATE=utf8mb4_unicode_ci;


DROP TABLE IF EXISTS `trans_bukti_permulaan_detail`;
CREATE TABLE `trans_bukti_permulaan_detail` (
  `id` bigint(20) unsigned NOT NULL AUTO_INCREMENT,
  `bukti_permulaan_id` bigint(20) unsigned NOT NULL,
  `jenis_id` bigint(20) unsigned DEFAULT NULL,
  `no_bukti` varchar(255) DEFAULT NULL,
  `tgl_bukti` date DEFAULT NULL,
  `uraian` longtext DEFAULT NULL,
  `created_by` bigint(20) unsigned DEFAULT NULL,
  `updated_by` bigint(20) unsigned DEFAULT NULL,
  `created_at` timestamp NULL DEFAULT NULL,
  `updated_at` timestamp NULL DEFAULT NULL,
  PRIMARY KEY (`id`),
  KEY `trans_bukti_permulaan_detail_bukti_permulaan_id_foreign` (`bukti_permulaan_id`),
  KEY `trans_bukti_permulaan_detail_jenis_id_foreign` (`jenis_id`),
  KEY `trans_bukti_permulaan_detail_created_by_index` (`created_by`),
  KEY `trans_bukti_permulaan_detail_updated_by_index` (`updated_by`),
  CONSTRAINT `trans_bukti_permulaan_detail_bukti_permulaan_id_foreign` FOREIGN KEY (`bukti_permulaan_id`) REFERENCES `trans_bukti_permulaan` (`id`),
  CONSTRAINT `trans_bukti_permulaan_detail_created_by_foreign` FOREIGN KEY (`created_by`) REFERENCES `sys_users` (`id`),
  CONSTRAINT `trans_bukti_permulaan_detail_jenis_id_foreign` FOREIGN KEY (`jenis_id`) REFERENCES `ref_jenis_bukti_permulaan` (`id`),
  CONSTRAINT `trans_bukti_permulaan_detail_updated_by_foreign` FOREIGN KEY (`updated_by`) REFERENCES `sys_users` (`id`)
) ENGINE=InnoDB DEFAULT CHARSET=utf8mb4 COLLATE=utf8mb4_unicode_ci;


DROP TABLE IF EXISTS `trans_closing`;
CREATE TABLE `trans_closing` (
  `id` bigint(20) unsigned NOT NULL AUTO_INCREMENT,
  `summary_id` bigint(20) unsigned NOT NULL,
  `memo_closing_id` bigint(20) unsigned DEFAULT NULL,
  `date` date DEFAULT NULL,
  `code` varchar(255) DEFAULT NULL,
  `status` varchar(255) NOT NULL DEFAULT 'new',
  `upgrade_reject` longtext DEFAULT NULL,
  `version` smallint(6) NOT NULL DEFAULT 0,
  `created_by` bigint(20) unsigned DEFAULT NULL,
  `updated_by` bigint(20) unsigned DEFAULT NULL,
  `created_at` timestamp NULL DEFAULT NULL,
  `updated_at` timestamp NULL DEFAULT NULL,
  PRIMARY KEY (`id`),
  KEY `trans_closing_summary_id_foreign` (`summary_id`),
  KEY `trans_closing_memo_closing_id_foreign` (`memo_closing_id`),
  KEY `trans_closing_created_by_index` (`created_by`),
  KEY `trans_closing_updated_by_index` (`updated_by`),
  CONSTRAINT `trans_closing_created_by_foreign` FOREIGN KEY (`created_by`) REFERENCES `sys_users` (`id`),
  CONSTRAINT `trans_closing_memo_closing_id_foreign` FOREIGN KEY (`memo_closing_id`) REFERENCES `trans_memo_closing` (`id`),
  CONSTRAINT `trans_closing_summary_id_foreign` FOREIGN KEY (`summary_id`) REFERENCES `trans_rkia_summary` (`id`),
  CONSTRAINT `trans_closing_updated_by_foreign` FOREIGN KEY (`updated_by`) REFERENCES `sys_users` (`id`)
) ENGINE=InnoDB DEFAULT CHARSET=utf8mb4 COLLATE=utf8mb4_unicode_ci;


DROP TABLE IF EXISTS `trans_closing_cc`;
CREATE TABLE `trans_closing_cc` (
  `closing_id` bigint(20) unsigned NOT NULL,
  `user_id` bigint(20) unsigned NOT NULL,
  PRIMARY KEY (`closing_id`,`user_id`),
  KEY `trans_closing_cc_user_id_foreign` (`user_id`),
  CONSTRAINT `trans_closing_cc_closing_id_foreign` FOREIGN KEY (`closing_id`) REFERENCES `trans_closing` (`id`) ON DELETE CASCADE,
  CONSTRAINT `trans_closing_cc_user_id_foreign` FOREIGN KEY (`user_id`) REFERENCES `sys_users` (`id`)
) ENGINE=InnoDB DEFAULT CHARSET=utf8mb4 COLLATE=utf8mb4_unicode_ci;


DROP TABLE IF EXISTS `trans_closing_details`;
CREATE TABLE `trans_closing_details` (
  `id` bigint(20) unsigned NOT NULL AUTO_INCREMENT,
  `closing_id` bigint(20) unsigned NOT NULL,
  `place` varchar(255) NOT NULL,
  `date` timestamp NOT NULL DEFAULT current_timestamp() ON UPDATE current_timestamp(),
  `time_start` varchar(255) NOT NULL,
  `time_end` varchar(255) DEFAULT NULL,
  `time_selesai` tinyint(4) DEFAULT NULL,
  `sekaligus_exit_meeting` varchar(255) DEFAULT NULL,
  `link` text DEFAULT NULL,
  `description` text DEFAULT NULL,
  `recap_meeting` longtext DEFAULT NULL,
  `notulen_rapat` longtext DEFAULT NULL,
  `flag` varchar(255) NOT NULL DEFAULT 'new' COMMENT 'new|draft|completed',
  `created_by` bigint(20) unsigned DEFAULT NULL,
  `updated_by` bigint(20) unsigned DEFAULT NULL,
  `created_at` timestamp NULL DEFAULT NULL,
  `updated_at` timestamp NULL DEFAULT NULL,
  PRIMARY KEY (`id`),
  KEY `trans_closing_details_closing_id_foreign` (`closing_id`),
  KEY `trans_closing_details_created_by_index` (`created_by`),
  KEY `trans_closing_details_updated_by_index` (`updated_by`),
  CONSTRAINT `trans_closing_details_closing_id_foreign` FOREIGN KEY (`closing_id`) REFERENCES `trans_closing` (`id`) ON DELETE CASCADE,
  CONSTRAINT `trans_closing_details_created_by_foreign` FOREIGN KEY (`created_by`) REFERENCES `sys_users` (`id`),
  CONSTRAINT `trans_closing_details_updated_by_foreign` FOREIGN KEY (`updated_by`) REFERENCES `sys_users` (`id`)
) ENGINE=InnoDB DEFAULT CHARSET=utf8mb4 COLLATE=utf8mb4_unicode_ci;


DROP TABLE IF EXISTS `trans_closing_details_parts`;
CREATE TABLE `trans_closing_details_parts` (
  `id` bigint(20) unsigned NOT NULL AUTO_INCREMENT,
  `type` tinyint(4) NOT NULL COMMENT '1:Internal,2:Eksternal',
  `detail_id` bigint(20) unsigned NOT NULL,
  `user_id` bigint(20) unsigned DEFAULT NULL,
  `position_id` bigint(20) unsigned DEFAULT NULL,
  `name` varchar(255) DEFAULT NULL,
  `email` varchar(255) DEFAULT NULL,
  `instansi` text DEFAULT NULL,
  `jabatan` text DEFAULT NULL,
  `created_by` bigint(20) unsigned DEFAULT NULL,
  `updated_by` bigint(20) unsigned DEFAULT NULL,
  `created_at` timestamp NULL DEFAULT NULL,
  `updated_at` timestamp NULL DEFAULT NULL,
  PRIMARY KEY (`id`),
  KEY `trans_closing_details_parts_detail_id_foreign` (`detail_id`),
  KEY `trans_closing_details_parts_user_id_foreign` (`user_id`),
  KEY `trans_closing_details_parts_position_id_foreign` (`position_id`),
  KEY `trans_closing_details_parts_created_by_index` (`created_by`),
  KEY `trans_closing_details_parts_updated_by_index` (`updated_by`),
  CONSTRAINT `trans_closing_details_parts_created_by_foreign` FOREIGN KEY (`created_by`) REFERENCES `sys_users` (`id`),
  CONSTRAINT `trans_closing_details_parts_detail_id_foreign` FOREIGN KEY (`detail_id`) REFERENCES `trans_closing_details` (`id`) ON DELETE CASCADE,
  CONSTRAINT `trans_closing_details_parts_position_id_foreign` FOREIGN KEY (`position_id`) REFERENCES `ref_positions` (`id`),
  CONSTRAINT `trans_closing_details_parts_updated_by_foreign` FOREIGN KEY (`updated_by`) REFERENCES `sys_users` (`id`),
  CONSTRAINT `trans_closing_details_parts_user_id_foreign` FOREIGN KEY (`user_id`) REFERENCES `sys_users` (`id`)
) ENGINE=InnoDB DEFAULT CHARSET=utf8mb4 COLLATE=utf8mb4_unicode_ci;


DROP TABLE IF EXISTS `trans_consultation_realization`;
CREATE TABLE `trans_consultation_realization` (
  `id` bigint(20) unsigned NOT NULL AUTO_INCREMENT,
  `work_plan_detail_id` bigint(20) unsigned NOT NULL,
  `status` varchar(255) NOT NULL DEFAULT 'new',
  `upgrade_reject` longtext DEFAULT NULL,
  `version` smallint(6) NOT NULL DEFAULT 0,
  `created_by` bigint(20) unsigned DEFAULT NULL,
  `updated_by` bigint(20) unsigned DEFAULT NULL,
  `created_at` timestamp NULL DEFAULT NULL,
  `updated_at` timestamp NULL DEFAULT NULL,
  PRIMARY KEY (`id`),
  KEY `work_plan_detail_id` (`work_plan_detail_id`),
  KEY `trans_consultation_realization_created_by_index` (`created_by`),
  KEY `trans_consultation_realization_updated_by_index` (`updated_by`),
  CONSTRAINT `trans_consultation_realization_created_by_foreign` FOREIGN KEY (`created_by`) REFERENCES `sys_users` (`id`),
  CONSTRAINT `trans_consultation_realization_updated_by_foreign` FOREIGN KEY (`updated_by`) REFERENCES `sys_users` (`id`),
  CONSTRAINT `work_plan_detail_id` FOREIGN KEY (`work_plan_detail_id`) REFERENCES `trans_consultation_work_plan_permasalahan` (`id`)
) ENGINE=InnoDB DEFAULT CHARSET=utf8mb4 COLLATE=utf8mb4_unicode_ci;


DROP TABLE IF EXISTS `trans_consultation_realization_detail`;
CREATE TABLE `trans_consultation_realization_detail` (
  `id` bigint(20) unsigned NOT NULL AUTO_INCREMENT,
  `realization_id` bigint(20) unsigned NOT NULL,
  `work_plan_detail_id` bigint(20) unsigned NOT NULL,
  `implementation_start` timestamp NULL DEFAULT NULL,
  `implementation_end` timestamp NULL DEFAULT NULL,
  `description` varchar(2048) DEFAULT NULL,
  `created_by` bigint(20) unsigned DEFAULT NULL,
  `updated_by` bigint(20) unsigned DEFAULT NULL,
  `created_at` timestamp NULL DEFAULT NULL,
  `updated_at` timestamp NULL DEFAULT NULL,
  `name` varchar(2048) DEFAULT NULL,
  PRIMARY KEY (`id`),
  KEY `trans_consultation_realization_detail_created_by_index` (`created_by`),
  KEY `trans_consultation_realization_detail_updated_by_index` (`updated_by`),
  KEY `trans_consultation_realization_detail_realization_id_foreign` (`realization_id`),
  CONSTRAINT `trans_consultation_realization_detail_created_by_foreign` FOREIGN KEY (`created_by`) REFERENCES `sys_users` (`id`),
  CONSTRAINT `trans_consultation_realization_detail_realization_id_foreign` FOREIGN KEY (`realization_id`) REFERENCES `trans_consultation_realization` (`id`),
  CONSTRAINT `trans_consultation_realization_detail_updated_by_foreign` FOREIGN KEY (`updated_by`) REFERENCES `sys_users` (`id`)
) ENGINE=InnoDB DEFAULT CHARSET=utf8mb4 COLLATE=utf8mb4_unicode_ci;


DROP TABLE IF EXISTS `trans_consultation_tanya_jawab`;
CREATE TABLE `trans_consultation_tanya_jawab` (
  `id` bigint(20) unsigned NOT NULL AUTO_INCREMENT,
  `perusahaan_id` bigint(20) unsigned DEFAULT NULL,
  `code` varchar(255) DEFAULT NULL,
  `date` date NOT NULL,
  `tempat` text DEFAULT NULL,
  `status` varchar(255) NOT NULL DEFAULT 'new',
  `upgrade_reject` longtext DEFAULT NULL,
  `version` smallint(6) NOT NULL DEFAULT 0,
  `created_by` bigint(20) unsigned DEFAULT NULL,
  `updated_by` bigint(20) unsigned DEFAULT NULL,
  `created_at` timestamp NULL DEFAULT NULL,
  `updated_at` timestamp NULL DEFAULT NULL,
  PRIMARY KEY (`id`),
  KEY `trans_consultation_tanya_jawab_created_by_index` (`created_by`),
  KEY `trans_consultation_tanya_jawab_updated_by_index` (`updated_by`),
  CONSTRAINT `trans_consultation_tanya_jawab_created_by_foreign` FOREIGN KEY (`created_by`) REFERENCES `sys_users` (`id`),
  CONSTRAINT `trans_consultation_tanya_jawab_updated_by_foreign` FOREIGN KEY (`updated_by`) REFERENCES `sys_users` (`id`)
) ENGINE=InnoDB DEFAULT CHARSET=utf8mb4 COLLATE=utf8mb4_unicode_ci;


DROP TABLE IF EXISTS `trans_consultation_tanya_jawab_auditee`;
CREATE TABLE `trans_consultation_tanya_jawab_auditee` (
  `tanya_jawab_id` bigint(20) unsigned NOT NULL,
  `user_id` bigint(20) unsigned NOT NULL,
  PRIMARY KEY (`tanya_jawab_id`,`user_id`),
  KEY `trans_consultation_tanya_jawab_auditee_user_id_foreign` (`user_id`),
  CONSTRAINT `trans_consultation_tanya_jawab_auditee_tanya_jawab_id_foreign` FOREIGN KEY (`tanya_jawab_id`) REFERENCES `trans_consultation_tanya_jawab` (`id`) ON DELETE CASCADE,
  CONSTRAINT `trans_consultation_tanya_jawab_auditee_user_id_foreign` FOREIGN KEY (`user_id`) REFERENCES `sys_users` (`id`)
) ENGINE=InnoDB DEFAULT CHARSET=utf8mb4 COLLATE=utf8mb4_unicode_ci;


DROP TABLE IF EXISTS `trans_consultation_tanya_jawab_auditor`;
CREATE TABLE `trans_consultation_tanya_jawab_auditor` (
  `tanya_jawab_id` bigint(20) unsigned NOT NULL,
  `user_id` bigint(20) unsigned NOT NULL,
  PRIMARY KEY (`tanya_jawab_id`,`user_id`),
  KEY `trans_consultation_tanya_jawab_auditor_user_id_foreign` (`user_id`),
  CONSTRAINT `trans_consultation_tanya_jawab_auditor_tanya_jawab_id_foreign` FOREIGN KEY (`tanya_jawab_id`) REFERENCES `trans_consultation_tanya_jawab` (`id`) ON DELETE CASCADE,
  CONSTRAINT `trans_consultation_tanya_jawab_auditor_user_id_foreign` FOREIGN KEY (`user_id`) REFERENCES `sys_users` (`id`)
) ENGINE=InnoDB DEFAULT CHARSET=utf8mb4 COLLATE=utf8mb4_unicode_ci;


DROP TABLE IF EXISTS `trans_consultation_tanya_jawab_detail`;
CREATE TABLE `trans_consultation_tanya_jawab_detail` (
  `id` bigint(20) unsigned NOT NULL AUTO_INCREMENT,
  `tanya_jawab_id` bigint(20) unsigned NOT NULL,
  `pertanyaan` longtext DEFAULT NULL,
  `jawaban` longtext DEFAULT NULL,
  `created_by` bigint(20) unsigned DEFAULT NULL,
  `updated_by` bigint(20) unsigned DEFAULT NULL,
  `created_at` timestamp NULL DEFAULT NULL,
  `updated_at` timestamp NULL DEFAULT NULL,
  PRIMARY KEY (`id`),
  KEY `trans_consultation_tanya_jawab_detail_tanya_jawab_id_foreign` (`tanya_jawab_id`),
  KEY `trans_consultation_tanya_jawab_detail_created_by_index` (`created_by`),
  KEY `trans_consultation_tanya_jawab_detail_updated_by_index` (`updated_by`),
  CONSTRAINT `trans_consultation_tanya_jawab_detail_created_by_foreign` FOREIGN KEY (`created_by`) REFERENCES `sys_users` (`id`),
  CONSTRAINT `trans_consultation_tanya_jawab_detail_tanya_jawab_id_foreign` FOREIGN KEY (`tanya_jawab_id`) REFERENCES `trans_consultation_tanya_jawab` (`id`),
  CONSTRAINT `trans_consultation_tanya_jawab_detail_updated_by_foreign` FOREIGN KEY (`updated_by`) REFERENCES `sys_users` (`id`)
) ENGINE=InnoDB DEFAULT CHARSET=utf8mb4 COLLATE=utf8mb4_unicode_ci;


DROP TABLE IF EXISTS `trans_consultation_work_plan`;
CREATE TABLE `trans_consultation_work_plan` (
  `id` bigint(20) unsigned NOT NULL AUTO_INCREMENT,
  `perusahaan_id` bigint(20) unsigned NOT NULL,
  `object_id` bigint(20) unsigned DEFAULT NULL,
  `code` varchar(255) DEFAULT NULL,
  `consultation_type_id` bigint(20) unsigned DEFAULT NULL,
  `date` date DEFAULT NULL,
  `jenis_konsultasi` text DEFAULT NULL,
  `unit_organisasi` text DEFAULT NULL,
  `user_id` bigint(20) unsigned DEFAULT NULL,
  `status` varchar(255) NOT NULL DEFAULT 'new',
  `upgrade_reject` longtext DEFAULT NULL,
  `version` smallint(6) NOT NULL DEFAULT 0,
  `created_by` bigint(20) unsigned DEFAULT NULL,
  `updated_by` bigint(20) unsigned DEFAULT NULL,
  `created_at` timestamp NULL DEFAULT NULL,
  `updated_at` timestamp NULL DEFAULT NULL,
  PRIMARY KEY (`id`),
  KEY `trans_consultation_work_plan_created_by_index` (`created_by`),
  KEY `trans_consultation_work_plan_updated_by_index` (`updated_by`),
  CONSTRAINT `trans_consultation_work_plan_created_by_foreign` FOREIGN KEY (`created_by`) REFERENCES `sys_users` (`id`),
  CONSTRAINT `trans_consultation_work_plan_updated_by_foreign` FOREIGN KEY (`updated_by`) REFERENCES `sys_users` (`id`)
) ENGINE=InnoDB DEFAULT CHARSET=utf8mb4 COLLATE=utf8mb4_unicode_ci;


DROP TABLE IF EXISTS `trans_consultation_work_plan_detail`;
CREATE TABLE `trans_consultation_work_plan_detail` (
  `id` bigint(20) unsigned NOT NULL AUTO_INCREMENT,
  `work_plan_id` bigint(20) unsigned NOT NULL,
  `name` varchar(255) NOT NULL,
  `description` varchar(2048) DEFAULT NULL,
  `no_permasalahan` tinyint(3) unsigned NOT NULL,
  `id_permasalahan` varchar(255) NOT NULL,
  `created_by` bigint(20) unsigned DEFAULT NULL,
  `updated_by` bigint(20) unsigned DEFAULT NULL,
  `created_at` timestamp NULL DEFAULT NULL,
  `updated_at` timestamp NULL DEFAULT NULL,
  PRIMARY KEY (`id`),
  UNIQUE KEY `trans_consultation_work_plan_detail_id_permasalahan_unique` (`id_permasalahan`),
  KEY `trans_consultation_work_plan_detail_work_plan_id_foreign` (`work_plan_id`),
  KEY `trans_consultation_work_plan_detail_created_by_index` (`created_by`),
  KEY `trans_consultation_work_plan_detail_updated_by_index` (`updated_by`),
  CONSTRAINT `trans_consultation_work_plan_detail_created_by_foreign` FOREIGN KEY (`created_by`) REFERENCES `sys_users` (`id`),
  CONSTRAINT `trans_consultation_work_plan_detail_updated_by_foreign` FOREIGN KEY (`updated_by`) REFERENCES `sys_users` (`id`),
  CONSTRAINT `trans_consultation_work_plan_detail_work_plan_id_foreign` FOREIGN KEY (`work_plan_id`) REFERENCES `trans_consultation_work_plan` (`id`)
) ENGINE=InnoDB DEFAULT CHARSET=utf8mb4 COLLATE=utf8mb4_unicode_ci;


DROP TABLE IF EXISTS `trans_consultation_work_plan_members`;
CREATE TABLE `trans_consultation_work_plan_members` (
  `consultation_id` bigint(20) unsigned NOT NULL,
  `auditor_id` bigint(20) unsigned NOT NULL,
  PRIMARY KEY (`consultation_id`,`auditor_id`),
  KEY `trans_consultation_work_plan_members_auditor_id_foreign` (`auditor_id`),
  CONSTRAINT `trans_consultation_work_plan_members_auditor_id_foreign` FOREIGN KEY (`auditor_id`) REFERENCES `sys_users` (`id`),
  CONSTRAINT `trans_consultation_work_plan_members_consultation_id_foreign` FOREIGN KEY (`consultation_id`) REFERENCES `trans_consultation_work_plan` (`id`)
) ENGINE=InnoDB DEFAULT CHARSET=utf8mb4 COLLATE=utf8mb4_unicode_ci;


DROP TABLE IF EXISTS `trans_consultation_work_plan_permasalahan`;
CREATE TABLE `trans_consultation_work_plan_permasalahan` (
  `id` bigint(20) unsigned NOT NULL AUTO_INCREMENT,
  `work_plan_id` bigint(20) unsigned NOT NULL,
  `no_permasalahan` tinyint(3) unsigned NOT NULL,
  `id_permasalahan` varchar(255) NOT NULL,
  `description` longtext DEFAULT NULL,
  `saran` longtext DEFAULT NULL,
  `created_by` bigint(20) unsigned DEFAULT NULL,
  `updated_by` bigint(20) unsigned DEFAULT NULL,
  `created_at` timestamp NULL DEFAULT NULL,
  `updated_at` timestamp NULL DEFAULT NULL,
  PRIMARY KEY (`id`),
  UNIQUE KEY `trans_consultation_work_plan_permasalahan_id_permasalahan_unique` (`id_permasalahan`),
  KEY `trans_consultation_work_plan_permasalahan_work_plan_id_foreign` (`work_plan_id`),
  KEY `trans_consultation_work_plan_permasalahan_created_by_index` (`created_by`),
  KEY `trans_consultation_work_plan_permasalahan_updated_by_index` (`updated_by`),
  CONSTRAINT `trans_consultation_work_plan_permasalahan_created_by_foreign` FOREIGN KEY (`created_by`) REFERENCES `sys_users` (`id`),
  CONSTRAINT `trans_consultation_work_plan_permasalahan_updated_by_foreign` FOREIGN KEY (`updated_by`) REFERENCES `sys_users` (`id`),
  CONSTRAINT `trans_consultation_work_plan_permasalahan_work_plan_id_foreign` FOREIGN KEY (`work_plan_id`) REFERENCES `trans_consultation_work_plan` (`id`)
) ENGINE=InnoDB DEFAULT CHARSET=utf8mb4 COLLATE=utf8mb4_unicode_ci;


DROP TABLE IF EXISTS `trans_cost_realizations`;
CREATE TABLE `trans_cost_realizations` (
  `id` bigint(20) unsigned NOT NULL AUTO_INCREMENT,
  `summary_id` bigint(20) unsigned NOT NULL,
  `no_sppd` varchar(255) DEFAULT NULL,
  `date_sppd` date DEFAULT NULL,
  `status` varchar(255) NOT NULL DEFAULT 'new',
  `upgrade_reject` longtext DEFAULT NULL,
  `version` smallint(6) NOT NULL DEFAULT 0,
  `created_by` bigint(20) unsigned DEFAULT NULL,
  `updated_by` bigint(20) unsigned DEFAULT NULL,
  `created_at` timestamp NULL DEFAULT NULL,
  `updated_at` timestamp NULL DEFAULT NULL,
  PRIMARY KEY (`id`),
  KEY `trans_cost_realizations_summary_id_foreign` (`summary_id`),
  KEY `trans_cost_realizations_created_by_index` (`created_by`),
  KEY `trans_cost_realizations_updated_by_index` (`updated_by`),
  CONSTRAINT `trans_cost_realizations_created_by_foreign` FOREIGN KEY (`created_by`) REFERENCES `sys_users` (`id`),
  CONSTRAINT `trans_cost_realizations_summary_id_foreign` FOREIGN KEY (`summary_id`) REFERENCES `trans_rkia_summary` (`id`),
  CONSTRAINT `trans_cost_realizations_updated_by_foreign` FOREIGN KEY (`updated_by`) REFERENCES `sys_users` (`id`)
) ENGINE=InnoDB DEFAULT CHARSET=utf8mb4 COLLATE=utf8mb4_unicode_ci;


DROP TABLE IF EXISTS `trans_cost_realizations_cc`;
CREATE TABLE `trans_cost_realizations_cc` (
  `realization_id` bigint(20) unsigned NOT NULL,
  `user_id` bigint(20) unsigned NOT NULL,
  PRIMARY KEY (`realization_id`,`user_id`),
  KEY `trans_cost_realizations_cc_user_id_foreign` (`user_id`),
  CONSTRAINT `trans_cost_realizations_cc_realization_id_foreign` FOREIGN KEY (`realization_id`) REFERENCES `trans_cost_realizations` (`id`) ON DELETE CASCADE,
  CONSTRAINT `trans_cost_realizations_cc_user_id_foreign` FOREIGN KEY (`user_id`) REFERENCES `sys_users` (`id`)
) ENGINE=InnoDB DEFAULT CHARSET=utf8mb4 COLLATE=utf8mb4_unicode_ci;


DROP TABLE IF EXISTS `trans_cost_realizations_details`;
CREATE TABLE `trans_cost_realizations_details` (
  `id` bigint(20) unsigned NOT NULL AUTO_INCREMENT,
  `realization_id` bigint(20) unsigned NOT NULL,
  `cost_component_id` bigint(20) unsigned NOT NULL,
  `cost` bigint(20) unsigned NOT NULL,
  `order` int(11) NOT NULL DEFAULT 1,
  `created_by` bigint(20) unsigned DEFAULT NULL,
  `updated_by` bigint(20) unsigned DEFAULT NULL,
  `created_at` timestamp NULL DEFAULT NULL,
  `updated_at` timestamp NULL DEFAULT NULL,
  PRIMARY KEY (`id`),
  KEY `trans_cost_realizations_details_realization_id_foreign` (`realization_id`),
  KEY `trans_cost_realizations_details_cost_component_id_foreign` (`cost_component_id`),
  KEY `trans_cost_realizations_details_created_by_index` (`created_by`),
  KEY `trans_cost_realizations_details_updated_by_index` (`updated_by`),
  CONSTRAINT `trans_cost_realizations_details_cost_component_id_foreign` FOREIGN KEY (`cost_component_id`) REFERENCES `ref_cost_component` (`id`),
  CONSTRAINT `trans_cost_realizations_details_created_by_foreign` FOREIGN KEY (`created_by`) REFERENCES `sys_users` (`id`),
  CONSTRAINT `trans_cost_realizations_details_realization_id_foreign` FOREIGN KEY (`realization_id`) REFERENCES `trans_cost_realizations` (`id`),
  CONSTRAINT `trans_cost_realizations_details_updated_by_foreign` FOREIGN KEY (`updated_by`) REFERENCES `sys_users` (`id`)
) ENGINE=InnoDB DEFAULT CHARSET=utf8mb4 COLLATE=utf8mb4_unicode_ci;


DROP TABLE IF EXISTS `trans_dir_notes`;
CREATE TABLE `trans_dir_notes` (
  `id` bigint(20) unsigned NOT NULL AUTO_INCREMENT,
  `summary_id` bigint(20) unsigned NOT NULL,
  `sample_id` bigint(20) unsigned NOT NULL,
  `status` varchar(255) NOT NULL DEFAULT 'new',
  `created_by` bigint(20) unsigned DEFAULT NULL,
  `updated_by` bigint(20) unsigned DEFAULT NULL,
  `created_at` timestamp NULL DEFAULT NULL,
  `updated_at` timestamp NULL DEFAULT NULL,
  PRIMARY KEY (`id`),
  KEY `trans_dir_notes_summary_id_foreign` (`summary_id`),
  KEY `trans_dir_notes_sample_id_foreign` (`sample_id`),
  KEY `trans_dir_notes_created_by_index` (`created_by`),
  KEY `trans_dir_notes_updated_by_index` (`updated_by`),
  CONSTRAINT `trans_dir_notes_created_by_foreign` FOREIGN KEY (`created_by`) REFERENCES `sys_users` (`id`),
  CONSTRAINT `trans_dir_notes_sample_id_foreign` FOREIGN KEY (`sample_id`) REFERENCES `trans_kka_samples` (`id`),
  CONSTRAINT `trans_dir_notes_summary_id_foreign` FOREIGN KEY (`summary_id`) REFERENCES `trans_rkia_summary` (`id`),
  CONSTRAINT `trans_dir_notes_updated_by_foreign` FOREIGN KEY (`updated_by`) REFERENCES `sys_users` (`id`)
) ENGINE=InnoDB DEFAULT CHARSET=utf8mb4 COLLATE=utf8mb4_unicode_ci;


DROP TABLE IF EXISTS `trans_documents`;
CREATE TABLE `trans_documents` (
  `id` bigint(20) unsigned NOT NULL AUTO_INCREMENT,
  `summary_id` bigint(20) unsigned NOT NULL,
  `opening` varchar(2048) DEFAULT NULL,
  `no` varchar(128) DEFAULT NULL,
  `date` timestamp NULL DEFAULT NULL,
  `status` varchar(255) NOT NULL DEFAULT 'new',
  `upgrade_reject` longtext DEFAULT NULL,
  `version` smallint(6) NOT NULL DEFAULT 0,
  `created_by` bigint(20) unsigned DEFAULT NULL,
  `updated_by` bigint(20) unsigned DEFAULT NULL,
  `created_at` timestamp NULL DEFAULT NULL,
  `updated_at` timestamp NULL DEFAULT NULL,
  PRIMARY KEY (`id`),
  KEY `trans_documents_summary_id_foreign` (`summary_id`),
  KEY `trans_documents_created_by_index` (`created_by`),
  KEY `trans_documents_updated_by_index` (`updated_by`),
  CONSTRAINT `trans_documents_created_by_foreign` FOREIGN KEY (`created_by`) REFERENCES `sys_users` (`id`),
  CONSTRAINT `trans_documents_summary_id_foreign` FOREIGN KEY (`summary_id`) REFERENCES `trans_rkia_summary` (`id`),
  CONSTRAINT `trans_documents_updated_by_foreign` FOREIGN KEY (`updated_by`) REFERENCES `sys_users` (`id`)
) ENGINE=InnoDB DEFAULT CHARSET=utf8mb4 COLLATE=utf8mb4_unicode_ci;


DROP TABLE IF EXISTS `trans_documents_cc`;
CREATE TABLE `trans_documents_cc` (
  `document_id` bigint(20) unsigned NOT NULL,
  `user_id` bigint(20) unsigned NOT NULL,
  PRIMARY KEY (`document_id`,`user_id`),
  KEY `trans_documents_cc_user_id_foreign` (`user_id`),
  CONSTRAINT `trans_documents_cc_document_id_foreign` FOREIGN KEY (`document_id`) REFERENCES `trans_documents` (`id`) ON DELETE CASCADE,
  CONSTRAINT `trans_documents_cc_user_id_foreign` FOREIGN KEY (`user_id`) REFERENCES `sys_users` (`id`)
) ENGINE=InnoDB DEFAULT CHARSET=utf8mb4 COLLATE=utf8mb4_unicode_ci;


DROP TABLE IF EXISTS `trans_documents_details`;
CREATE TABLE `trans_documents_details` (
  `id` bigint(20) unsigned NOT NULL AUTO_INCREMENT,
  `document_id` bigint(20) unsigned NOT NULL,
  `document_item_id` bigint(20) unsigned DEFAULT NULL,
  `name` varchar(255) DEFAULT NULL,
  `description` text DEFAULT NULL,
  `due_date` timestamp NULL DEFAULT NULL,
  `order` int(11) NOT NULL DEFAULT 1,
  `type` varchar(255) NOT NULL DEFAULT 'upload' COMMENT 'upload|link',
  `link` text DEFAULT NULL,
  `reviewed_by` bigint(20) unsigned DEFAULT NULL COMMENT 'Reviewed by tim  (per detail)',
  `reviewed_at` timestamp NULL DEFAULT NULL,
  `note` text DEFAULT NULL,
  `flag` varchar(255) NOT NULL DEFAULT 'new' COMMENT 'new|draft|warning.review|rejected|completed',
  `created_by` bigint(20) unsigned DEFAULT NULL,
  `updated_by` bigint(20) unsigned DEFAULT NULL,
  `created_at` timestamp NULL DEFAULT NULL,
  `updated_at` timestamp NULL DEFAULT NULL,
  `empty_note` text DEFAULT NULL,
  PRIMARY KEY (`id`),
  KEY `trans_documents_details_document_id_foreign` (`document_id`),
  KEY `trans_documents_details_document_item_id_foreign` (`document_item_id`),
  KEY `trans_documents_details_reviewed_by_foreign` (`reviewed_by`),
  KEY `trans_documents_details_created_by_index` (`created_by`),
  KEY `trans_documents_details_updated_by_index` (`updated_by`),
  CONSTRAINT `trans_documents_details_created_by_foreign` FOREIGN KEY (`created_by`) REFERENCES `sys_users` (`id`),
  CONSTRAINT `trans_documents_details_document_id_foreign` FOREIGN KEY (`document_id`) REFERENCES `trans_documents` (`id`) ON DELETE CASCADE,
  CONSTRAINT `trans_documents_details_document_item_id_foreign` FOREIGN KEY (`document_item_id`) REFERENCES `ref_document_items` (`id`),
  CONSTRAINT `trans_documents_details_reviewed_by_foreign` FOREIGN KEY (`reviewed_by`) REFERENCES `sys_users` (`id`),
  CONSTRAINT `trans_documents_details_updated_by_foreign` FOREIGN KEY (`updated_by`) REFERENCES `sys_users` (`id`)
) ENGINE=InnoDB DEFAULT CHARSET=utf8mb4 COLLATE=utf8mb4_unicode_ci;


DROP TABLE IF EXISTS `trans_documents_fulls`;
CREATE TABLE `trans_documents_fulls` (
  `id` bigint(20) unsigned NOT NULL AUTO_INCREMENT,
  `document_id` bigint(20) unsigned NOT NULL,
  `reviewed_by` bigint(20) unsigned DEFAULT NULL COMMENT 'Reviewed by tim (satu bundle)',
  `reviewed_at` timestamp NULL DEFAULT NULL,
  `note` text DEFAULT NULL,
  `status` varchar(255) NOT NULL DEFAULT 'new',
  `upgrade_reject` longtext DEFAULT NULL,
  `version` smallint(6) NOT NULL DEFAULT 0,
  `created_by` bigint(20) unsigned DEFAULT NULL,
  `updated_by` bigint(20) unsigned DEFAULT NULL,
  `created_at` timestamp NULL DEFAULT NULL,
  `updated_at` timestamp NULL DEFAULT NULL,
  PRIMARY KEY (`id`),
  KEY `trans_documents_fulls_document_id_foreign` (`document_id`),
  KEY `trans_documents_fulls_created_by_index` (`created_by`),
  KEY `trans_documents_fulls_updated_by_index` (`updated_by`),
  CONSTRAINT `trans_documents_fulls_created_by_foreign` FOREIGN KEY (`created_by`) REFERENCES `sys_users` (`id`),
  CONSTRAINT `trans_documents_fulls_document_id_foreign` FOREIGN KEY (`document_id`) REFERENCES `trans_documents` (`id`),
  CONSTRAINT `trans_documents_fulls_updated_by_foreign` FOREIGN KEY (`updated_by`) REFERENCES `sys_users` (`id`)
) ENGINE=InnoDB DEFAULT CHARSET=utf8mb4 COLLATE=utf8mb4_unicode_ci;


DROP TABLE IF EXISTS `trans_documents_fulls_cc`;
CREATE TABLE `trans_documents_fulls_cc` (
  `doc_full_id` bigint(20) unsigned NOT NULL,
  `user_id` bigint(20) unsigned NOT NULL,
  PRIMARY KEY (`doc_full_id`,`user_id`),
  KEY `trans_documents_fulls_cc_user_id_foreign` (`user_id`),
  CONSTRAINT `trans_documents_fulls_cc_doc_full_id_foreign` FOREIGN KEY (`doc_full_id`) REFERENCES `trans_documents_fulls` (`id`) ON DELETE CASCADE,
  CONSTRAINT `trans_documents_fulls_cc_user_id_foreign` FOREIGN KEY (`user_id`) REFERENCES `sys_users` (`id`)
) ENGINE=InnoDB DEFAULT CHARSET=utf8mb4 COLLATE=utf8mb4_unicode_ci;


DROP TABLE IF EXISTS `trans_documents_users`;
CREATE TABLE `trans_documents_users` (
  `document_id` bigint(20) unsigned NOT NULL,
  `user_id` bigint(20) unsigned NOT NULL,
  PRIMARY KEY (`document_id`,`user_id`),
  KEY `trans_documents_users_user_id_foreign` (`user_id`),
  CONSTRAINT `trans_documents_users_document_id_foreign` FOREIGN KEY (`document_id`) REFERENCES `trans_documents` (`id`) ON DELETE CASCADE,
  CONSTRAINT `trans_documents_users_user_id_foreign` FOREIGN KEY (`user_id`) REFERENCES `sys_users` (`id`)
) ENGINE=InnoDB DEFAULT CHARSET=utf8mb4 COLLATE=utf8mb4_unicode_ci;


DROP TABLE IF EXISTS `trans_executive_summary`;
CREATE TABLE `trans_executive_summary` (
  `id` bigint(20) unsigned NOT NULL AUTO_INCREMENT,
  `summary_id` bigint(20) unsigned NOT NULL,
  `date` date DEFAULT NULL,
  `code` varchar(255) DEFAULT NULL,
  `first_chapter` longtext DEFAULT NULL COMMENT 'Bab Pertama',
  `second_chapter` longtext DEFAULT NULL COMMENT 'Bab Kedua',
  `status` varchar(255) NOT NULL DEFAULT 'new',
  `upgrade_reject` longtext DEFAULT NULL,
  `version` smallint(6) NOT NULL DEFAULT 0,
  `created_by` bigint(20) unsigned DEFAULT NULL,
  `updated_by` bigint(20) unsigned DEFAULT NULL,
  `created_at` timestamp NULL DEFAULT NULL,
  `updated_at` timestamp NULL DEFAULT NULL,
  PRIMARY KEY (`id`),
  KEY `trans_executive_summary_created_by_index` (`created_by`),
  KEY `trans_executive_summary_updated_by_index` (`updated_by`),
  CONSTRAINT `trans_executive_summary_created_by_foreign` FOREIGN KEY (`created_by`) REFERENCES `sys_users` (`id`),
  CONSTRAINT `trans_executive_summary_updated_by_foreign` FOREIGN KEY (`updated_by`) REFERENCES `sys_users` (`id`)
) ENGINE=InnoDB DEFAULT CHARSET=utf8mb4 COLLATE=utf8mb4_unicode_ci;


DROP TABLE IF EXISTS `trans_extern_followups`;
CREATE TABLE `trans_extern_followups` (
  `id` bigint(20) unsigned NOT NULL AUTO_INCREMENT,
  `reg_detail_id` bigint(20) unsigned NOT NULL,
  `status` varchar(255) NOT NULL DEFAULT 'new',
  `upgrade_reject` longtext DEFAULT NULL,
  `version` smallint(6) NOT NULL DEFAULT 0,
  `created_by` bigint(20) unsigned DEFAULT NULL,
  `updated_by` bigint(20) unsigned DEFAULT NULL,
  `created_at` timestamp NULL DEFAULT NULL,
  `updated_at` timestamp NULL DEFAULT NULL,
  `status_temuan` varchar(255) NOT NULL DEFAULT 'open' COMMENT 'open|reschedule|closed|rejected',
  `completion_date` timestamp NULL DEFAULT NULL,
  `order` varchar(255) DEFAULT NULL,
  `prosentase` varchar(255) DEFAULT NULL,
  `reschedule_note` text DEFAULT NULL,
  `deadline_reschedule` timestamp NULL DEFAULT NULL,
  `followup_note` text DEFAULT NULL,
  PRIMARY KEY (`id`),
  KEY `trans_extern_followups_reg_detail_id_foreign` (`reg_detail_id`),
  KEY `trans_extern_followups_created_by_index` (`created_by`),
  KEY `trans_extern_followups_updated_by_index` (`updated_by`),
  CONSTRAINT `trans_extern_followups_created_by_foreign` FOREIGN KEY (`created_by`) REFERENCES `sys_users` (`id`),
  CONSTRAINT `trans_extern_followups_reg_detail_id_foreign` FOREIGN KEY (`reg_detail_id`) REFERENCES `trans_extern_reg_details` (`id`),
  CONSTRAINT `trans_extern_followups_updated_by_foreign` FOREIGN KEY (`updated_by`) REFERENCES `sys_users` (`id`)
) ENGINE=InnoDB DEFAULT CHARSET=utf8mb4 COLLATE=utf8mb4_unicode_ci;


DROP TABLE IF EXISTS `trans_extern_regs`;
CREATE TABLE `trans_extern_regs` (
  `id` bigint(20) unsigned NOT NULL AUTO_INCREMENT,
  `perusahaan_id` bigint(20) unsigned NOT NULL,
  `lha_no` varchar(255) DEFAULT NULL,
  `lha_date` timestamp NULL DEFAULT NULL,
  `extern_instance_id` bigint(20) unsigned NOT NULL,
  `insp_period` timestamp NULL DEFAULT NULL COMMENT 'inspection period: month year',
  `insp_date` timestamp NULL DEFAULT NULL COMMENT 'inspection period: date',
  `insp_date_last` timestamp NULL DEFAULT NULL,
  `status` varchar(255) NOT NULL DEFAULT 'new',
  `upgrade_reject` longtext DEFAULT NULL,
  `version` smallint(6) NOT NULL DEFAULT 0,
  `created_by` bigint(20) unsigned DEFAULT NULL,
  `updated_by` bigint(20) unsigned DEFAULT NULL,
  `created_at` timestamp NULL DEFAULT NULL,
  `updated_at` timestamp NULL DEFAULT NULL,
  PRIMARY KEY (`id`),
  KEY `trans_extern_regs_perusahaan_id_foreign` (`perusahaan_id`),
  KEY `trans_extern_regs_extern_instance_id_foreign` (`extern_instance_id`),
  KEY `trans_extern_regs_created_by_index` (`created_by`),
  KEY `trans_extern_regs_updated_by_index` (`updated_by`),
  CONSTRAINT `trans_extern_regs_created_by_foreign` FOREIGN KEY (`created_by`) REFERENCES `sys_users` (`id`),
  CONSTRAINT `trans_extern_regs_extern_instance_id_foreign` FOREIGN KEY (`extern_instance_id`) REFERENCES `ref_extern_instances` (`id`),
  CONSTRAINT `trans_extern_regs_perusahaan_id_foreign` FOREIGN KEY (`perusahaan_id`) REFERENCES `ref_org_structs` (`id`),
  CONSTRAINT `trans_extern_regs_updated_by_foreign` FOREIGN KEY (`updated_by`) REFERENCES `sys_users` (`id`)
) ENGINE=InnoDB DEFAULT CHARSET=utf8mb4 COLLATE=utf8mb4_unicode_ci;


DROP TABLE IF EXISTS `trans_extern_reg_details`;
CREATE TABLE `trans_extern_reg_details` (
  `id` bigint(20) unsigned NOT NULL AUTO_INCREMENT,
  `extern_reg_id` bigint(20) unsigned NOT NULL,
  `struct_id` bigint(20) unsigned DEFAULT NULL,
  `no_temuan` tinyint(3) unsigned NOT NULL,
  `id_temuan` varchar(255) NOT NULL,
  `condition` text DEFAULT NULL,
  `status` varchar(255) NOT NULL DEFAULT 'open' COMMENT 'open|reschedule|closed|rejected',
  `deadline` timestamp NULL DEFAULT NULL,
  `old_deadline` timestamp NULL DEFAULT NULL,
  `new_deadline` timestamp NULL DEFAULT NULL,
  `completion_date` timestamp NULL DEFAULT NULL,
  `prosentase` varchar(255) DEFAULT NULL,
  `reschedule_note` text DEFAULT NULL,
  `deadline_reschedule` timestamp NULL DEFAULT NULL,
  `followup_note` text DEFAULT NULL,
  `followup_by` bigint(20) unsigned DEFAULT NULL,
  `followup_at` timestamp NULL DEFAULT NULL,
  `review_note` text DEFAULT NULL,
  `review_by` bigint(20) unsigned DEFAULT NULL,
  `review_at` timestamp NULL DEFAULT NULL,
  `created_by` bigint(20) unsigned DEFAULT NULL,
  `updated_by` bigint(20) unsigned DEFAULT NULL,
  `created_at` timestamp NULL DEFAULT NULL,
  `updated_at` timestamp NULL DEFAULT NULL,
  PRIMARY KEY (`id`),
  UNIQUE KEY `trans_extern_reg_details_id_temuan_unique` (`id_temuan`),
  KEY `trans_extern_reg_details_extern_reg_id_foreign` (`extern_reg_id`),
  KEY `trans_extern_reg_details_struct_id_foreign` (`struct_id`),
  KEY `trans_extern_reg_details_created_by_index` (`created_by`),
  KEY `trans_extern_reg_details_updated_by_index` (`updated_by`),
  CONSTRAINT `trans_extern_reg_details_created_by_foreign` FOREIGN KEY (`created_by`) REFERENCES `sys_users` (`id`),
  CONSTRAINT `trans_extern_reg_details_extern_reg_id_foreign` FOREIGN KEY (`extern_reg_id`) REFERENCES `trans_extern_regs` (`id`),
  CONSTRAINT `trans_extern_reg_details_struct_id_foreign` FOREIGN KEY (`struct_id`) REFERENCES `ref_org_structs` (`id`),
  CONSTRAINT `trans_extern_reg_details_updated_by_foreign` FOREIGN KEY (`updated_by`) REFERENCES `sys_users` (`id`)
) ENGINE=InnoDB DEFAULT CHARSET=utf8mb4 COLLATE=utf8mb4_unicode_ci;


DROP TABLE IF EXISTS `trans_extern_reg_details_pic`;
CREATE TABLE `trans_extern_reg_details_pic` (
  `reg_details_id` bigint(20) unsigned NOT NULL,
  `user_id` bigint(20) unsigned NOT NULL,
  PRIMARY KEY (`reg_details_id`,`user_id`),
  KEY `trans_extern_reg_details_pic_user_id_foreign` (`user_id`),
  CONSTRAINT `trans_extern_reg_details_pic_reg_details_id_foreign` FOREIGN KEY (`reg_details_id`) REFERENCES `trans_extern_reg_details` (`id`) ON DELETE CASCADE,
  CONSTRAINT `trans_extern_reg_details_pic_user_id_foreign` FOREIGN KEY (`user_id`) REFERENCES `sys_users` (`id`)
) ENGINE=InnoDB DEFAULT CHARSET=utf8mb4 COLLATE=utf8mb4_unicode_ci;


DROP TABLE IF EXISTS `trans_extern_reg_details_structs`;
CREATE TABLE `trans_extern_reg_details_structs` (
  `extern_detail_id` bigint(20) unsigned NOT NULL,
  `object_id` bigint(20) unsigned NOT NULL,
  PRIMARY KEY (`extern_detail_id`,`object_id`),
  KEY `trans_extern_reg_details_structs_object_id_foreign` (`object_id`),
  CONSTRAINT `trans_extern_reg_details_structs_extern_detail_id_foreign` FOREIGN KEY (`extern_detail_id`) REFERENCES `trans_extern_reg_details` (`id`) ON DELETE CASCADE,
  CONSTRAINT `trans_extern_reg_details_structs_object_id_foreign` FOREIGN KEY (`object_id`) REFERENCES `ref_org_structs` (`id`)
) ENGINE=InnoDB DEFAULT CHARSET=utf8mb4 COLLATE=utf8mb4_unicode_ci;


DROP TABLE IF EXISTS `trans_fees`;
CREATE TABLE `trans_fees` (
  `id` bigint(20) unsigned NOT NULL AUTO_INCREMENT,
  `summary_id` bigint(20) unsigned NOT NULL,
  `no_sppd` varchar(255) DEFAULT NULL,
  `date_sppd` date DEFAULT NULL,
  `bank_account_id` bigint(20) unsigned DEFAULT NULL,
  `status` varchar(255) NOT NULL DEFAULT 'new',
  `upgrade_reject` longtext DEFAULT NULL,
  `version` smallint(6) NOT NULL DEFAULT 0,
  `created_by` bigint(20) unsigned DEFAULT NULL,
  `updated_by` bigint(20) unsigned DEFAULT NULL,
  `created_at` timestamp NULL DEFAULT NULL,
  `updated_at` timestamp NULL DEFAULT NULL,
  PRIMARY KEY (`id`),
  KEY `trans_fees_summary_id_foreign` (`summary_id`),
  KEY `trans_fees_bank_account_id_foreign` (`bank_account_id`),
  KEY `trans_fees_created_by_index` (`created_by`),
  KEY `trans_fees_updated_by_index` (`updated_by`),
  CONSTRAINT `trans_fees_bank_account_id_foreign` FOREIGN KEY (`bank_account_id`) REFERENCES `ref_bank_accounts` (`id`),
  CONSTRAINT `trans_fees_created_by_foreign` FOREIGN KEY (`created_by`) REFERENCES `sys_users` (`id`),
  CONSTRAINT `trans_fees_summary_id_foreign` FOREIGN KEY (`summary_id`) REFERENCES `trans_rkia_summary` (`id`),
  CONSTRAINT `trans_fees_updated_by_foreign` FOREIGN KEY (`updated_by`) REFERENCES `sys_users` (`id`)
) ENGINE=InnoDB DEFAULT CHARSET=utf8mb4 COLLATE=utf8mb4_unicode_ci;


DROP TABLE IF EXISTS `trans_fees_cc`;
CREATE TABLE `trans_fees_cc` (
  `fee_id` bigint(20) unsigned NOT NULL,
  `user_id` bigint(20) unsigned NOT NULL,
  PRIMARY KEY (`fee_id`,`user_id`),
  KEY `trans_fees_cc_user_id_foreign` (`user_id`),
  CONSTRAINT `trans_fees_cc_fee_id_foreign` FOREIGN KEY (`fee_id`) REFERENCES `trans_fees` (`id`) ON DELETE CASCADE,
  CONSTRAINT `trans_fees_cc_user_id_foreign` FOREIGN KEY (`user_id`) REFERENCES `sys_users` (`id`)
) ENGINE=InnoDB DEFAULT CHARSET=utf8mb4 COLLATE=utf8mb4_unicode_ci;


DROP TABLE IF EXISTS `trans_fees_details`;
CREATE TABLE `trans_fees_details` (
  `id` bigint(20) unsigned NOT NULL AUTO_INCREMENT,
  `fee_id` bigint(20) unsigned NOT NULL,
  `cost_component_id` bigint(20) unsigned NOT NULL,
  `cost` bigint(20) unsigned NOT NULL,
  `order` int(11) NOT NULL DEFAULT 1,
  `created_by` bigint(20) unsigned DEFAULT NULL,
  `updated_by` bigint(20) unsigned DEFAULT NULL,
  `created_at` timestamp NULL DEFAULT NULL,
  `updated_at` timestamp NULL DEFAULT NULL,
  PRIMARY KEY (`id`),
  KEY `trans_fees_details_fee_id_foreign` (`fee_id`),
  KEY `trans_fees_details_cost_component_id_foreign` (`cost_component_id`),
  KEY `trans_fees_details_created_by_index` (`created_by`),
  KEY `trans_fees_details_updated_by_index` (`updated_by`),
  CONSTRAINT `trans_fees_details_cost_component_id_foreign` FOREIGN KEY (`cost_component_id`) REFERENCES `ref_cost_component` (`id`),
  CONSTRAINT `trans_fees_details_created_by_foreign` FOREIGN KEY (`created_by`) REFERENCES `sys_users` (`id`),
  CONSTRAINT `trans_fees_details_fee_id_foreign` FOREIGN KEY (`fee_id`) REFERENCES `trans_fees` (`id`),
  CONSTRAINT `trans_fees_details_updated_by_foreign` FOREIGN KEY (`updated_by`) REFERENCES `sys_users` (`id`)
) ENGINE=InnoDB DEFAULT CHARSET=utf8mb4 COLLATE=utf8mb4_unicode_ci;


DROP TABLE IF EXISTS `trans_followup_ba_pantau`;
CREATE TABLE `trans_followup_ba_pantau` (
  `id` bigint(20) unsigned NOT NULL AUTO_INCREMENT,
  `summary_id` bigint(20) unsigned NOT NULL,
  `code` varchar(255) DEFAULT NULL,
  `date` date DEFAULT NULL,
  `pembuka` mediumtext DEFAULT NULL,
  `isi` mediumtext DEFAULT NULL,
  `penutup` mediumtext DEFAULT NULL,
  `credit_completed_count` smallint(5) unsigned DEFAULT NULL,
  `credit_uncompleted_count` smallint(5) unsigned DEFAULT NULL,
  `operational_completed_count` smallint(5) unsigned DEFAULT NULL,
  `operational_uncompleted_count` smallint(5) unsigned DEFAULT NULL,
  `status` varchar(255) NOT NULL DEFAULT 'new',
  `upgrade_reject` longtext DEFAULT NULL,
  `version` smallint(6) NOT NULL DEFAULT 0,
  `created_by` bigint(20) unsigned DEFAULT NULL,
  `updated_by` bigint(20) unsigned DEFAULT NULL,
  `created_at` timestamp NULL DEFAULT NULL,
  `updated_at` timestamp NULL DEFAULT NULL,
  PRIMARY KEY (`id`),
  KEY `trans_followup_ba_pantau_summary_id_foreign` (`summary_id`),
  KEY `trans_followup_ba_pantau_created_by_index` (`created_by`),
  KEY `trans_followup_ba_pantau_updated_by_index` (`updated_by`),
  CONSTRAINT `trans_followup_ba_pantau_created_by_foreign` FOREIGN KEY (`created_by`) REFERENCES `sys_users` (`id`),
  CONSTRAINT `trans_followup_ba_pantau_summary_id_foreign` FOREIGN KEY (`summary_id`) REFERENCES `trans_rkia_summary` (`id`),
  CONSTRAINT `trans_followup_ba_pantau_updated_by_foreign` FOREIGN KEY (`updated_by`) REFERENCES `sys_users` (`id`)
) ENGINE=InnoDB DEFAULT CHARSET=utf8mb4 COLLATE=utf8mb4_unicode_ci;


DROP TABLE IF EXISTS `trans_followup_minutes`;
CREATE TABLE `trans_followup_minutes` (
  `id` bigint(20) unsigned NOT NULL AUTO_INCREMENT,
  `monitor_id` bigint(20) unsigned NOT NULL,
  `ke` varchar(255) DEFAULT NULL,
  `tanggal` date DEFAULT NULL,
  `pembuka` mediumtext DEFAULT NULL,
  `isi` mediumtext DEFAULT NULL,
  `penutup` mediumtext DEFAULT NULL,
  `status` varchar(255) NOT NULL DEFAULT 'new',
  `upgrade_reject` longtext DEFAULT NULL,
  `version` smallint(6) NOT NULL DEFAULT 0,
  `created_by` bigint(20) unsigned DEFAULT NULL,
  `updated_by` bigint(20) unsigned DEFAULT NULL,
  `created_at` timestamp NULL DEFAULT NULL,
  `updated_at` timestamp NULL DEFAULT NULL,
  PRIMARY KEY (`id`),
  KEY `trans_followup_minutes_monitor_id_foreign` (`monitor_id`),
  KEY `trans_followup_minutes_created_by_index` (`created_by`),
  KEY `trans_followup_minutes_updated_by_index` (`updated_by`),
  CONSTRAINT `trans_followup_minutes_created_by_foreign` FOREIGN KEY (`created_by`) REFERENCES `sys_users` (`id`),
  CONSTRAINT `trans_followup_minutes_monitor_id_foreign` FOREIGN KEY (`monitor_id`) REFERENCES `trans_followup_monitors` (`id`),
  CONSTRAINT `trans_followup_minutes_updated_by_foreign` FOREIGN KEY (`updated_by`) REFERENCES `sys_users` (`id`)
) ENGINE=InnoDB DEFAULT CHARSET=utf8mb4 COLLATE=utf8mb4_unicode_ci;


DROP TABLE IF EXISTS `trans_followup_minutes_approval`;
CREATE TABLE `trans_followup_minutes_approval` (
  `id` bigint(20) unsigned NOT NULL AUTO_INCREMENT,
  `minutes_id` bigint(20) unsigned NOT NULL,
  `type` varchar(10) NOT NULL DEFAULT 'submit' COMMENT 'submit, revisi',
  `user_id` bigint(20) unsigned NOT NULL,
  `status` varchar(10) NOT NULL DEFAULT 'new' COMMENT 'new, reject, approve',
  `note` longtext DEFAULT NULL,
  `created_by` bigint(20) unsigned DEFAULT NULL,
  `updated_by` bigint(20) unsigned DEFAULT NULL,
  `created_at` timestamp NULL DEFAULT NULL,
  `updated_at` timestamp NULL DEFAULT NULL,
  PRIMARY KEY (`id`),
  KEY `trans_followup_minutes_approval_minutes_id_foreign` (`minutes_id`),
  KEY `trans_followup_minutes_approval_user_id_foreign` (`user_id`),
  KEY `trans_followup_minutes_approval_created_by_index` (`created_by`),
  KEY `trans_followup_minutes_approval_updated_by_index` (`updated_by`),
  CONSTRAINT `trans_followup_minutes_approval_created_by_foreign` FOREIGN KEY (`created_by`) REFERENCES `sys_users` (`id`),
  CONSTRAINT `trans_followup_minutes_approval_minutes_id_foreign` FOREIGN KEY (`minutes_id`) REFERENCES `trans_followup_minutes` (`id`),
  CONSTRAINT `trans_followup_minutes_approval_updated_by_foreign` FOREIGN KEY (`updated_by`) REFERENCES `sys_users` (`id`),
  CONSTRAINT `trans_followup_minutes_approval_user_id_foreign` FOREIGN KEY (`user_id`) REFERENCES `sys_users` (`id`)
) ENGINE=InnoDB DEFAULT CHARSET=utf8mb4 COLLATE=utf8mb4_unicode_ci;


DROP TABLE IF EXISTS `trans_followup_minutes_auditee`;
CREATE TABLE `trans_followup_minutes_auditee` (
  `minutes_id` bigint(20) unsigned NOT NULL,
  `user_id` bigint(20) unsigned NOT NULL,
  PRIMARY KEY (`minutes_id`,`user_id`),
  KEY `trans_followup_minutes_auditee_user_id_foreign` (`user_id`),
  CONSTRAINT `trans_followup_minutes_auditee_minutes_id_foreign` FOREIGN KEY (`minutes_id`) REFERENCES `trans_followup_minutes` (`id`) ON DELETE CASCADE,
  CONSTRAINT `trans_followup_minutes_auditee_user_id_foreign` FOREIGN KEY (`user_id`) REFERENCES `sys_users` (`id`)
) ENGINE=InnoDB DEFAULT CHARSET=utf8mb4 COLLATE=utf8mb4_unicode_ci;


DROP TABLE IF EXISTS `trans_followup_minutes_auditor`;
CREATE TABLE `trans_followup_minutes_auditor` (
  `minutes_id` bigint(20) unsigned NOT NULL,
  `user_id` bigint(20) unsigned NOT NULL,
  PRIMARY KEY (`minutes_id`,`user_id`),
  KEY `trans_followup_minutes_auditor_user_id_foreign` (`user_id`),
  CONSTRAINT `trans_followup_minutes_auditor_minutes_id_foreign` FOREIGN KEY (`minutes_id`) REFERENCES `trans_followup_minutes` (`id`) ON DELETE CASCADE,
  CONSTRAINT `trans_followup_minutes_auditor_user_id_foreign` FOREIGN KEY (`user_id`) REFERENCES `sys_users` (`id`)
) ENGINE=InnoDB DEFAULT CHARSET=utf8mb4 COLLATE=utf8mb4_unicode_ci;


DROP TABLE IF EXISTS `trans_followup_monitoring_details`;
CREATE TABLE `trans_followup_monitoring_details` (
  `id` bigint(20) unsigned NOT NULL AUTO_INCREMENT,
  `monitoring_id` bigint(20) unsigned NOT NULL,
  `user_id` bigint(20) unsigned NOT NULL,
  `review_note` longtext DEFAULT NULL,
  `status` varchar(255) NOT NULL DEFAULT 'new',
  `upgrade_reject` longtext DEFAULT NULL,
  `version` smallint(6) NOT NULL DEFAULT 0,
  `created_by` bigint(20) unsigned DEFAULT NULL,
  `updated_by` bigint(20) unsigned DEFAULT NULL,
  `created_at` timestamp NULL DEFAULT NULL,
  `updated_at` timestamp NULL DEFAULT NULL,
  PRIMARY KEY (`id`),
  KEY `trans_followup_monitoring_details_monitoring_id_foreign` (`monitoring_id`),
  KEY `trans_followup_monitoring_details_user_id_foreign` (`user_id`),
  KEY `trans_followup_monitoring_details_created_by_index` (`created_by`),
  KEY `trans_followup_monitoring_details_updated_by_index` (`updated_by`),
  CONSTRAINT `trans_followup_monitoring_details_created_by_foreign` FOREIGN KEY (`created_by`) REFERENCES `sys_users` (`id`),
  CONSTRAINT `trans_followup_monitoring_details_monitoring_id_foreign` FOREIGN KEY (`monitoring_id`) REFERENCES `trans_followup_monitors` (`id`) ON DELETE CASCADE,
  CONSTRAINT `trans_followup_monitoring_details_updated_by_foreign` FOREIGN KEY (`updated_by`) REFERENCES `sys_users` (`id`),
  CONSTRAINT `trans_followup_monitoring_details_user_id_foreign` FOREIGN KEY (`user_id`) REFERENCES `sys_users` (`id`)
) ENGINE=InnoDB DEFAULT CHARSET=utf8mb4 COLLATE=utf8mb4_unicode_ci;


DROP TABLE IF EXISTS `trans_followup_monitors`;
CREATE TABLE `trans_followup_monitors` (
  `id` bigint(20) unsigned NOT NULL AUTO_INCREMENT,
  `reg_item_id` bigint(20) unsigned NOT NULL,
  `reviewed_by` bigint(20) unsigned DEFAULT NULL,
  `status` varchar(255) NOT NULL DEFAULT 'new',
  `upgrade_reject` longtext DEFAULT NULL,
  `version` smallint(6) NOT NULL DEFAULT 0,
  `created_by` bigint(20) unsigned DEFAULT NULL,
  `updated_by` bigint(20) unsigned DEFAULT NULL,
  `created_at` timestamp NULL DEFAULT NULL,
  `updated_at` timestamp NULL DEFAULT NULL,
  PRIMARY KEY (`id`),
  KEY `trans_followup_monitors_reg_item_id_foreign` (`reg_item_id`),
  KEY `trans_followup_monitors_reviewed_by_foreign` (`reviewed_by`),
  KEY `trans_followup_monitors_created_by_index` (`created_by`),
  KEY `trans_followup_monitors_updated_by_index` (`updated_by`),
  CONSTRAINT `trans_followup_monitors_created_by_foreign` FOREIGN KEY (`created_by`) REFERENCES `sys_users` (`id`),
  CONSTRAINT `trans_followup_monitors_reg_item_id_foreign` FOREIGN KEY (`reg_item_id`) REFERENCES `trans_followup_regs_items` (`id`),
  CONSTRAINT `trans_followup_monitors_reviewed_by_foreign` FOREIGN KEY (`reviewed_by`) REFERENCES `sys_users` (`id`),
  CONSTRAINT `trans_followup_monitors_updated_by_foreign` FOREIGN KEY (`updated_by`) REFERENCES `sys_users` (`id`)
) ENGINE=InnoDB DEFAULT CHARSET=utf8mb4 COLLATE=utf8mb4_unicode_ci;


DROP TABLE IF EXISTS `trans_followup_monitors_cc`;
CREATE TABLE `trans_followup_monitors_cc` (
  `monitor_id` bigint(20) unsigned NOT NULL,
  `user_id` bigint(20) unsigned NOT NULL,
  PRIMARY KEY (`monitor_id`,`user_id`),
  KEY `trans_followup_monitors_cc_user_id_foreign` (`user_id`),
  CONSTRAINT `trans_followup_monitors_cc_monitor_id_foreign` FOREIGN KEY (`monitor_id`) REFERENCES `trans_followup_monitors` (`id`) ON DELETE CASCADE,
  CONSTRAINT `trans_followup_monitors_cc_user_id_foreign` FOREIGN KEY (`user_id`) REFERENCES `sys_users` (`id`)
) ENGINE=InnoDB DEFAULT CHARSET=utf8mb4 COLLATE=utf8mb4_unicode_ci;


DROP TABLE IF EXISTS `trans_followup_regs`;
CREATE TABLE `trans_followup_regs` (
  `id` bigint(20) unsigned NOT NULL AUTO_INCREMENT,
  `sample_id` bigint(20) unsigned DEFAULT NULL,
  `status` varchar(255) NOT NULL DEFAULT 'new',
  `upgrade_reject` longtext DEFAULT NULL,
  `version` smallint(6) NOT NULL DEFAULT 0,
  `created_by` bigint(20) unsigned DEFAULT NULL,
  `updated_by` bigint(20) unsigned DEFAULT NULL,
  `created_at` timestamp NULL DEFAULT NULL,
  `updated_at` timestamp NULL DEFAULT NULL,
  PRIMARY KEY (`id`),
  KEY `trans_followup_regs_sample_id_foreign` (`sample_id`),
  KEY `trans_followup_regs_created_by_index` (`created_by`),
  KEY `trans_followup_regs_updated_by_index` (`updated_by`),
  CONSTRAINT `trans_followup_regs_created_by_foreign` FOREIGN KEY (`created_by`) REFERENCES `sys_users` (`id`),
  CONSTRAINT `trans_followup_regs_sample_id_foreign` FOREIGN KEY (`sample_id`) REFERENCES `trans_kka_samples` (`id`),
  CONSTRAINT `trans_followup_regs_updated_by_foreign` FOREIGN KEY (`updated_by`) REFERENCES `sys_users` (`id`)
) ENGINE=InnoDB DEFAULT CHARSET=utf8mb4 COLLATE=utf8mb4_unicode_ci;


DROP TABLE IF EXISTS `trans_followup_regs_items`;
CREATE TABLE `trans_followup_regs_items` (
  `id` bigint(20) unsigned NOT NULL AUTO_INCREMENT,
  `reg_id` bigint(20) unsigned NOT NULL,
  `sample_detail_id` bigint(20) unsigned NOT NULL,
  `repeated` tinyint(4) NOT NULL DEFAULT 0 COMMENT '0:baru, 1:berulang',
  `deadline` timestamp NULL DEFAULT NULL,
  `completion_date` timestamp NULL DEFAULT NULL,
  `type` varchar(255) NOT NULL DEFAULT 'upload' COMMENT 'upload|link',
  `link` longtext DEFAULT NULL,
  `followup_note` longtext DEFAULT NULL,
  `followup_by` bigint(20) unsigned DEFAULT NULL,
  `followup_at` timestamp NULL DEFAULT NULL,
  `review_note` longtext DEFAULT NULL,
  `review_by` bigint(20) unsigned DEFAULT NULL,
  `review_at` timestamp NULL DEFAULT NULL,
  `status` varchar(255) NOT NULL DEFAULT 'new',
  `upgrade_reject` longtext DEFAULT NULL,
  `version` smallint(6) NOT NULL DEFAULT 0,
  `created_by` bigint(20) unsigned DEFAULT NULL,
  `updated_by` bigint(20) unsigned DEFAULT NULL,
  `created_at` timestamp NULL DEFAULT NULL,
  `updated_at` timestamp NULL DEFAULT NULL,
  PRIMARY KEY (`id`),
  KEY `trans_followup_regs_items_reg_id_foreign` (`reg_id`),
  KEY `trans_followup_regs_items_sample_detail_id_foreign` (`sample_detail_id`),
  KEY `trans_followup_regs_items_followup_by_foreign` (`followup_by`),
  KEY `trans_followup_regs_items_review_by_foreign` (`review_by`),
  KEY `trans_followup_regs_items_created_by_index` (`created_by`),
  KEY `trans_followup_regs_items_updated_by_index` (`updated_by`),
  CONSTRAINT `trans_followup_regs_items_created_by_foreign` FOREIGN KEY (`created_by`) REFERENCES `sys_users` (`id`),
  CONSTRAINT `trans_followup_regs_items_followup_by_foreign` FOREIGN KEY (`followup_by`) REFERENCES `sys_users` (`id`),
  CONSTRAINT `trans_followup_regs_items_reg_id_foreign` FOREIGN KEY (`reg_id`) REFERENCES `trans_followup_regs` (`id`),
  CONSTRAINT `trans_followup_regs_items_review_by_foreign` FOREIGN KEY (`review_by`) REFERENCES `sys_users` (`id`),
  CONSTRAINT `trans_followup_regs_items_sample_detail_id_foreign` FOREIGN KEY (`sample_detail_id`) REFERENCES `trans_kka_samples_details` (`id`),
  CONSTRAINT `trans_followup_regs_items_updated_by_foreign` FOREIGN KEY (`updated_by`) REFERENCES `sys_users` (`id`)
) ENGINE=InnoDB DEFAULT CHARSET=utf8mb4 COLLATE=utf8mb4_unicode_ci;


DROP TABLE IF EXISTS `trans_followup_reschedule`;
CREATE TABLE `trans_followup_reschedule` (
  `id` bigint(20) unsigned NOT NULL AUTO_INCREMENT,
  `reg_item_id` bigint(20) unsigned NOT NULL,
  `deadline_awal` timestamp NULL DEFAULT NULL,
  `deadline_akhir` timestamp NULL DEFAULT NULL,
  `reason` longtext DEFAULT NULL,
  `approval_note` longtext DEFAULT NULL,
  `approval_leader_status` varchar(255) DEFAULT NULL,
  `approval_leader_at` datetime DEFAULT NULL,
  `approval_pic_status` varchar(255) DEFAULT NULL,
  `approval_pic_at` datetime DEFAULT NULL,
  `revisi_note` longtext DEFAULT NULL,
  `revisi_leader_status` varchar(255) DEFAULT NULL,
  `revisi_leader_at` datetime DEFAULT NULL,
  `revisi_pic_status` varchar(255) DEFAULT NULL,
  `revisi_pic_at` datetime DEFAULT NULL,
  `status` varchar(255) NOT NULL DEFAULT 'new',
  `upgrade_reject` longtext DEFAULT NULL,
  `version` smallint(6) NOT NULL DEFAULT 0,
  `created_by` bigint(20) unsigned DEFAULT NULL,
  `updated_by` bigint(20) unsigned DEFAULT NULL,
  `created_at` timestamp NULL DEFAULT NULL,
  `updated_at` timestamp NULL DEFAULT NULL,
  PRIMARY KEY (`id`),
  KEY `trans_followup_reschedule_reg_item_id_foreign` (`reg_item_id`),
  KEY `trans_followup_reschedule_created_by_index` (`created_by`),
  KEY `trans_followup_reschedule_updated_by_index` (`updated_by`),
  CONSTRAINT `trans_followup_reschedule_created_by_foreign` FOREIGN KEY (`created_by`) REFERENCES `sys_users` (`id`),
  CONSTRAINT `trans_followup_reschedule_reg_item_id_foreign` FOREIGN KEY (`reg_item_id`) REFERENCES `trans_followup_regs_items` (`id`),
  CONSTRAINT `trans_followup_reschedule_updated_by_foreign` FOREIGN KEY (`updated_by`) REFERENCES `sys_users` (`id`)
) ENGINE=InnoDB DEFAULT CHARSET=utf8mb4 COLLATE=utf8mb4_unicode_ci;


DROP TABLE IF EXISTS `trans_followup_reviews`;
CREATE TABLE `trans_followup_reviews` (
  `id` bigint(20) unsigned NOT NULL AUTO_INCREMENT,
  `monitor_id` bigint(20) unsigned NOT NULL,
  `review_count` tinyint(4) NOT NULL DEFAULT 0,
  `review_note` longtext DEFAULT NULL,
  `review_status` varchar(255) DEFAULT NULL COMMENT 'closed, rejected',
  `reject_note` longtext DEFAULT NULL,
  `status` varchar(255) NOT NULL DEFAULT 'new',
  `upgrade_reject` longtext DEFAULT NULL,
  `version` smallint(6) NOT NULL DEFAULT 0,
  `created_by` bigint(20) unsigned DEFAULT NULL,
  `updated_by` bigint(20) unsigned DEFAULT NULL,
  `created_at` timestamp NULL DEFAULT NULL,
  `updated_at` timestamp NULL DEFAULT NULL,
  PRIMARY KEY (`id`),
  KEY `trans_followup_reviews_monitor_id_foreign` (`monitor_id`),
  KEY `trans_followup_reviews_created_by_index` (`created_by`),
  KEY `trans_followup_reviews_updated_by_index` (`updated_by`),
  CONSTRAINT `trans_followup_reviews_created_by_foreign` FOREIGN KEY (`created_by`) REFERENCES `sys_users` (`id`),
  CONSTRAINT `trans_followup_reviews_monitor_id_foreign` FOREIGN KEY (`monitor_id`) REFERENCES `trans_followup_monitors` (`id`),
  CONSTRAINT `trans_followup_reviews_updated_by_foreign` FOREIGN KEY (`updated_by`) REFERENCES `sys_users` (`id`)
) ENGINE=InnoDB DEFAULT CHARSET=utf8mb4 COLLATE=utf8mb4_unicode_ci;


DROP TABLE IF EXISTS `trans_instruction`;
CREATE TABLE `trans_instruction` (
  `id` bigint(20) unsigned NOT NULL AUTO_INCREMENT,
  `summary_id` bigint(20) unsigned DEFAULT NULL,
  `bukti_permulaan_id` bigint(20) unsigned NOT NULL,
  `revision` varchar(255) DEFAULT NULL,
  `hal` varchar(255) DEFAULT NULL,
  `struct_id` bigint(20) unsigned DEFAULT NULL,
  `no_instruction` varchar(255) DEFAULT NULL,
  `date_instruction` timestamp NULL DEFAULT NULL,
  `perihal` text DEFAULT NULL,
  `date_start` timestamp NULL DEFAULT NULL,
  `date_end` timestamp NULL DEFAULT NULL,
  `objective` varchar(2048) DEFAULT NULL,
  `cost_estimation` bigint(20) DEFAULT NULL,
  `consider` longtext DEFAULT NULL,
  `regard` longtext DEFAULT NULL,
  `first_instruction` longtext DEFAULT NULL,
  `second_instruction` longtext DEFAULT NULL,
  `third_instruction` longtext DEFAULT NULL,
  `fourth_instruction` longtext DEFAULT NULL,
  `fifth_instruction` longtext DEFAULT NULL,
  `sixth_instruction` longtext DEFAULT NULL,
  `status` varchar(255) NOT NULL DEFAULT 'new',
  `upgrade_reject` longtext DEFAULT NULL,
  `version` smallint(6) NOT NULL DEFAULT 0,
  `created_by` bigint(20) unsigned DEFAULT NULL,
  `updated_by` bigint(20) unsigned DEFAULT NULL,
  `created_at` timestamp NULL DEFAULT NULL,
  `updated_at` timestamp NULL DEFAULT NULL,
  PRIMARY KEY (`id`),
  KEY `trans_instruction_summary_id_foreign` (`summary_id`),
  KEY `trans_instruction_bukti_permulaan_id_foreign` (`bukti_permulaan_id`),
  KEY `trans_instruction_struct_id_foreign` (`struct_id`),
  KEY `trans_instruction_created_by_index` (`created_by`),
  KEY `trans_instruction_updated_by_index` (`updated_by`),
  CONSTRAINT `trans_instruction_bukti_permulaan_id_foreign` FOREIGN KEY (`bukti_permulaan_id`) REFERENCES `trans_bukti_permulaan` (`id`),
  CONSTRAINT `trans_instruction_created_by_foreign` FOREIGN KEY (`created_by`) REFERENCES `sys_users` (`id`),
  CONSTRAINT `trans_instruction_struct_id_foreign` FOREIGN KEY (`struct_id`) REFERENCES `ref_org_structs` (`id`),
  CONSTRAINT `trans_instruction_summary_id_foreign` FOREIGN KEY (`summary_id`) REFERENCES `trans_rkia_summary` (`id`),
  CONSTRAINT `trans_instruction_updated_by_foreign` FOREIGN KEY (`updated_by`) REFERENCES `sys_users` (`id`)
) ENGINE=InnoDB DEFAULT CHARSET=utf8mb4 COLLATE=utf8mb4_unicode_ci;


DROP TABLE IF EXISTS `trans_instruction_aspects`;
CREATE TABLE `trans_instruction_aspects` (
  `instruction_id` bigint(20) unsigned NOT NULL,
  `aspect_id` bigint(20) unsigned NOT NULL,
  KEY `trans_instruction_aspects_instruction_id_foreign` (`instruction_id`),
  KEY `trans_instruction_aspects_aspect_id_foreign` (`aspect_id`),
  CONSTRAINT `trans_instruction_aspects_aspect_id_foreign` FOREIGN KEY (`aspect_id`) REFERENCES `ref_aspects` (`id`),
  CONSTRAINT `trans_instruction_aspects_instruction_id_foreign` FOREIGN KEY (`instruction_id`) REFERENCES `trans_instruction` (`id`) ON DELETE CASCADE
) ENGINE=InnoDB DEFAULT CHARSET=utf8mb4 COLLATE=utf8mb4_unicode_ci;


DROP TABLE IF EXISTS `trans_instruction_directors`;
CREATE TABLE `trans_instruction_directors` (
  `instruction_id` bigint(20) unsigned NOT NULL,
  `user_id` bigint(20) unsigned NOT NULL,
  KEY `trans_instruction_directors_instruction_id_foreign` (`instruction_id`),
  KEY `trans_instruction_directors_user_id_foreign` (`user_id`),
  CONSTRAINT `trans_instruction_directors_instruction_id_foreign` FOREIGN KEY (`instruction_id`) REFERENCES `trans_instruction` (`id`) ON DELETE CASCADE,
  CONSTRAINT `trans_instruction_directors_user_id_foreign` FOREIGN KEY (`user_id`) REFERENCES `sys_users` (`id`)
) ENGINE=InnoDB DEFAULT CHARSET=utf8mb4 COLLATE=utf8mb4_unicode_ci;


DROP TABLE IF EXISTS `trans_instruction_leaders`;
CREATE TABLE `trans_instruction_leaders` (
  `instruction_id` bigint(20) unsigned NOT NULL,
  `user_id` bigint(20) unsigned NOT NULL,
  KEY `trans_instruction_leaders_instruction_id_foreign` (`instruction_id`),
  KEY `trans_instruction_leaders_user_id_foreign` (`user_id`),
  CONSTRAINT `trans_instruction_leaders_instruction_id_foreign` FOREIGN KEY (`instruction_id`) REFERENCES `trans_instruction` (`id`) ON DELETE CASCADE,
  CONSTRAINT `trans_instruction_leaders_user_id_foreign` FOREIGN KEY (`user_id`) REFERENCES `sys_users` (`id`)
) ENGINE=InnoDB DEFAULT CHARSET=utf8mb4 COLLATE=utf8mb4_unicode_ci;


DROP TABLE IF EXISTS `trans_instruction_members`;
CREATE TABLE `trans_instruction_members` (
  `instruction_id` bigint(20) unsigned NOT NULL,
  `user_id` bigint(20) unsigned NOT NULL,
  KEY `trans_instruction_members_instruction_id_foreign` (`instruction_id`),
  KEY `trans_instruction_members_user_id_foreign` (`user_id`),
  CONSTRAINT `trans_instruction_members_instruction_id_foreign` FOREIGN KEY (`instruction_id`) REFERENCES `trans_instruction` (`id`) ON DELETE CASCADE,
  CONSTRAINT `trans_instruction_members_user_id_foreign` FOREIGN KEY (`user_id`) REFERENCES `sys_users` (`id`)
) ENGINE=InnoDB DEFAULT CHARSET=utf8mb4 COLLATE=utf8mb4_unicode_ci;


DROP TABLE IF EXISTS `trans_instruction_pj`;
CREATE TABLE `trans_instruction_pj` (
  `instruction_id` bigint(20) unsigned NOT NULL,
  `user_id` bigint(20) unsigned NOT NULL,
  KEY `trans_instruction_pj_instruction_id_foreign` (`instruction_id`),
  KEY `trans_instruction_pj_user_id_foreign` (`user_id`),
  CONSTRAINT `trans_instruction_pj_instruction_id_foreign` FOREIGN KEY (`instruction_id`) REFERENCES `trans_instruction` (`id`) ON DELETE CASCADE,
  CONSTRAINT `trans_instruction_pj_user_id_foreign` FOREIGN KEY (`user_id`) REFERENCES `sys_users` (`id`)
) ENGINE=InnoDB DEFAULT CHARSET=utf8mb4 COLLATE=utf8mb4_unicode_ci;


DROP TABLE IF EXISTS `trans_investigasi_pp`;
CREATE TABLE `trans_investigasi_pp` (
  `id` bigint(20) unsigned NOT NULL AUTO_INCREMENT,
  `sp_detail_id` bigint(20) unsigned NOT NULL,
  `no_report` varchar(255) DEFAULT NULL,
  `date_report` timestamp NULL DEFAULT NULL,
  `date_start` timestamp NULL DEFAULT NULL,
  `date_end` timestamp NULL DEFAULT NULL,
  `status` varchar(255) NOT NULL DEFAULT 'new' COMMENT 'new|draft|warning.approval|rejected|completed|upgraded',
  `version` smallint(6) NOT NULL DEFAULT 0,
  `upgrade_reject` longtext DEFAULT NULL,
  `created_by` bigint(20) unsigned DEFAULT NULL,
  `updated_by` bigint(20) unsigned DEFAULT NULL,
  `created_at` timestamp NULL DEFAULT NULL,
  `updated_at` timestamp NULL DEFAULT NULL,
  PRIMARY KEY (`id`),
  KEY `trans_investigasi_pp_sp_detail_id_foreign` (`sp_detail_id`),
  KEY `trans_investigasi_pp_created_by_index` (`created_by`),
  KEY `trans_investigasi_pp_updated_by_index` (`updated_by`),
  CONSTRAINT `trans_investigasi_pp_created_by_foreign` FOREIGN KEY (`created_by`) REFERENCES `sys_users` (`id`),
  CONSTRAINT `trans_investigasi_pp_sp_detail_id_foreign` FOREIGN KEY (`sp_detail_id`) REFERENCES `trans_investigasi_sp_details` (`id`) ON DELETE CASCADE,
  CONSTRAINT `trans_investigasi_pp_updated_by_foreign` FOREIGN KEY (`updated_by`) REFERENCES `sys_users` (`id`)
) ENGINE=InnoDB DEFAULT CHARSET=utf8mb4 COLLATE=utf8mb4_unicode_ci;


DROP TABLE IF EXISTS `trans_investigasi_pp_cc`;
CREATE TABLE `trans_investigasi_pp_cc` (
  `id` bigint(20) unsigned NOT NULL AUTO_INCREMENT,
  `trans_investigasi_pp_id` bigint(20) unsigned NOT NULL,
  `user_id` bigint(20) unsigned NOT NULL,
  PRIMARY KEY (`id`),
  KEY `trans_investigasi_pp_cc_trans_investigasi_pp_id_foreign` (`trans_investigasi_pp_id`),
  KEY `trans_investigasi_pp_cc_user_id_foreign` (`user_id`),
  CONSTRAINT `trans_investigasi_pp_cc_trans_investigasi_pp_id_foreign` FOREIGN KEY (`trans_investigasi_pp_id`) REFERENCES `trans_investigasi_pp` (`id`) ON DELETE CASCADE,
  CONSTRAINT `trans_investigasi_pp_cc_user_id_foreign` FOREIGN KEY (`user_id`) REFERENCES `sys_users` (`id`)
) ENGINE=InnoDB DEFAULT CHARSET=utf8mb4 COLLATE=utf8mb4_unicode_ci;


DROP TABLE IF EXISTS `trans_investigasi_pp_detail`;
CREATE TABLE `trans_investigasi_pp_detail` (
  `ipp_id` bigint(20) unsigned NOT NULL,
  `chronology` text DEFAULT NULL,
  `inspection` text DEFAULT NULL,
  `pelanggaran` longtext DEFAULT NULL,
  `condition` longtext DEFAULT NULL,
  `settlement_efforts` text DEFAULT NULL,
  `real_loss` text DEFAULT NULL,
  `potential_loss` text DEFAULT NULL,
  `materiil_loss` text DEFAULT NULL,
  `immateriil_loss` text DEFAULT NULL,
  `conclusion` text DEFAULT NULL,
  `recomendation` text DEFAULT NULL,
  `created_by` bigint(20) unsigned DEFAULT NULL,
  `updated_by` bigint(20) unsigned DEFAULT NULL,
  `created_at` timestamp NULL DEFAULT NULL,
  `updated_at` timestamp NULL DEFAULT NULL,
  PRIMARY KEY (`ipp_id`),
  KEY `trans_investigasi_pp_detail_created_by_index` (`created_by`),
  KEY `trans_investigasi_pp_detail_updated_by_index` (`updated_by`),
  CONSTRAINT `trans_investigasi_pp_detail_created_by_foreign` FOREIGN KEY (`created_by`) REFERENCES `sys_users` (`id`),
  CONSTRAINT `trans_investigasi_pp_detail_ipp_id_foreign` FOREIGN KEY (`ipp_id`) REFERENCES `trans_investigasi_pp` (`id`) ON DELETE CASCADE,
  CONSTRAINT `trans_investigasi_pp_detail_updated_by_foreign` FOREIGN KEY (`updated_by`) REFERENCES `sys_users` (`id`)
) ENGINE=InnoDB DEFAULT CHARSET=utf8mb4 COLLATE=utf8mb4_unicode_ci;


DROP TABLE IF EXISTS `trans_investigasi_pp_evidence`;
CREATE TABLE `trans_investigasi_pp_evidence` (
  `evidence_id` bigint(20) unsigned NOT NULL AUTO_INCREMENT,
  `ipp_id` bigint(20) unsigned NOT NULL,
  `no_surat` varchar(255) DEFAULT NULL,
  `date_surat` timestamp NULL DEFAULT NULL,
  `type_surat` varchar(255) DEFAULT NULL,
  `keterangan` text DEFAULT NULL,
  `created_by` bigint(20) unsigned DEFAULT NULL,
  `updated_by` bigint(20) unsigned DEFAULT NULL,
  `created_at` timestamp NULL DEFAULT NULL,
  `updated_at` timestamp NULL DEFAULT NULL,
  PRIMARY KEY (`evidence_id`),
  KEY `trans_investigasi_pp_evidence_ipp_id_foreign` (`ipp_id`),
  KEY `trans_investigasi_pp_evidence_created_by_index` (`created_by`),
  KEY `trans_investigasi_pp_evidence_updated_by_index` (`updated_by`),
  CONSTRAINT `trans_investigasi_pp_evidence_created_by_foreign` FOREIGN KEY (`created_by`) REFERENCES `sys_users` (`id`),
  CONSTRAINT `trans_investigasi_pp_evidence_ipp_id_foreign` FOREIGN KEY (`ipp_id`) REFERENCES `trans_investigasi_pp` (`id`) ON DELETE CASCADE,
  CONSTRAINT `trans_investigasi_pp_evidence_updated_by_foreign` FOREIGN KEY (`updated_by`) REFERENCES `sys_users` (`id`)
) ENGINE=InnoDB DEFAULT CHARSET=utf8mb4 COLLATE=utf8mb4_unicode_ci;


DROP TABLE IF EXISTS `trans_investigasi_pp_members`;
CREATE TABLE `trans_investigasi_pp_members` (
  `ipp_id` bigint(20) unsigned NOT NULL,
  `user_id` bigint(20) unsigned NOT NULL,
  `created_by` bigint(20) unsigned DEFAULT NULL,
  `updated_by` bigint(20) unsigned DEFAULT NULL,
  `created_at` timestamp NULL DEFAULT NULL,
  `updated_at` timestamp NULL DEFAULT NULL,
  PRIMARY KEY (`ipp_id`,`user_id`),
  KEY `trans_investigasi_pp_members_user_id_foreign` (`user_id`),
  KEY `trans_investigasi_pp_members_created_by_index` (`created_by`),
  KEY `trans_investigasi_pp_members_updated_by_index` (`updated_by`),
  CONSTRAINT `trans_investigasi_pp_members_created_by_foreign` FOREIGN KEY (`created_by`) REFERENCES `sys_users` (`id`),
  CONSTRAINT `trans_investigasi_pp_members_ipp_id_foreign` FOREIGN KEY (`ipp_id`) REFERENCES `trans_investigasi_pp` (`id`) ON DELETE CASCADE,
  CONSTRAINT `trans_investigasi_pp_members_updated_by_foreign` FOREIGN KEY (`updated_by`) REFERENCES `sys_users` (`id`),
  CONSTRAINT `trans_investigasi_pp_members_user_id_foreign` FOREIGN KEY (`user_id`) REFERENCES `sys_users` (`id`) ON DELETE CASCADE
) ENGINE=InnoDB DEFAULT CHARSET=utf8mb4 COLLATE=utf8mb4_unicode_ci;


DROP TABLE IF EXISTS `trans_investigasi_pp_person`;
CREATE TABLE `trans_investigasi_pp_person` (
  `id` bigint(20) unsigned NOT NULL AUTO_INCREMENT,
  `ipp_id` bigint(20) unsigned NOT NULL,
  `user_id` bigint(20) unsigned NOT NULL,
  `tipe` varchar(255) DEFAULT NULL,
  `name_eksternal` varchar(255) DEFAULT NULL,
  `nik_eksternal` varchar(255) DEFAULT NULL,
  `unit_kerja_eksternal` varchar(255) DEFAULT NULL,
  `jabatan_eksternal` varchar(255) DEFAULT NULL,
  `kualifikasi` text DEFAULT NULL,
  `created_by` bigint(20) unsigned DEFAULT NULL,
  `updated_by` bigint(20) unsigned DEFAULT NULL,
  `created_at` timestamp NULL DEFAULT NULL,
  `updated_at` timestamp NULL DEFAULT NULL,
  PRIMARY KEY (`id`),
  KEY `trans_investigasi_pp_person_ipp_id_foreign` (`ipp_id`),
  KEY `trans_investigasi_pp_person_user_id_foreign` (`user_id`),
  KEY `trans_investigasi_pp_person_created_by_index` (`created_by`),
  KEY `trans_investigasi_pp_person_updated_by_index` (`updated_by`),
  CONSTRAINT `trans_investigasi_pp_person_created_by_foreign` FOREIGN KEY (`created_by`) REFERENCES `sys_users` (`id`),
  CONSTRAINT `trans_investigasi_pp_person_ipp_id_foreign` FOREIGN KEY (`ipp_id`) REFERENCES `trans_investigasi_pp` (`id`) ON DELETE CASCADE,
  CONSTRAINT `trans_investigasi_pp_person_updated_by_foreign` FOREIGN KEY (`updated_by`) REFERENCES `sys_users` (`id`),
  CONSTRAINT `trans_investigasi_pp_person_user_id_foreign` FOREIGN KEY (`user_id`) REFERENCES `sys_users` (`id`) ON DELETE CASCADE
) ENGINE=InnoDB DEFAULT CHARSET=utf8mb4 COLLATE=utf8mb4_unicode_ci;


DROP TABLE IF EXISTS `trans_investigasi_pp_person_tmp`;
CREATE TABLE `trans_investigasi_pp_person_tmp` (
  `id` bigint(20) unsigned NOT NULL AUTO_INCREMENT,
  `token` varchar(255) NOT NULL,
  `user_id` bigint(20) unsigned DEFAULT NULL,
  `kualifikasi` varchar(255) NOT NULL,
  `created_by` bigint(20) unsigned DEFAULT NULL,
  `updated_by` bigint(20) unsigned DEFAULT NULL,
  `created_at` timestamp NULL DEFAULT NULL,
  `updated_at` timestamp NULL DEFAULT NULL,
  PRIMARY KEY (`id`),
  KEY `trans_investigasi_pp_person_tmp_user_id_foreign` (`user_id`),
  KEY `trans_investigasi_pp_person_tmp_created_by_index` (`created_by`),
  KEY `trans_investigasi_pp_person_tmp_updated_by_index` (`updated_by`),
  CONSTRAINT `trans_investigasi_pp_person_tmp_created_by_foreign` FOREIGN KEY (`created_by`) REFERENCES `sys_users` (`id`),
  CONSTRAINT `trans_investigasi_pp_person_tmp_updated_by_foreign` FOREIGN KEY (`updated_by`) REFERENCES `sys_users` (`id`),
  CONSTRAINT `trans_investigasi_pp_person_tmp_user_id_foreign` FOREIGN KEY (`user_id`) REFERENCES `sys_users` (`id`)
) ENGINE=InnoDB DEFAULT CHARSET=utf8mb4 COLLATE=utf8mb4_unicode_ci;


DROP TABLE IF EXISTS `trans_investigasi_sp`;
CREATE TABLE `trans_investigasi_sp` (
  `id` bigint(20) unsigned NOT NULL AUTO_INCREMENT,
  `bukti_permulaan_id` bigint(20) unsigned NOT NULL,
  `opening` text DEFAULT NULL,
  `date` date DEFAULT NULL,
  `time` varchar(255) DEFAULT NULL,
  `time_selesai` varchar(255) DEFAULT NULL,
  `time_end` varchar(255) DEFAULT NULL,
  `reporting_to_id` bigint(20) unsigned DEFAULT NULL,
  `place` varchar(255) DEFAULT NULL,
  `closing` text DEFAULT NULL,
  `status` varchar(255) NOT NULL DEFAULT 'new',
  `version` smallint(6) NOT NULL DEFAULT 0,
  `upgrade_reject` longtext DEFAULT NULL,
  `created_by` bigint(20) unsigned DEFAULT NULL,
  `updated_by` bigint(20) unsigned DEFAULT NULL,
  `created_at` timestamp NULL DEFAULT NULL,
  `updated_at` timestamp NULL DEFAULT NULL,
  PRIMARY KEY (`id`),
  KEY `trans_investigasi_sp_bukti_permulaan_id_foreign` (`bukti_permulaan_id`),
  KEY `trans_investigasi_sp_reporting_to_id_foreign` (`reporting_to_id`),
  KEY `trans_investigasi_sp_created_by_index` (`created_by`),
  KEY `trans_investigasi_sp_updated_by_index` (`updated_by`),
  CONSTRAINT `trans_investigasi_sp_bukti_permulaan_id_foreign` FOREIGN KEY (`bukti_permulaan_id`) REFERENCES `trans_bukti_permulaan` (`id`),
  CONSTRAINT `trans_investigasi_sp_created_by_foreign` FOREIGN KEY (`created_by`) REFERENCES `sys_users` (`id`),
  CONSTRAINT `trans_investigasi_sp_reporting_to_id_foreign` FOREIGN KEY (`reporting_to_id`) REFERENCES `sys_users` (`id`),
  CONSTRAINT `trans_investigasi_sp_updated_by_foreign` FOREIGN KEY (`updated_by`) REFERENCES `sys_users` (`id`)
) ENGINE=InnoDB DEFAULT CHARSET=utf8mb4 COLLATE=utf8mb4_unicode_ci;


DROP TABLE IF EXISTS `trans_investigasi_sp_cc`;
CREATE TABLE `trans_investigasi_sp_cc` (
  `id` bigint(20) unsigned NOT NULL AUTO_INCREMENT,
  `trans_investigasi_sp_id` bigint(20) unsigned NOT NULL,
  `user_id` bigint(20) unsigned NOT NULL,
  PRIMARY KEY (`id`),
  KEY `trans_investigasi_sp_cc_trans_investigasi_sp_id_foreign` (`trans_investigasi_sp_id`),
  KEY `trans_investigasi_sp_cc_user_id_foreign` (`user_id`),
  CONSTRAINT `trans_investigasi_sp_cc_trans_investigasi_sp_id_foreign` FOREIGN KEY (`trans_investigasi_sp_id`) REFERENCES `trans_investigasi_sp` (`id`) ON DELETE CASCADE,
  CONSTRAINT `trans_investigasi_sp_cc_user_id_foreign` FOREIGN KEY (`user_id`) REFERENCES `sys_users` (`id`)
) ENGINE=InnoDB DEFAULT CHARSET=utf8mb4 COLLATE=utf8mb4_unicode_ci;


DROP TABLE IF EXISTS `trans_investigasi_sp_details`;
CREATE TABLE `trans_investigasi_sp_details` (
  `id` bigint(20) unsigned NOT NULL AUTO_INCREMENT,
  `sp_id` bigint(20) unsigned DEFAULT NULL,
  `letter_no` varchar(255) DEFAULT NULL,
  `letter_date` timestamp NULL DEFAULT NULL,
  `letter_place` varchar(255) DEFAULT NULL,
  `qualification_id` bigint(20) unsigned DEFAULT NULL,
  `category` varchar(255) DEFAULT NULL COMMENT 'biasa|segera|sangat_segera',
  `regarding` varchar(255) DEFAULT NULL,
  `receiver_id` bigint(20) unsigned DEFAULT NULL,
  `receiver_raw` varchar(255) DEFAULT NULL,
  `position` varchar(255) DEFAULT NULL,
  `created_at` timestamp NULL DEFAULT NULL,
  `updated_at` timestamp NULL DEFAULT NULL,
  PRIMARY KEY (`id`),
  KEY `trans_investigasi_sp_details_sp_id_foreign` (`sp_id`),
  KEY `trans_investigasi_sp_details_receiver_id_foreign` (`receiver_id`),
  KEY `trans_investigasi_sp_details_qualification_id_foreign` (`qualification_id`),
  CONSTRAINT `trans_investigasi_sp_details_qualification_id_foreign` FOREIGN KEY (`qualification_id`) REFERENCES `ref_investigative_qualifications` (`id`),
  CONSTRAINT `trans_investigasi_sp_details_receiver_id_foreign` FOREIGN KEY (`receiver_id`) REFERENCES `sys_users` (`id`),
  CONSTRAINT `trans_investigasi_sp_details_sp_id_foreign` FOREIGN KEY (`sp_id`) REFERENCES `trans_investigasi_sp` (`id`) ON DELETE CASCADE
) ENGINE=InnoDB DEFAULT CHARSET=utf8mb4 COLLATE=utf8mb4_unicode_ci;


DROP TABLE IF EXISTS `trans_investigasi_sp_to`;
CREATE TABLE `trans_investigasi_sp_to` (
  `trans_investigasi_sp_id` bigint(20) unsigned NOT NULL,
  `user_id` bigint(20) unsigned NOT NULL,
  UNIQUE KEY `investigasi_sp_id__user_id` (`trans_investigasi_sp_id`,`user_id`),
  KEY `trans_investigasi_sp_to_user_id_foreign` (`user_id`),
  CONSTRAINT `trans_investigasi_sp_to_trans_investigasi_sp_id_foreign` FOREIGN KEY (`trans_investigasi_sp_id`) REFERENCES `trans_investigasi_sp` (`id`) ON DELETE CASCADE,
  CONSTRAINT `trans_investigasi_sp_to_user_id_foreign` FOREIGN KEY (`user_id`) REFERENCES `sys_users` (`id`)
) ENGINE=InnoDB DEFAULT CHARSET=utf8mb4 COLLATE=utf8mb4_unicode_ci;


DROP TABLE IF EXISTS `trans_investigasi_st`;
CREATE TABLE `trans_investigasi_st` (
  `id` bigint(20) unsigned NOT NULL AUTO_INCREMENT,
  `period` varchar(4) DEFAULT NULL,
  `object_audit_id` bigint(20) unsigned DEFAULT NULL,
  `schedule_start` timestamp NULL DEFAULT NULL,
  `content` text DEFAULT NULL,
  `schedule_end` timestamp NULL DEFAULT NULL,
  `letter_no` varchar(255) DEFAULT NULL,
  `letter_place` varchar(255) NOT NULL,
  `letter_date` timestamp NULL DEFAULT NULL,
  `signer_id` bigint(20) unsigned NOT NULL,
  `object_type` varchar(255) NOT NULL,
  `object_id` bigint(20) unsigned NOT NULL,
  `date_start` timestamp NULL DEFAULT NULL,
  `date_end` timestamp NULL DEFAULT NULL,
  `valid_start` timestamp NULL DEFAULT NULL,
  `valid_end` timestamp NULL DEFAULT NULL,
  `sentence_start` text NOT NULL,
  `sentence_end` text NOT NULL,
  `review_note` text DEFAULT NULL,
  `review_at` timestamp NULL DEFAULT NULL,
  `status` varchar(255) NOT NULL DEFAULT 'new' COMMENT 'new|draft|warning.approval|rejected|completed',
  `version` smallint(6) NOT NULL DEFAULT 0,
  `upgrade_reject` longtext DEFAULT NULL,
  `created_by` bigint(20) unsigned DEFAULT NULL,
  `updated_by` bigint(20) unsigned DEFAULT NULL,
  `created_at` timestamp NULL DEFAULT NULL,
  `updated_at` timestamp NULL DEFAULT NULL,
  PRIMARY KEY (`id`),
  KEY `trans_investigasi_st_signer_id_foreign` (`signer_id`),
  KEY `trans_investigasi_st_object_id_foreign` (`object_id`),
  KEY `trans_investigasi_st_object_audit_id_foreign` (`object_audit_id`),
  KEY `trans_investigasi_st_created_by_index` (`created_by`),
  KEY `trans_investigasi_st_updated_by_index` (`updated_by`),
  CONSTRAINT `trans_investigasi_st_created_by_foreign` FOREIGN KEY (`created_by`) REFERENCES `sys_users` (`id`),
  CONSTRAINT `trans_investigasi_st_object_audit_id_foreign` FOREIGN KEY (`object_audit_id`) REFERENCES `ref_org_structs` (`id`),
  CONSTRAINT `trans_investigasi_st_object_id_foreign` FOREIGN KEY (`object_id`) REFERENCES `ref_org_structs` (`id`),
  CONSTRAINT `trans_investigasi_st_signer_id_foreign` FOREIGN KEY (`signer_id`) REFERENCES `sys_users` (`id`),
  CONSTRAINT `trans_investigasi_st_updated_by_foreign` FOREIGN KEY (`updated_by`) REFERENCES `sys_users` (`id`)
) ENGINE=InnoDB DEFAULT CHARSET=utf8mb4 COLLATE=utf8mb4_unicode_ci;


DROP TABLE IF EXISTS `trans_investigasi_st_cc`;
CREATE TABLE `trans_investigasi_st_cc` (
  `id` bigint(20) unsigned NOT NULL AUTO_INCREMENT,
  `trans_investigasi_st_id` bigint(20) unsigned NOT NULL,
  `user_id` bigint(20) unsigned NOT NULL,
  PRIMARY KEY (`id`),
  KEY `trans_investigasi_st_cc_trans_investigasi_st_id_foreign` (`trans_investigasi_st_id`),
  KEY `trans_investigasi_st_cc_user_id_foreign` (`user_id`),
  CONSTRAINT `trans_investigasi_st_cc_trans_investigasi_st_id_foreign` FOREIGN KEY (`trans_investigasi_st_id`) REFERENCES `trans_investigasi_st` (`id`) ON DELETE CASCADE,
  CONSTRAINT `trans_investigasi_st_cc_user_id_foreign` FOREIGN KEY (`user_id`) REFERENCES `sys_users` (`id`)
) ENGINE=InnoDB DEFAULT CHARSET=utf8mb4 COLLATE=utf8mb4_unicode_ci;


DROP TABLE IF EXISTS `trans_investigasi_st_members`;
CREATE TABLE `trans_investigasi_st_members` (
  `id` bigint(20) unsigned NOT NULL AUTO_INCREMENT,
  `st_id` bigint(20) unsigned NOT NULL,
  `user_id` bigint(20) unsigned NOT NULL,
  `last_position_id` bigint(20) unsigned DEFAULT NULL COMMENT 'jabatan pada saat surat tugas dibuat',
  `last_location_id` bigint(20) unsigned DEFAULT NULL COMMENT 'unit kerja pada saat surat tugas dibuat',
  `order` int(11) NOT NULL DEFAULT 1,
  `created_by` bigint(20) unsigned DEFAULT NULL,
  `updated_by` bigint(20) unsigned DEFAULT NULL,
  `created_at` timestamp NULL DEFAULT NULL,
  `updated_at` timestamp NULL DEFAULT NULL,
  PRIMARY KEY (`id`),
  KEY `trans_investigasi_st_members_st_id_foreign` (`st_id`),
  KEY `trans_investigasi_st_members_user_id_foreign` (`user_id`),
  KEY `trans_investigasi_st_members_last_position_id_foreign` (`last_position_id`),
  KEY `trans_investigasi_st_members_last_location_id_foreign` (`last_location_id`),
  KEY `trans_investigasi_st_members_created_by_index` (`created_by`),
  KEY `trans_investigasi_st_members_updated_by_index` (`updated_by`),
  CONSTRAINT `trans_investigasi_st_members_created_by_foreign` FOREIGN KEY (`created_by`) REFERENCES `sys_users` (`id`),
  CONSTRAINT `trans_investigasi_st_members_last_location_id_foreign` FOREIGN KEY (`last_location_id`) REFERENCES `ref_org_structs` (`id`),
  CONSTRAINT `trans_investigasi_st_members_last_position_id_foreign` FOREIGN KEY (`last_position_id`) REFERENCES `ref_positions` (`id`),
  CONSTRAINT `trans_investigasi_st_members_st_id_foreign` FOREIGN KEY (`st_id`) REFERENCES `trans_investigasi_st` (`id`),
  CONSTRAINT `trans_investigasi_st_members_updated_by_foreign` FOREIGN KEY (`updated_by`) REFERENCES `sys_users` (`id`),
  CONSTRAINT `trans_investigasi_st_members_user_id_foreign` FOREIGN KEY (`user_id`) REFERENCES `sys_users` (`id`)
) ENGINE=InnoDB DEFAULT CHARSET=utf8mb4 COLLATE=utf8mb4_unicode_ci;


DROP TABLE IF EXISTS `trans_invves_pp_evidence_tmp`;
CREATE TABLE `trans_invves_pp_evidence_tmp` (
  `id` bigint(20) unsigned NOT NULL AUTO_INCREMENT,
  `evidence_id` bigint(20) unsigned NOT NULL,
  `token` varchar(255) NOT NULL,
  `no_surat` varchar(255) NOT NULL,
  `date_surat` timestamp NULL DEFAULT NULL,
  `type_surat` varchar(255) NOT NULL,
  `keterangan` text NOT NULL,
  `created_by` bigint(20) unsigned DEFAULT NULL,
  `updated_by` bigint(20) unsigned DEFAULT NULL,
  `created_at` timestamp NULL DEFAULT NULL,
  `updated_at` timestamp NULL DEFAULT NULL,
  PRIMARY KEY (`id`),
  KEY `trans_invves_pp_evidence_tmp_no_surat_index` (`no_surat`),
  KEY `trans_invves_pp_evidence_tmp_date_surat_index` (`date_surat`),
  KEY `trans_invves_pp_evidence_tmp_type_surat_index` (`type_surat`),
  KEY `trans_invves_pp_evidence_tmp_created_by_index` (`created_by`),
  KEY `trans_invves_pp_evidence_tmp_updated_by_index` (`updated_by`),
  CONSTRAINT `trans_invves_pp_evidence_tmp_created_by_foreign` FOREIGN KEY (`created_by`) REFERENCES `sys_users` (`id`),
  CONSTRAINT `trans_invves_pp_evidence_tmp_updated_by_foreign` FOREIGN KEY (`updated_by`) REFERENCES `sys_users` (`id`)
) ENGINE=InnoDB DEFAULT CHARSET=utf8mb4 COLLATE=utf8mb4_unicode_ci;


DROP TABLE IF EXISTS `trans_kka_commitment`;
CREATE TABLE `trans_kka_commitment` (
  `id` bigint(20) unsigned NOT NULL AUTO_INCREMENT,
  `summary_id` bigint(20) unsigned NOT NULL,
  `sample_id` bigint(20) unsigned NOT NULL,
  `status` varchar(255) NOT NULL DEFAULT 'new',
  `version` smallint(6) NOT NULL DEFAULT 0,
  `upgrade_reject` tinytext DEFAULT NULL,
  `created_by` bigint(20) unsigned DEFAULT NULL,
  `updated_by` bigint(20) unsigned DEFAULT NULL,
  `created_at` timestamp NULL DEFAULT NULL,
  `updated_at` timestamp NULL DEFAULT NULL,
  PRIMARY KEY (`id`),
  KEY `trans_kka_commitment_summary_id_foreign` (`summary_id`),
  KEY `trans_kka_commitment_sample_id_foreign` (`sample_id`),
  KEY `trans_kka_commitment_created_by_index` (`created_by`),
  KEY `trans_kka_commitment_updated_by_index` (`updated_by`),
  CONSTRAINT `trans_kka_commitment_created_by_foreign` FOREIGN KEY (`created_by`) REFERENCES `sys_users` (`id`),
  CONSTRAINT `trans_kka_commitment_sample_id_foreign` FOREIGN KEY (`sample_id`) REFERENCES `trans_kka_samples` (`id`),
  CONSTRAINT `trans_kka_commitment_summary_id_foreign` FOREIGN KEY (`summary_id`) REFERENCES `trans_rkia_summary` (`id`),
  CONSTRAINT `trans_kka_commitment_updated_by_foreign` FOREIGN KEY (`updated_by`) REFERENCES `sys_users` (`id`)
) ENGINE=InnoDB DEFAULT CHARSET=utf8mb4 COLLATE=utf8mb4_unicode_ci;


DROP TABLE IF EXISTS `trans_kka_feedbacks`;
CREATE TABLE `trans_kka_feedbacks` (
  `id` bigint(20) unsigned NOT NULL AUTO_INCREMENT,
  `summary_id` bigint(20) unsigned NOT NULL,
  `sample_id` bigint(20) unsigned NOT NULL,
  `status` varchar(255) NOT NULL DEFAULT 'new' COMMENT 'new|draft|completed',
  `upgrade_reject` longtext DEFAULT NULL,
  `version` smallint(6) NOT NULL DEFAULT 0,
  `created_by` bigint(20) unsigned DEFAULT NULL,
  `updated_by` bigint(20) unsigned DEFAULT NULL,
  `created_at` timestamp NULL DEFAULT NULL,
  `updated_at` timestamp NULL DEFAULT NULL,
  PRIMARY KEY (`id`),
  KEY `trans_kka_feedbacks_summary_id_foreign` (`summary_id`),
  KEY `trans_kka_feedbacks_sample_id_foreign` (`sample_id`),
  KEY `trans_kka_feedbacks_created_by_index` (`created_by`),
  KEY `trans_kka_feedbacks_updated_by_index` (`updated_by`),
  CONSTRAINT `trans_kka_feedbacks_created_by_foreign` FOREIGN KEY (`created_by`) REFERENCES `sys_users` (`id`),
  CONSTRAINT `trans_kka_feedbacks_sample_id_foreign` FOREIGN KEY (`sample_id`) REFERENCES `trans_kka_samples` (`id`),
  CONSTRAINT `trans_kka_feedbacks_summary_id_foreign` FOREIGN KEY (`summary_id`) REFERENCES `trans_rkia_summary` (`id`),
  CONSTRAINT `trans_kka_feedbacks_updated_by_foreign` FOREIGN KEY (`updated_by`) REFERENCES `sys_users` (`id`)
) ENGINE=InnoDB DEFAULT CHARSET=utf8mb4 COLLATE=utf8mb4_unicode_ci;


DROP TABLE IF EXISTS `trans_kka_review_samples`;
CREATE TABLE `trans_kka_review_samples` (
  `id` bigint(20) unsigned NOT NULL AUTO_INCREMENT,
  `summary_id` bigint(20) unsigned NOT NULL,
  `sample_id` bigint(20) unsigned NOT NULL,
  `leader_approved_at` timestamp NULL DEFAULT NULL,
  `leader_rejected_at` timestamp NULL DEFAULT NULL,
  `leader_note` varchar(1024) DEFAULT NULL,
  `status` varchar(255) NOT NULL DEFAULT 'new' COMMENT 'new|draft|completed',
  `version` tinyint(4) NOT NULL DEFAULT 0,
  `created_by` bigint(20) unsigned DEFAULT NULL,
  `updated_by` bigint(20) unsigned DEFAULT NULL,
  `created_at` timestamp NULL DEFAULT NULL,
  `updated_at` timestamp NULL DEFAULT NULL,
  PRIMARY KEY (`id`),
  KEY `trans_kka_review_samples_summary_id_foreign` (`summary_id`),
  KEY `trans_kka_review_samples_sample_id_foreign` (`sample_id`),
  KEY `trans_kka_review_samples_created_by_index` (`created_by`),
  KEY `trans_kka_review_samples_updated_by_index` (`updated_by`),
  CONSTRAINT `trans_kka_review_samples_created_by_foreign` FOREIGN KEY (`created_by`) REFERENCES `sys_users` (`id`),
  CONSTRAINT `trans_kka_review_samples_sample_id_foreign` FOREIGN KEY (`sample_id`) REFERENCES `trans_kka_samples` (`id`),
  CONSTRAINT `trans_kka_review_samples_summary_id_foreign` FOREIGN KEY (`summary_id`) REFERENCES `trans_rkia_summary` (`id`),
  CONSTRAINT `trans_kka_review_samples_updated_by_foreign` FOREIGN KEY (`updated_by`) REFERENCES `sys_users` (`id`)
) ENGINE=InnoDB DEFAULT CHARSET=utf8mb4 COLLATE=utf8mb4_unicode_ci;


DROP TABLE IF EXISTS `trans_kka_samples`;
CREATE TABLE `trans_kka_samples` (
  `id` bigint(20) unsigned NOT NULL AUTO_INCREMENT,
  `summary_id` bigint(20) unsigned NOT NULL,
  `pic_id` bigint(20) unsigned DEFAULT NULL,
  `status_id` bigint(20) unsigned NOT NULL DEFAULT 1,
  `no_kka` varchar(255) DEFAULT NULL,
  `posting_date` date DEFAULT NULL,
  `is_done` tinyint(3) unsigned NOT NULL DEFAULT 0,
  `status` varchar(255) NOT NULL DEFAULT 'new',
  `upgrade_reject` longtext DEFAULT NULL,
  `version` smallint(6) NOT NULL DEFAULT 0,
  `created_by` bigint(20) unsigned DEFAULT NULL,
  `updated_by` bigint(20) unsigned DEFAULT NULL,
  `created_at` timestamp NULL DEFAULT NULL,
  `updated_at` timestamp NULL DEFAULT NULL,
  PRIMARY KEY (`id`),
  KEY `trans_kka_samples_summary_id_foreign` (`summary_id`),
  KEY `trans_kka_samples_pic_id_foreign` (`pic_id`),
  KEY `trans_kka_samples_status_id_foreign` (`status_id`),
  KEY `trans_kka_samples_created_by_index` (`created_by`),
  KEY `trans_kka_samples_updated_by_index` (`updated_by`),
  CONSTRAINT `trans_kka_samples_created_by_foreign` FOREIGN KEY (`created_by`) REFERENCES `sys_users` (`id`),
  CONSTRAINT `trans_kka_samples_pic_id_foreign` FOREIGN KEY (`pic_id`) REFERENCES `sys_users` (`id`),
  CONSTRAINT `trans_kka_samples_status_id_foreign` FOREIGN KEY (`status_id`) REFERENCES `ref_status_temuan` (`id`),
  CONSTRAINT `trans_kka_samples_summary_id_foreign` FOREIGN KEY (`summary_id`) REFERENCES `trans_rkia_summary` (`id`),
  CONSTRAINT `trans_kka_samples_updated_by_foreign` FOREIGN KEY (`updated_by`) REFERENCES `sys_users` (`id`)
) ENGINE=InnoDB DEFAULT CHARSET=utf8mb4 COLLATE=utf8mb4_unicode_ci;


DROP TABLE IF EXISTS `trans_kka_samples_details`;
CREATE TABLE `trans_kka_samples_details` (
  `id` bigint(20) unsigned NOT NULL AUTO_INCREMENT,
  `sample_id` bigint(20) unsigned NOT NULL,
  `id_temuan` varchar(255) DEFAULT NULL COMMENT 'No KKA + 3 Digit Increment',
  `aspect_id` bigint(20) unsigned NOT NULL,
  `apm_detail_id` bigint(20) unsigned DEFAULT NULL,
  `no_contract` varchar(255) DEFAULT NULL,
  `is_finding` varchar(255) NOT NULL DEFAULT 'finding',
  `is_rejected` tinyint(4) NOT NULL DEFAULT 0,
  `review_sample_edit` tinyint(3) unsigned NOT NULL DEFAULT 1,
  `review_sample_note` longtext DEFAULT NULL,
  `description` varchar(1024) DEFAULT NULL,
  `condition` longtext DEFAULT NULL,
  `criteria` longtext DEFAULT NULL,
  `because` longtext DEFAULT NULL,
  `consequence` longtext DEFAULT NULL,
  `recommendation` longtext DEFAULT NULL,
  `deadline` date DEFAULT NULL,
  `commitment` longtext DEFAULT NULL,
  `commitment_feedback` longtext DEFAULT NULL,
  `commitment_review` longtext DEFAULT NULL,
  `sample_created_by` bigint(20) unsigned DEFAULT NULL,
  `sample_updated_by` bigint(20) unsigned DEFAULT NULL,
  `sample_created_at` timestamp NULL DEFAULT NULL,
  `sample_updated_at` timestamp NULL DEFAULT NULL,
  `status` varchar(255) NOT NULL DEFAULT 'valid' COMMENT 'valid|invalid',
  `feedback_status` varchar(255) NOT NULL DEFAULT 'valid' COMMENT 'valid|invalid',
  `feedback_note` text DEFAULT NULL,
  `feedback_by` bigint(20) unsigned DEFAULT NULL,
  `feedback_at` timestamp NULL DEFAULT NULL,
  `feedback_created_by` bigint(20) unsigned DEFAULT NULL,
  `feedback_created_at` timestamp NULL DEFAULT NULL,
  `review_note` text DEFAULT NULL,
  `review_by` bigint(20) unsigned DEFAULT NULL,
  `review_at` timestamp NULL DEFAULT NULL,
  `review_dir` longtext DEFAULT NULL,
  `worksheet_created_by` bigint(20) unsigned DEFAULT NULL,
  `worksheet_created_at` timestamp NULL DEFAULT NULL,
  `commitment_by` bigint(20) unsigned DEFAULT NULL,
  `commitment_at` timestamp NULL DEFAULT NULL,
  `created_by` bigint(20) unsigned DEFAULT NULL,
  `updated_by` bigint(20) unsigned DEFAULT NULL,
  `created_at` timestamp NULL DEFAULT NULL,
  `updated_at` timestamp NULL DEFAULT NULL,
  PRIMARY KEY (`id`),
  KEY `trans_kka_samples_details_sample_id_foreign` (`sample_id`),
  KEY `trans_kka_samples_details_aspect_id_foreign` (`aspect_id`),
  KEY `trans_kka_samples_details_feedback_by_foreign` (`feedback_by`),
  KEY `trans_kka_samples_details_review_by_foreign` (`review_by`),
  KEY `trans_kka_samples_details_commitment_by_foreign` (`commitment_by`),
  KEY `trans_kka_samples_details_created_by_index` (`created_by`),
  KEY `trans_kka_samples_details_updated_by_index` (`updated_by`),
  CONSTRAINT `trans_kka_samples_details_aspect_id_foreign` FOREIGN KEY (`aspect_id`) REFERENCES `ref_aspects` (`id`),
  CONSTRAINT `trans_kka_samples_details_commitment_by_foreign` FOREIGN KEY (`commitment_by`) REFERENCES `sys_users` (`id`),
  CONSTRAINT `trans_kka_samples_details_created_by_foreign` FOREIGN KEY (`created_by`) REFERENCES `sys_users` (`id`),
  CONSTRAINT `trans_kka_samples_details_feedback_by_foreign` FOREIGN KEY (`feedback_by`) REFERENCES `sys_users` (`id`),
  CONSTRAINT `trans_kka_samples_details_review_by_foreign` FOREIGN KEY (`review_by`) REFERENCES `sys_users` (`id`),
  CONSTRAINT `trans_kka_samples_details_sample_id_foreign` FOREIGN KEY (`sample_id`) REFERENCES `trans_kka_samples` (`id`) ON DELETE CASCADE,
  CONSTRAINT `trans_kka_samples_details_updated_by_foreign` FOREIGN KEY (`updated_by`) REFERENCES `sys_users` (`id`)
) ENGINE=InnoDB DEFAULT CHARSET=utf8mb4 COLLATE=utf8mb4_unicode_ci;


DROP TABLE IF EXISTS `trans_kka_worksheets`;
CREATE TABLE `trans_kka_worksheets` (
  `id` bigint(20) unsigned NOT NULL AUTO_INCREMENT,
  `summary_id` bigint(20) unsigned NOT NULL,
  `sample_id` bigint(20) unsigned NOT NULL,
  `approval_note` tinytext DEFAULT NULL,
  `approval_leader_status` varchar(255) DEFAULT NULL,
  `approval_leader_at` datetime DEFAULT NULL,
  `approval_pic_status` varchar(255) DEFAULT NULL,
  `approval_pic_at` datetime DEFAULT NULL,
  `revisi_note` tinytext DEFAULT NULL,
  `revisi_leader_status` varchar(255) DEFAULT NULL,
  `revisi_leader_at` datetime DEFAULT NULL,
  `revisi_pic_status` varchar(255) DEFAULT NULL,
  `revisi_pic_at` datetime DEFAULT NULL,
  `status` varchar(255) NOT NULL DEFAULT 'new' COMMENT 'new|draft|warning.approval|rejected|completed',
  `upgrade_reject` longtext DEFAULT NULL,
  `version` smallint(6) NOT NULL DEFAULT 0,
  `created_by` bigint(20) unsigned DEFAULT NULL,
  `updated_by` bigint(20) unsigned DEFAULT NULL,
  `created_at` timestamp NULL DEFAULT NULL,
  `updated_at` timestamp NULL DEFAULT NULL,
  PRIMARY KEY (`id`),
  KEY `trans_kka_worksheets_summary_id_foreign` (`summary_id`),
  KEY `trans_kka_worksheets_sample_id_foreign` (`sample_id`),
  KEY `trans_kka_worksheets_created_by_index` (`created_by`),
  KEY `trans_kka_worksheets_updated_by_index` (`updated_by`),
  CONSTRAINT `trans_kka_worksheets_created_by_foreign` FOREIGN KEY (`created_by`) REFERENCES `sys_users` (`id`),
  CONSTRAINT `trans_kka_worksheets_sample_id_foreign` FOREIGN KEY (`sample_id`) REFERENCES `trans_kka_samples` (`id`),
  CONSTRAINT `trans_kka_worksheets_summary_id_foreign` FOREIGN KEY (`summary_id`) REFERENCES `trans_rkia_summary` (`id`),
  CONSTRAINT `trans_kka_worksheets_updated_by_foreign` FOREIGN KEY (`updated_by`) REFERENCES `sys_users` (`id`)
) ENGINE=InnoDB DEFAULT CHARSET=utf8mb4 COLLATE=utf8mb4_unicode_ci;


DROP TABLE IF EXISTS `trans_kka_worksheets_cc`;
CREATE TABLE `trans_kka_worksheets_cc` (
  `worksheet_id` bigint(20) unsigned NOT NULL,
  `user_id` bigint(20) unsigned NOT NULL,
  PRIMARY KEY (`worksheet_id`,`user_id`),
  KEY `trans_kka_worksheets_cc_user_id_foreign` (`user_id`),
  CONSTRAINT `trans_kka_worksheets_cc_user_id_foreign` FOREIGN KEY (`user_id`) REFERENCES `sys_users` (`id`),
  CONSTRAINT `trans_kka_worksheets_cc_worksheet_id_foreign` FOREIGN KEY (`worksheet_id`) REFERENCES `trans_kka_worksheets` (`id`) ON DELETE CASCADE
) ENGINE=InnoDB DEFAULT CHARSET=utf8mb4 COLLATE=utf8mb4_unicode_ci;


DROP TABLE IF EXISTS `trans_lha`;
CREATE TABLE `trans_lha` (
  `id` bigint(20) unsigned NOT NULL AUTO_INCREMENT,
  `summary_id` bigint(20) unsigned NOT NULL,
  `no_memo` varchar(255) DEFAULT NULL,
  `date_memo` datetime DEFAULT NULL,
  `cover` longtext DEFAULT NULL,
  `background` longtext DEFAULT NULL,
  `inspection_target` longtext DEFAULT NULL,
  `inspection_scope` longtext DEFAULT NULL,
  `risk_register` longtext DEFAULT NULL,
  `general_criteria` longtext DEFAULT NULL,
  `risk_management_implementation` longtext DEFAULT NULL,
  `closing` longtext DEFAULT NULL,
  `lampiran` longtext DEFAULT NULL,
  `status` varchar(255) NOT NULL DEFAULT 'new',
  `upgrade_reject` longtext DEFAULT NULL,
  `version` smallint(6) NOT NULL DEFAULT 0,
  `created_by` bigint(20) unsigned DEFAULT NULL,
  `updated_by` bigint(20) unsigned DEFAULT NULL,
  `created_at` timestamp NULL DEFAULT NULL,
  `updated_at` timestamp NULL DEFAULT NULL,
  PRIMARY KEY (`id`),
  KEY `trans_lha_summary_id_foreign` (`summary_id`),
  KEY `trans_lha_created_by_index` (`created_by`),
  KEY `trans_lha_updated_by_index` (`updated_by`),
  CONSTRAINT `trans_lha_created_by_foreign` FOREIGN KEY (`created_by`) REFERENCES `sys_users` (`id`),
  CONSTRAINT `trans_lha_summary_id_foreign` FOREIGN KEY (`summary_id`) REFERENCES `trans_rkia_summary` (`id`),
  CONSTRAINT `trans_lha_updated_by_foreign` FOREIGN KEY (`updated_by`) REFERENCES `sys_users` (`id`)
) ENGINE=InnoDB DEFAULT CHARSET=utf8mb4 COLLATE=utf8mb4_unicode_ci;


DROP TABLE IF EXISTS `trans_lha_cc`;
CREATE TABLE `trans_lha_cc` (
  `lha_id` bigint(20) unsigned NOT NULL,
  `user_id` bigint(20) unsigned NOT NULL,
  PRIMARY KEY (`lha_id`,`user_id`),
  KEY `trans_lha_cc_user_id_foreign` (`user_id`),
  CONSTRAINT `trans_lha_cc_lha_id_foreign` FOREIGN KEY (`lha_id`) REFERENCES `trans_lha` (`id`) ON DELETE CASCADE,
  CONSTRAINT `trans_lha_cc_user_id_foreign` FOREIGN KEY (`user_id`) REFERENCES `sys_users` (`id`)
) ENGINE=InnoDB DEFAULT CHARSET=utf8mb4 COLLATE=utf8mb4_unicode_ci;


DROP TABLE IF EXISTS `trans_meetings`;
CREATE TABLE `trans_meetings` (
  `id` bigint(20) unsigned NOT NULL AUTO_INCREMENT,
  `perusahaan_id` bigint(20) unsigned NOT NULL,
  `letter_date` timestamp NULL DEFAULT NULL,
  `letter_manual` varchar(255) DEFAULT NULL,
  `letter_place` varchar(255) NOT NULL,
  `regarding` varchar(255) NOT NULL,
  `meet_date` timestamp NULL DEFAULT NULL,
  `meet_start` varchar(255) NOT NULL,
  `meet_end` varchar(255) DEFAULT NULL,
  `time_selesai` tinyint(4) DEFAULT NULL,
  `meet_type` varchar(255) NOT NULL DEFAULT 'offline' COMMENT 'offline/online',
  `meet_place` varchar(255) NOT NULL,
  `meet_link` text DEFAULT NULL,
  `meet_agenda` text NOT NULL,
  `first_sentence` varchar(255) NOT NULL,
  `last_sentence` varchar(255) NOT NULL,
  `review_note` text DEFAULT NULL,
  `review_at` timestamp NULL DEFAULT NULL,
  `status` varchar(255) NOT NULL DEFAULT 'new',
  `upgrade_reject` longtext DEFAULT NULL,
  `version` smallint(6) NOT NULL DEFAULT 0,
  `created_by` bigint(20) unsigned DEFAULT NULL,
  `updated_by` bigint(20) unsigned DEFAULT NULL,
  `created_at` timestamp NULL DEFAULT NULL,
  `updated_at` timestamp NULL DEFAULT NULL,
  PRIMARY KEY (`id`),
  KEY `trans_meetings_perusahaan_id_foreign` (`perusahaan_id`),
  KEY `trans_meetings_created_by_index` (`created_by`),
  KEY `trans_meetings_updated_by_index` (`updated_by`),
  CONSTRAINT `trans_meetings_created_by_foreign` FOREIGN KEY (`created_by`) REFERENCES `sys_users` (`id`),
  CONSTRAINT `trans_meetings_perusahaan_id_foreign` FOREIGN KEY (`perusahaan_id`) REFERENCES `ref_org_structs` (`id`),
  CONSTRAINT `trans_meetings_updated_by_foreign` FOREIGN KEY (`updated_by`) REFERENCES `sys_users` (`id`)
) ENGINE=InnoDB DEFAULT CHARSET=utf8mb4 COLLATE=utf8mb4_unicode_ci;


DROP TABLE IF EXISTS `trans_meetings_cc`;
CREATE TABLE `trans_meetings_cc` (
  `meeting_id` bigint(20) unsigned NOT NULL,
  `user_id` bigint(20) unsigned NOT NULL,
  PRIMARY KEY (`meeting_id`,`user_id`),
  KEY `trans_meetings_cc_user_id_foreign` (`user_id`),
  CONSTRAINT `trans_meetings_cc_meeting_id_foreign` FOREIGN KEY (`meeting_id`) REFERENCES `trans_meetings` (`id`) ON DELETE CASCADE,
  CONSTRAINT `trans_meetings_cc_user_id_foreign` FOREIGN KEY (`user_id`) REFERENCES `sys_users` (`id`)
) ENGINE=InnoDB DEFAULT CHARSET=utf8mb4 COLLATE=utf8mb4_unicode_ci;


DROP TABLE IF EXISTS `trans_meetings_leaders`;
CREATE TABLE `trans_meetings_leaders` (
  `id` bigint(20) unsigned NOT NULL AUTO_INCREMENT,
  `meeting_id` bigint(20) unsigned NOT NULL,
  `user_id` bigint(20) unsigned NOT NULL,
  `order` int(11) NOT NULL,
  `review_status` varchar(255) NOT NULL DEFAULT 'new' COMMENT 'new|rejected|approved',
  `review_note` text DEFAULT NULL,
  `review_at` timestamp NULL DEFAULT NULL,
  `review_recap_status` varchar(255) NOT NULL DEFAULT 'new' COMMENT 'new|rejected|approved',
  `review_recap_note` text DEFAULT NULL,
  `review_recap_at` timestamp NULL DEFAULT NULL,
  `created_by` bigint(20) unsigned DEFAULT NULL,
  `updated_by` bigint(20) unsigned DEFAULT NULL,
  `created_at` timestamp NULL DEFAULT NULL,
  `updated_at` timestamp NULL DEFAULT NULL,
  PRIMARY KEY (`id`),
  KEY `trans_meetings_leaders_meeting_id_foreign` (`meeting_id`),
  KEY `trans_meetings_leaders_user_id_foreign` (`user_id`),
  KEY `trans_meetings_leaders_created_by_index` (`created_by`),
  KEY `trans_meetings_leaders_updated_by_index` (`updated_by`),
  CONSTRAINT `trans_meetings_leaders_created_by_foreign` FOREIGN KEY (`created_by`) REFERENCES `sys_users` (`id`),
  CONSTRAINT `trans_meetings_leaders_meeting_id_foreign` FOREIGN KEY (`meeting_id`) REFERENCES `trans_meetings` (`id`) ON DELETE CASCADE,
  CONSTRAINT `trans_meetings_leaders_updated_by_foreign` FOREIGN KEY (`updated_by`) REFERENCES `sys_users` (`id`),
  CONSTRAINT `trans_meetings_leaders_user_id_foreign` FOREIGN KEY (`user_id`) REFERENCES `sys_users` (`id`)
) ENGINE=InnoDB DEFAULT CHARSET=utf8mb4 COLLATE=utf8mb4_unicode_ci;


DROP TABLE IF EXISTS `trans_meetings_parts`;
CREATE TABLE `trans_meetings_parts` (
  `id` bigint(20) unsigned NOT NULL AUTO_INCREMENT,
  `meeting_id` bigint(20) unsigned NOT NULL,
  `type` tinyint(4) NOT NULL COMMENT '1:Internal,2:Eksternal',
  `user_id` bigint(20) unsigned DEFAULT NULL,
  `position_id` bigint(20) unsigned DEFAULT NULL,
  `name` varchar(255) DEFAULT NULL,
  `email` varchar(255) DEFAULT NULL,
  `position_name` varchar(255) DEFAULT NULL,
  `presence` varchar(255) DEFAULT NULL,
  `created_by` bigint(20) unsigned DEFAULT NULL,
  `updated_by` bigint(20) unsigned DEFAULT NULL,
  `created_at` timestamp NULL DEFAULT NULL,
  `updated_at` timestamp NULL DEFAULT NULL,
  PRIMARY KEY (`id`),
  KEY `trans_meetings_parts_meeting_id_foreign` (`meeting_id`),
  KEY `trans_meetings_parts_user_id_foreign` (`user_id`),
  KEY `trans_meetings_parts_position_id_foreign` (`position_id`),
  KEY `trans_meetings_parts_created_by_index` (`created_by`),
  KEY `trans_meetings_parts_updated_by_index` (`updated_by`),
  CONSTRAINT `trans_meetings_parts_created_by_foreign` FOREIGN KEY (`created_by`) REFERENCES `sys_users` (`id`),
  CONSTRAINT `trans_meetings_parts_meeting_id_foreign` FOREIGN KEY (`meeting_id`) REFERENCES `trans_meetings` (`id`) ON DELETE CASCADE,
  CONSTRAINT `trans_meetings_parts_position_id_foreign` FOREIGN KEY (`position_id`) REFERENCES `ref_positions` (`id`),
  CONSTRAINT `trans_meetings_parts_updated_by_foreign` FOREIGN KEY (`updated_by`) REFERENCES `sys_users` (`id`),
  CONSTRAINT `trans_meetings_parts_user_id_foreign` FOREIGN KEY (`user_id`) REFERENCES `sys_users` (`id`)
) ENGINE=InnoDB DEFAULT CHARSET=utf8mb4 COLLATE=utf8mb4_unicode_ci;


DROP TABLE IF EXISTS `trans_meetings_recap`;
CREATE TABLE `trans_meetings_recap` (
  `id` bigint(20) unsigned NOT NULL AUTO_INCREMENT,
  `meeting_id` bigint(20) unsigned NOT NULL,
  `mom` longtext NOT NULL,
  `status` varchar(255) NOT NULL DEFAULT 'new',
  `upgrade_reject` longtext DEFAULT NULL,
  `version` smallint(6) NOT NULL DEFAULT 0,
  `created_by` bigint(20) unsigned DEFAULT NULL,
  `updated_by` bigint(20) unsigned DEFAULT NULL,
  `created_at` timestamp NULL DEFAULT NULL,
  `updated_at` timestamp NULL DEFAULT NULL,
  PRIMARY KEY (`id`),
  KEY `trans_meetings_recap_meeting_id_foreign` (`meeting_id`),
  KEY `trans_meetings_recap_created_by_index` (`created_by`),
  KEY `trans_meetings_recap_updated_by_index` (`updated_by`),
  CONSTRAINT `trans_meetings_recap_created_by_foreign` FOREIGN KEY (`created_by`) REFERENCES `sys_users` (`id`),
  CONSTRAINT `trans_meetings_recap_meeting_id_foreign` FOREIGN KEY (`meeting_id`) REFERENCES `trans_meetings` (`id`),
  CONSTRAINT `trans_meetings_recap_updated_by_foreign` FOREIGN KEY (`updated_by`) REFERENCES `sys_users` (`id`)
) ENGINE=InnoDB DEFAULT CHARSET=utf8mb4 COLLATE=utf8mb4_unicode_ci;


DROP TABLE IF EXISTS `trans_meetings_recap_cc`;
CREATE TABLE `trans_meetings_recap_cc` (
  `recap_id` bigint(20) unsigned NOT NULL,
  `user_id` bigint(20) unsigned NOT NULL,
  PRIMARY KEY (`recap_id`,`user_id`),
  KEY `trans_meetings_recap_cc_user_id_foreign` (`user_id`),
  CONSTRAINT `trans_meetings_recap_cc_recap_id_foreign` FOREIGN KEY (`recap_id`) REFERENCES `trans_meetings_recap` (`id`) ON DELETE CASCADE,
  CONSTRAINT `trans_meetings_recap_cc_user_id_foreign` FOREIGN KEY (`user_id`) REFERENCES `sys_users` (`id`)
) ENGINE=InnoDB DEFAULT CHARSET=utf8mb4 COLLATE=utf8mb4_unicode_ci;


DROP TABLE IF EXISTS `trans_meetings_recorders`;
CREATE TABLE `trans_meetings_recorders` (
  `id` bigint(20) unsigned NOT NULL AUTO_INCREMENT,
  `meeting_id` bigint(20) unsigned NOT NULL,
  `user_id` bigint(20) unsigned NOT NULL,
  `order` int(11) NOT NULL,
  `created_by` bigint(20) unsigned DEFAULT NULL,
  `updated_by` bigint(20) unsigned DEFAULT NULL,
  `created_at` timestamp NULL DEFAULT NULL,
  `updated_at` timestamp NULL DEFAULT NULL,
  PRIMARY KEY (`id`),
  KEY `trans_meetings_recorders_meeting_id_foreign` (`meeting_id`),
  KEY `trans_meetings_recorders_user_id_foreign` (`user_id`),
  KEY `trans_meetings_recorders_created_by_index` (`created_by`),
  KEY `trans_meetings_recorders_updated_by_index` (`updated_by`),
  CONSTRAINT `trans_meetings_recorders_created_by_foreign` FOREIGN KEY (`created_by`) REFERENCES `sys_users` (`id`),
  CONSTRAINT `trans_meetings_recorders_meeting_id_foreign` FOREIGN KEY (`meeting_id`) REFERENCES `trans_meetings` (`id`) ON DELETE CASCADE,
  CONSTRAINT `trans_meetings_recorders_updated_by_foreign` FOREIGN KEY (`updated_by`) REFERENCES `sys_users` (`id`),
  CONSTRAINT `trans_meetings_recorders_user_id_foreign` FOREIGN KEY (`user_id`) REFERENCES `sys_users` (`id`)
) ENGINE=InnoDB DEFAULT CHARSET=utf8mb4 COLLATE=utf8mb4_unicode_ci;


DROP TABLE IF EXISTS `trans_memo-lhp`;
CREATE TABLE `trans_memo-lhp` (
  `id` bigint(20) unsigned NOT NULL AUTO_INCREMENT,
  `summary_id` bigint(20) unsigned NOT NULL,
  `no_memo` varchar(255) DEFAULT NULL,
  `date_memo` timestamp NULL DEFAULT NULL,
  `from` bigint(20) unsigned DEFAULT NULL,
  `perihal` text DEFAULT NULL,
  `opening` longtext DEFAULT NULL,
  `body` longtext DEFAULT NULL,
  `closing` longtext DEFAULT NULL,
  `status` varchar(255) NOT NULL DEFAULT 'new',
  `upgrade_reject` longtext DEFAULT NULL,
  `version` smallint(6) NOT NULL DEFAULT 0,
  `created_by` bigint(20) unsigned DEFAULT NULL,
  `updated_by` bigint(20) unsigned DEFAULT NULL,
  `created_at` timestamp NULL DEFAULT NULL,
  `updated_at` timestamp NULL DEFAULT NULL,
  PRIMARY KEY (`id`),
  KEY `trans_memo_lhp_summary_id_foreign` (`summary_id`),
  KEY `trans_memo_lhp_created_by_index` (`created_by`),
  KEY `trans_memo_lhp_updated_by_index` (`updated_by`),
  CONSTRAINT `trans_memo_lhp_created_by_foreign` FOREIGN KEY (`created_by`) REFERENCES `sys_users` (`id`),
  CONSTRAINT `trans_memo_lhp_summary_id_foreign` FOREIGN KEY (`summary_id`) REFERENCES `trans_rkia_summary` (`id`),
  CONSTRAINT `trans_memo_lhp_updated_by_foreign` FOREIGN KEY (`updated_by`) REFERENCES `sys_users` (`id`)
) ENGINE=InnoDB DEFAULT CHARSET=utf8mb4 COLLATE=utf8mb4_unicode_ci;


DROP TABLE IF EXISTS `trans_memo-lhp_cc`;
CREATE TABLE `trans_memo-lhp_cc` (
  `memo_id` bigint(20) unsigned NOT NULL,
  `user_id` bigint(20) unsigned NOT NULL,
  PRIMARY KEY (`memo_id`,`user_id`),
  KEY `trans_memo_lhp_cc_user_id_foreign` (`user_id`),
  CONSTRAINT `trans_memo_lhp_cc_memo_id_foreign` FOREIGN KEY (`memo_id`) REFERENCES `trans_memo-lhp` (`id`) ON DELETE CASCADE,
  CONSTRAINT `trans_memo_lhp_cc_user_id_foreign` FOREIGN KEY (`user_id`) REFERENCES `sys_users` (`id`)
) ENGINE=InnoDB DEFAULT CHARSET=utf8mb4 COLLATE=utf8mb4_unicode_ci;


DROP TABLE IF EXISTS `trans_memo-lhp_to`;
CREATE TABLE `trans_memo-lhp_to` (
  `memo_id` bigint(20) unsigned NOT NULL,
  `user_id` bigint(20) unsigned NOT NULL,
  PRIMARY KEY (`memo_id`,`user_id`),
  KEY `trans_memo_lhp_to_user_id_foreign` (`user_id`),
  CONSTRAINT `trans_memo_lhp_to_memo_id_foreign` FOREIGN KEY (`memo_id`) REFERENCES `trans_memo-lhp` (`id`) ON DELETE CASCADE,
  CONSTRAINT `trans_memo_lhp_to_user_id_foreign` FOREIGN KEY (`user_id`) REFERENCES `sys_users` (`id`)
) ENGINE=InnoDB DEFAULT CHARSET=utf8mb4 COLLATE=utf8mb4_unicode_ci;


DROP TABLE IF EXISTS `trans_memo_closing`;
CREATE TABLE `trans_memo_closing` (
  `id` bigint(20) unsigned NOT NULL AUTO_INCREMENT,
  `summary_id` bigint(20) unsigned NOT NULL,
  `date_memo` date DEFAULT NULL,
  `no_memo` varchar(255) DEFAULT NULL,
  `user_id` bigint(20) unsigned DEFAULT NULL,
  `perihal` longtext DEFAULT NULL,
  `pembuka` longtext DEFAULT NULL,
  `tanggal` datetime DEFAULT NULL,
  `waktu_awal` varchar(255) DEFAULT NULL,
  `waktu_akhir` varchar(255) DEFAULT NULL,
  `time_selesai` tinyint(4) DEFAULT NULL,
  `acara` longtext DEFAULT NULL,
  `tempat` longtext DEFAULT NULL,
  `link` text DEFAULT NULL,
  `description` text DEFAULT NULL,
  `penutup` longtext DEFAULT NULL,
  `status` varchar(255) NOT NULL DEFAULT 'new',
  `upgrade_reject` longtext DEFAULT NULL,
  `version` smallint(6) NOT NULL DEFAULT 0,
  `created_by` bigint(20) unsigned DEFAULT NULL,
  `updated_by` bigint(20) unsigned DEFAULT NULL,
  `created_at` timestamp NULL DEFAULT NULL,
  `updated_at` timestamp NULL DEFAULT NULL,
  PRIMARY KEY (`id`),
  KEY `trans_memo_closing_summary_id_foreign` (`summary_id`),
  KEY `trans_memo_closing_user_id_foreign` (`user_id`),
  KEY `trans_memo_closing_created_by_index` (`created_by`),
  KEY `trans_memo_closing_updated_by_index` (`updated_by`),
  CONSTRAINT `trans_memo_closing_created_by_foreign` FOREIGN KEY (`created_by`) REFERENCES `sys_users` (`id`),
  CONSTRAINT `trans_memo_closing_summary_id_foreign` FOREIGN KEY (`summary_id`) REFERENCES `trans_rkia_summary` (`id`),
  CONSTRAINT `trans_memo_closing_updated_by_foreign` FOREIGN KEY (`updated_by`) REFERENCES `sys_users` (`id`),
  CONSTRAINT `trans_memo_closing_user_id_foreign` FOREIGN KEY (`user_id`) REFERENCES `sys_users` (`id`)
) ENGINE=InnoDB DEFAULT CHARSET=utf8mb4 COLLATE=utf8mb4_unicode_ci;


DROP TABLE IF EXISTS `trans_memo_closing_cc`;
CREATE TABLE `trans_memo_closing_cc` (
  `closing_id` bigint(20) unsigned NOT NULL,
  `user_id` bigint(20) unsigned NOT NULL,
  PRIMARY KEY (`closing_id`,`user_id`),
  KEY `trans_memo_closing_cc_user_id_foreign` (`user_id`),
  CONSTRAINT `trans_memo_closing_cc_closing_id_foreign` FOREIGN KEY (`closing_id`) REFERENCES `trans_memo_closing` (`id`) ON DELETE CASCADE,
  CONSTRAINT `trans_memo_closing_cc_user_id_foreign` FOREIGN KEY (`user_id`) REFERENCES `sys_users` (`id`)
) ENGINE=InnoDB DEFAULT CHARSET=utf8mb4 COLLATE=utf8mb4_unicode_ci;


DROP TABLE IF EXISTS `trans_memo_closing_users`;
CREATE TABLE `trans_memo_closing_users` (
  `id` bigint(20) unsigned NOT NULL AUTO_INCREMENT,
  `memo_closing_id` bigint(20) unsigned DEFAULT NULL,
  `user_id` bigint(20) unsigned DEFAULT NULL,
  `created_by` bigint(20) unsigned DEFAULT NULL,
  `updated_by` bigint(20) unsigned DEFAULT NULL,
  `created_at` timestamp NULL DEFAULT NULL,
  `updated_at` timestamp NULL DEFAULT NULL,
  PRIMARY KEY (`id`),
  KEY `trans_memo_closing_users_memo_closing_id_foreign` (`memo_closing_id`),
  KEY `trans_memo_closing_users_user_id_foreign` (`user_id`),
  KEY `trans_memo_closing_users_created_by_index` (`created_by`),
  KEY `trans_memo_closing_users_updated_by_index` (`updated_by`),
  CONSTRAINT `trans_memo_closing_users_created_by_foreign` FOREIGN KEY (`created_by`) REFERENCES `sys_users` (`id`),
  CONSTRAINT `trans_memo_closing_users_memo_closing_id_foreign` FOREIGN KEY (`memo_closing_id`) REFERENCES `trans_memo_closing` (`id`),
  CONSTRAINT `trans_memo_closing_users_updated_by_foreign` FOREIGN KEY (`updated_by`) REFERENCES `sys_users` (`id`),
  CONSTRAINT `trans_memo_closing_users_user_id_foreign` FOREIGN KEY (`user_id`) REFERENCES `sys_users` (`id`)
) ENGINE=InnoDB DEFAULT CHARSET=utf8mb4 COLLATE=utf8mb4_unicode_ci;


DROP TABLE IF EXISTS `trans_memo_opening`;
CREATE TABLE `trans_memo_opening` (
  `id` bigint(20) unsigned NOT NULL AUTO_INCREMENT,
  `summary_id` bigint(20) unsigned NOT NULL,
  `date_memo` date DEFAULT NULL,
  `no_memo` varchar(255) DEFAULT NULL,
  `user_id` bigint(20) unsigned NOT NULL,
  `perihal` longtext DEFAULT NULL,
  `pembuka` longtext DEFAULT NULL,
  `tanggal` timestamp NOT NULL DEFAULT current_timestamp() ON UPDATE current_timestamp(),
  `waktu_awal` varchar(255) DEFAULT NULL,
  `waktu_akhir` varchar(255) DEFAULT NULL,
  `time_selesai` varchar(8) DEFAULT NULL,
  `acara` longtext DEFAULT NULL,
  `tempat` longtext DEFAULT NULL,
  `link` text DEFAULT NULL,
  `description` text DEFAULT NULL,
  `penutup` longtext DEFAULT NULL,
  `status` varchar(255) NOT NULL DEFAULT 'new',
  `upgrade_reject` longtext DEFAULT NULL,
  `version` smallint(6) NOT NULL DEFAULT 0,
  `created_by` bigint(20) unsigned DEFAULT NULL,
  `updated_by` bigint(20) unsigned DEFAULT NULL,
  `created_at` timestamp NULL DEFAULT NULL,
  `updated_at` timestamp NULL DEFAULT NULL,
  PRIMARY KEY (`id`),
  KEY `trans_memo_opening_summary_id_foreign` (`summary_id`),
  KEY `trans_memo_opening_user_id_foreign` (`user_id`),
  KEY `trans_memo_opening_created_by_index` (`created_by`),
  KEY `trans_memo_opening_updated_by_index` (`updated_by`),
  CONSTRAINT `trans_memo_opening_created_by_foreign` FOREIGN KEY (`created_by`) REFERENCES `sys_users` (`id`),
  CONSTRAINT `trans_memo_opening_summary_id_foreign` FOREIGN KEY (`summary_id`) REFERENCES `trans_rkia_summary` (`id`),
  CONSTRAINT `trans_memo_opening_updated_by_foreign` FOREIGN KEY (`updated_by`) REFERENCES `sys_users` (`id`),
  CONSTRAINT `trans_memo_opening_user_id_foreign` FOREIGN KEY (`user_id`) REFERENCES `sys_users` (`id`)
) ENGINE=InnoDB DEFAULT CHARSET=utf8mb4 COLLATE=utf8mb4_unicode_ci;


DROP TABLE IF EXISTS `trans_memo_opening_cc`;
CREATE TABLE `trans_memo_opening_cc` (
  `memo_opening_id` bigint(20) unsigned NOT NULL,
  `user_id` bigint(20) unsigned NOT NULL,
  PRIMARY KEY (`memo_opening_id`,`user_id`),
  KEY `trans_memo_opening_cc_user_id_foreign` (`user_id`),
  CONSTRAINT `trans_memo_opening_cc_memo_opening_id_foreign` FOREIGN KEY (`memo_opening_id`) REFERENCES `trans_memo_opening` (`id`) ON DELETE CASCADE,
  CONSTRAINT `trans_memo_opening_cc_user_id_foreign` FOREIGN KEY (`user_id`) REFERENCES `sys_users` (`id`)
) ENGINE=InnoDB DEFAULT CHARSET=utf8mb4 COLLATE=utf8mb4_unicode_ci;


DROP TABLE IF EXISTS `trans_memo_opening_users`;
CREATE TABLE `trans_memo_opening_users` (
  `id` bigint(20) unsigned NOT NULL AUTO_INCREMENT,
  `memo_opening_id` bigint(20) unsigned DEFAULT NULL,
  `user_id` bigint(20) unsigned DEFAULT NULL,
  `created_by` bigint(20) unsigned DEFAULT NULL,
  `updated_by` bigint(20) unsigned DEFAULT NULL,
  `created_at` timestamp NULL DEFAULT NULL,
  `updated_at` timestamp NULL DEFAULT NULL,
  PRIMARY KEY (`id`),
  KEY `trans_memo_opening_users_memo_opening_id_foreign` (`memo_opening_id`),
  KEY `trans_memo_opening_users_user_id_foreign` (`user_id`),
  KEY `trans_memo_opening_users_created_by_index` (`created_by`),
  KEY `trans_memo_opening_users_updated_by_index` (`updated_by`),
  CONSTRAINT `trans_memo_opening_users_created_by_foreign` FOREIGN KEY (`created_by`) REFERENCES `sys_users` (`id`),
  CONSTRAINT `trans_memo_opening_users_memo_opening_id_foreign` FOREIGN KEY (`memo_opening_id`) REFERENCES `trans_memo_opening` (`id`),
  CONSTRAINT `trans_memo_opening_users_updated_by_foreign` FOREIGN KEY (`updated_by`) REFERENCES `sys_users` (`id`),
  CONSTRAINT `trans_memo_opening_users_user_id_foreign` FOREIGN KEY (`user_id`) REFERENCES `sys_users` (`id`)
) ENGINE=InnoDB DEFAULT CHARSET=utf8mb4 COLLATE=utf8mb4_unicode_ci;


DROP TABLE IF EXISTS `trans_memo_tindak_lanjut`;
CREATE TABLE `trans_memo_tindak_lanjut` (
  `id` bigint(20) unsigned NOT NULL AUTO_INCREMENT,
  `reg_id` bigint(20) unsigned DEFAULT NULL,
  `no_memo` varchar(255) DEFAULT NULL,
  `date_memo` timestamp NULL DEFAULT NULL,
  `from` bigint(20) unsigned DEFAULT NULL,
  `perihal` text DEFAULT NULL,
  `opening` longtext DEFAULT NULL,
  `isi` longtext DEFAULT NULL,
  `closing` longtext DEFAULT NULL,
  `approval_note` longtext DEFAULT NULL,
  `approval_leader_status` varchar(255) DEFAULT NULL,
  `approval_leader_at` datetime DEFAULT NULL,
  `approval_pic_status` varchar(255) DEFAULT NULL,
  `approval_pic_at` datetime DEFAULT NULL,
  `revisi_note` longtext DEFAULT NULL,
  `revisi_leader_status` varchar(255) DEFAULT NULL,
  `revisi_leader_at` datetime DEFAULT NULL,
  `revisi_pic_status` varchar(255) DEFAULT NULL,
  `revisi_pic_at` datetime DEFAULT NULL,
  `status` varchar(255) NOT NULL DEFAULT 'new',
  `upgrade_reject` longtext DEFAULT NULL,
  `version` smallint(6) NOT NULL DEFAULT 0,
  `created_by` bigint(20) unsigned DEFAULT NULL,
  `updated_by` bigint(20) unsigned DEFAULT NULL,
  `created_at` timestamp NULL DEFAULT NULL,
  `updated_at` timestamp NULL DEFAULT NULL,
  PRIMARY KEY (`id`),
  KEY `trans_memo_tindak_lanjut_reg_id_foreign` (`reg_id`),
  KEY `trans_memo_tindak_lanjut_created_by_index` (`created_by`),
  KEY `trans_memo_tindak_lanjut_updated_by_index` (`updated_by`),
  CONSTRAINT `trans_memo_tindak_lanjut_created_by_foreign` FOREIGN KEY (`created_by`) REFERENCES `sys_users` (`id`),
  CONSTRAINT `trans_memo_tindak_lanjut_reg_id_foreign` FOREIGN KEY (`reg_id`) REFERENCES `trans_followup_regs` (`id`),
  CONSTRAINT `trans_memo_tindak_lanjut_updated_by_foreign` FOREIGN KEY (`updated_by`) REFERENCES `sys_users` (`id`)
) ENGINE=InnoDB DEFAULT CHARSET=utf8mb4 COLLATE=utf8mb4_unicode_ci;


DROP TABLE IF EXISTS `trans_memo_tindak_lanjut_cc`;
CREATE TABLE `trans_memo_tindak_lanjut_cc` (
  `memo_id` bigint(20) unsigned NOT NULL,
  `user_id` bigint(20) unsigned NOT NULL,
  PRIMARY KEY (`memo_id`,`user_id`),
  KEY `trans_memo_tindak_lanjut_cc_user_id_foreign` (`user_id`),
  CONSTRAINT `trans_memo_tindak_lanjut_cc_memo_id_foreign` FOREIGN KEY (`memo_id`) REFERENCES `trans_memo_tindak_lanjut` (`id`) ON DELETE CASCADE,
  CONSTRAINT `trans_memo_tindak_lanjut_cc_user_id_foreign` FOREIGN KEY (`user_id`) REFERENCES `sys_users` (`id`)
) ENGINE=InnoDB DEFAULT CHARSET=utf8mb4 COLLATE=utf8mb4_unicode_ci;


DROP TABLE IF EXISTS `trans_memo_tindak_lanjut_to`;
CREATE TABLE `trans_memo_tindak_lanjut_to` (
  `memo_id` bigint(20) unsigned NOT NULL,
  `user_id` bigint(20) unsigned NOT NULL,
  PRIMARY KEY (`memo_id`,`user_id`),
  KEY `trans_memo_tindak_lanjut_to_user_id_foreign` (`user_id`),
  CONSTRAINT `trans_memo_tindak_lanjut_to_memo_id_foreign` FOREIGN KEY (`memo_id`) REFERENCES `trans_memo_tindak_lanjut` (`id`) ON DELETE CASCADE,
  CONSTRAINT `trans_memo_tindak_lanjut_to_user_id_foreign` FOREIGN KEY (`user_id`) REFERENCES `sys_users` (`id`)
) ENGINE=InnoDB DEFAULT CHARSET=utf8mb4 COLLATE=utf8mb4_unicode_ci;


DROP TABLE IF EXISTS `trans_opening`;
CREATE TABLE `trans_opening` (
  `id` bigint(20) unsigned NOT NULL AUTO_INCREMENT,
  `summary_id` bigint(20) unsigned NOT NULL,
  `date` date DEFAULT NULL,
  `code` varchar(255) DEFAULT NULL,
  `status` varchar(255) NOT NULL DEFAULT 'new',
  `upgrade_reject` longtext DEFAULT NULL,
  `version` smallint(6) NOT NULL DEFAULT 0,
  `created_by` bigint(20) unsigned DEFAULT NULL,
  `updated_by` bigint(20) unsigned DEFAULT NULL,
  `created_at` timestamp NULL DEFAULT NULL,
  `updated_at` timestamp NULL DEFAULT NULL,
  PRIMARY KEY (`id`),
  KEY `trans_opening_summary_id_foreign` (`summary_id`),
  KEY `trans_opening_created_by_index` (`created_by`),
  KEY `trans_opening_updated_by_index` (`updated_by`),
  CONSTRAINT `trans_opening_created_by_foreign` FOREIGN KEY (`created_by`) REFERENCES `sys_users` (`id`),
  CONSTRAINT `trans_opening_summary_id_foreign` FOREIGN KEY (`summary_id`) REFERENCES `trans_rkia_summary` (`id`),
  CONSTRAINT `trans_opening_updated_by_foreign` FOREIGN KEY (`updated_by`) REFERENCES `sys_users` (`id`)
) ENGINE=InnoDB DEFAULT CHARSET=utf8mb4 COLLATE=utf8mb4_unicode_ci;


DROP TABLE IF EXISTS `trans_opening_cc`;
CREATE TABLE `trans_opening_cc` (
  `opening_id` bigint(20) unsigned NOT NULL,
  `user_id` bigint(20) unsigned NOT NULL,
  PRIMARY KEY (`opening_id`,`user_id`),
  KEY `trans_opening_cc_user_id_foreign` (`user_id`),
  CONSTRAINT `trans_opening_cc_opening_id_foreign` FOREIGN KEY (`opening_id`) REFERENCES `trans_opening` (`id`) ON DELETE CASCADE,
  CONSTRAINT `trans_opening_cc_user_id_foreign` FOREIGN KEY (`user_id`) REFERENCES `sys_users` (`id`)
) ENGINE=InnoDB DEFAULT CHARSET=utf8mb4 COLLATE=utf8mb4_unicode_ci;


DROP TABLE IF EXISTS `trans_opening_details`;
CREATE TABLE `trans_opening_details` (
  `id` bigint(20) unsigned NOT NULL AUTO_INCREMENT,
  `opening_id` bigint(20) unsigned NOT NULL,
  `place` varchar(255) NOT NULL,
  `date` date DEFAULT NULL,
  `time_start` varchar(255) NOT NULL,
  `time_end` varchar(255) DEFAULT NULL,
  `time_selesai` tinyint(4) DEFAULT NULL,
  `link` text DEFAULT NULL,
  `description` text DEFAULT NULL,
  `recap_meeting` longtext DEFAULT NULL,
  `notulen_rapat` longtext DEFAULT NULL,
  `flag` varchar(255) NOT NULL DEFAULT 'new' COMMENT 'new|draft|completed',
  `created_by` bigint(20) unsigned DEFAULT NULL,
  `updated_by` bigint(20) unsigned DEFAULT NULL,
  `created_at` timestamp NULL DEFAULT NULL,
  `updated_at` timestamp NULL DEFAULT NULL,
  PRIMARY KEY (`id`),
  KEY `trans_opening_details_opening_id_foreign` (`opening_id`),
  KEY `trans_opening_details_created_by_index` (`created_by`),
  KEY `trans_opening_details_updated_by_index` (`updated_by`),
  CONSTRAINT `trans_opening_details_created_by_foreign` FOREIGN KEY (`created_by`) REFERENCES `sys_users` (`id`),
  CONSTRAINT `trans_opening_details_opening_id_foreign` FOREIGN KEY (`opening_id`) REFERENCES `trans_opening` (`id`) ON DELETE CASCADE,
  CONSTRAINT `trans_opening_details_updated_by_foreign` FOREIGN KEY (`updated_by`) REFERENCES `sys_users` (`id`)
) ENGINE=InnoDB DEFAULT CHARSET=utf8mb4 COLLATE=utf8mb4_unicode_ci;


DROP TABLE IF EXISTS `trans_opening_details_parts`;
CREATE TABLE `trans_opening_details_parts` (
  `id` bigint(20) unsigned NOT NULL AUTO_INCREMENT,
  `type` tinyint(4) NOT NULL COMMENT '1:Internal,2:Eksternal',
  `detail_id` bigint(20) unsigned NOT NULL,
  `user_id` bigint(20) unsigned DEFAULT NULL,
  `position_id` bigint(20) unsigned DEFAULT NULL,
  `name` varchar(255) DEFAULT NULL,
  `email` varchar(255) DEFAULT NULL,
  `instansi` text DEFAULT NULL,
  `jabatan` text DEFAULT NULL,
  `created_by` bigint(20) unsigned DEFAULT NULL,
  `updated_by` bigint(20) unsigned DEFAULT NULL,
  `created_at` timestamp NULL DEFAULT NULL,
  `updated_at` timestamp NULL DEFAULT NULL,
  PRIMARY KEY (`id`),
  KEY `trans_opening_details_parts_detail_id_foreign` (`detail_id`),
  KEY `trans_opening_details_parts_user_id_foreign` (`user_id`),
  KEY `trans_opening_details_parts_position_id_foreign` (`position_id`),
  KEY `trans_opening_details_parts_created_by_index` (`created_by`),
  KEY `trans_opening_details_parts_updated_by_index` (`updated_by`),
  CONSTRAINT `trans_opening_details_parts_created_by_foreign` FOREIGN KEY (`created_by`) REFERENCES `sys_users` (`id`),
  CONSTRAINT `trans_opening_details_parts_detail_id_foreign` FOREIGN KEY (`detail_id`) REFERENCES `trans_opening_details` (`id`) ON DELETE CASCADE,
  CONSTRAINT `trans_opening_details_parts_position_id_foreign` FOREIGN KEY (`position_id`) REFERENCES `ref_positions` (`id`),
  CONSTRAINT `trans_opening_details_parts_updated_by_foreign` FOREIGN KEY (`updated_by`) REFERENCES `sys_users` (`id`),
  CONSTRAINT `trans_opening_details_parts_user_id_foreign` FOREIGN KEY (`user_id`) REFERENCES `sys_users` (`id`)
) ENGINE=InnoDB DEFAULT CHARSET=utf8mb4 COLLATE=utf8mb4_unicode_ci;


DROP TABLE IF EXISTS `trans_penilaian_kinerja`;
CREATE TABLE `trans_penilaian_kinerja` (
  `id` bigint(20) unsigned NOT NULL AUTO_INCREMENT,
  `summary_id` bigint(20) unsigned NOT NULL,
  `status` varchar(255) NOT NULL DEFAULT 'new',
  `upgrade_reject` longtext DEFAULT NULL,
  `version` smallint(6) NOT NULL DEFAULT 0,
  `created_by` bigint(20) unsigned DEFAULT NULL,
  `updated_by` bigint(20) unsigned DEFAULT NULL,
  `created_at` timestamp NULL DEFAULT NULL,
  `updated_at` timestamp NULL DEFAULT NULL,
  PRIMARY KEY (`id`),
  KEY `trans_penilaian_kinerja_summary_id_foreign` (`summary_id`),
  KEY `trans_penilaian_kinerja_created_by_index` (`created_by`),
  KEY `trans_penilaian_kinerja_updated_by_index` (`updated_by`),
  CONSTRAINT `trans_penilaian_kinerja_created_by_foreign` FOREIGN KEY (`created_by`) REFERENCES `sys_users` (`id`),
  CONSTRAINT `trans_penilaian_kinerja_summary_id_foreign` FOREIGN KEY (`summary_id`) REFERENCES `trans_rkia_summary` (`id`),
  CONSTRAINT `trans_penilaian_kinerja_updated_by_foreign` FOREIGN KEY (`updated_by`) REFERENCES `sys_users` (`id`)
) ENGINE=InnoDB DEFAULT CHARSET=utf8mb4 COLLATE=utf8mb4_unicode_ci;


DROP TABLE IF EXISTS `trans_penilaian_kinerja_auditors`;
CREATE TABLE `trans_penilaian_kinerja_auditors` (
  `id` bigint(20) unsigned NOT NULL AUTO_INCREMENT,
  `penilaian_kinerja_id` bigint(20) unsigned NOT NULL,
  `auditor_id` bigint(20) unsigned NOT NULL,
  `saran` longtext DEFAULT NULL,
  `created_by` bigint(20) unsigned DEFAULT NULL,
  `updated_by` bigint(20) unsigned DEFAULT NULL,
  `created_at` timestamp NULL DEFAULT NULL,
  `updated_at` timestamp NULL DEFAULT NULL,
  PRIMARY KEY (`id`),
  KEY `trans_penilaian_kinerja_auditors_auditor_id_foreign` (`auditor_id`),
  KEY `trans_penilaian_kinerja_auditors_penilaian_kinerja_id_foreign` (`penilaian_kinerja_id`),
  KEY `trans_penilaian_kinerja_auditors_created_by_index` (`created_by`),
  KEY `trans_penilaian_kinerja_auditors_updated_by_index` (`updated_by`),
  CONSTRAINT `trans_penilaian_kinerja_auditors_auditor_id_foreign` FOREIGN KEY (`auditor_id`) REFERENCES `sys_users` (`id`),
  CONSTRAINT `trans_penilaian_kinerja_auditors_created_by_foreign` FOREIGN KEY (`created_by`) REFERENCES `sys_users` (`id`),
  CONSTRAINT `trans_penilaian_kinerja_auditors_penilaian_kinerja_id_foreign` FOREIGN KEY (`penilaian_kinerja_id`) REFERENCES `trans_penilaian_kinerja` (`id`),
  CONSTRAINT `trans_penilaian_kinerja_auditors_updated_by_foreign` FOREIGN KEY (`updated_by`) REFERENCES `sys_users` (`id`)
) ENGINE=InnoDB DEFAULT CHARSET=utf8mb4 COLLATE=utf8mb4_unicode_ci;


DROP TABLE IF EXISTS `trans_pk_auditor_details`;
CREATE TABLE `trans_pk_auditor_details` (
  `id` bigint(20) unsigned NOT NULL AUTO_INCREMENT,
  `pk_auditor_id` bigint(20) unsigned NOT NULL,
  `parameter_penilaian_id` bigint(20) unsigned NOT NULL,
  `answer` int(11) NOT NULL,
  `created_by` bigint(20) unsigned DEFAULT NULL,
  `updated_by` bigint(20) unsigned DEFAULT NULL,
  `created_at` timestamp NULL DEFAULT NULL,
  `updated_at` timestamp NULL DEFAULT NULL,
  PRIMARY KEY (`id`),
  KEY `trans_pk_auditor_details_pk_auditor_id_foreign` (`pk_auditor_id`),
  KEY `trans_pk_auditor_details_created_by_index` (`created_by`),
  KEY `trans_pk_auditor_details_updated_by_index` (`updated_by`),
  CONSTRAINT `trans_pk_auditor_details_created_by_foreign` FOREIGN KEY (`created_by`) REFERENCES `sys_users` (`id`),
  CONSTRAINT `trans_pk_auditor_details_pk_auditor_id_foreign` FOREIGN KEY (`pk_auditor_id`) REFERENCES `trans_penilaian_kinerja_auditors` (`id`),
  CONSTRAINT `trans_pk_auditor_details_updated_by_foreign` FOREIGN KEY (`updated_by`) REFERENCES `sys_users` (`id`)
) ENGINE=InnoDB DEFAULT CHARSET=utf8mb4 COLLATE=utf8mb4_unicode_ci;


DROP TABLE IF EXISTS `trans_programs_details`;
CREATE TABLE `trans_programs_details` (
  `id` bigint(20) unsigned NOT NULL AUTO_INCREMENT,
  `program_id` bigint(20) unsigned NOT NULL,
  `type` varchar(255) NOT NULL DEFAULT 'persiapan' COMMENT 'persiapan|pelaksanaan|penyelesaian',
  `agenda` text NOT NULL,
  `date_start` timestamp NULL DEFAULT NULL,
  `date_end` timestamp NULL DEFAULT NULL,
  `order` int(11) NOT NULL DEFAULT 1,
  `created_by` bigint(20) unsigned DEFAULT NULL,
  `updated_by` bigint(20) unsigned DEFAULT NULL,
  `created_at` timestamp NULL DEFAULT NULL,
  `updated_at` timestamp NULL DEFAULT NULL,
  PRIMARY KEY (`id`),
  KEY `trans_programs_details_created_by_index` (`created_by`),
  KEY `trans_programs_details_updated_by_index` (`updated_by`),
  CONSTRAINT `trans_programs_details_created_by_foreign` FOREIGN KEY (`created_by`) REFERENCES `sys_users` (`id`),
  CONSTRAINT `trans_programs_details_updated_by_foreign` FOREIGN KEY (`updated_by`) REFERENCES `sys_users` (`id`)
) ENGINE=InnoDB DEFAULT CHARSET=utf8mb4 COLLATE=utf8mb4_unicode_ci;


DROP TABLE IF EXISTS `trans_rencana_biaya`;
CREATE TABLE `trans_rencana_biaya` (
  `id` bigint(20) unsigned NOT NULL AUTO_INCREMENT,
  `rkia_id` bigint(20) unsigned NOT NULL,
  `description` longtext DEFAULT NULL,
  `status` varchar(255) NOT NULL DEFAULT 'new',
  `upgrade_reject` longtext DEFAULT NULL,
  `version` smallint(6) NOT NULL DEFAULT 0,
  `created_by` bigint(20) unsigned DEFAULT NULL,
  `updated_by` bigint(20) unsigned DEFAULT NULL,
  `created_at` timestamp NULL DEFAULT NULL,
  `updated_at` timestamp NULL DEFAULT NULL,
  PRIMARY KEY (`id`),
  KEY `trans_rencana_biaya_rkia_id_foreign` (`rkia_id`),
  KEY `trans_rencana_biaya_created_by_index` (`created_by`),
  KEY `trans_rencana_biaya_updated_by_index` (`updated_by`),
  CONSTRAINT `trans_rencana_biaya_created_by_foreign` FOREIGN KEY (`created_by`) REFERENCES `sys_users` (`id`),
  CONSTRAINT `trans_rencana_biaya_rkia_id_foreign` FOREIGN KEY (`rkia_id`) REFERENCES `trans_rkia` (`id`),
  CONSTRAINT `trans_rencana_biaya_updated_by_foreign` FOREIGN KEY (`updated_by`) REFERENCES `sys_users` (`id`)
) ENGINE=InnoDB DEFAULT CHARSET=utf8mb4 COLLATE=utf8mb4_unicode_ci;


DROP TABLE IF EXISTS `trans_rencana_biaya_aktiva`;
CREATE TABLE `trans_rencana_biaya_aktiva` (
  `id` bigint(20) unsigned NOT NULL AUTO_INCREMENT,
  `rencana_biaya_id` bigint(20) unsigned NOT NULL,
  `jenis_aktiva_id` bigint(20) unsigned DEFAULT NULL,
  `qty` bigint(20) unsigned NOT NULL,
  `realisasi` varchar(255) NOT NULL,
  `harga_satuan` bigint(20) unsigned NOT NULL,
  `keterangan` longtext DEFAULT NULL,
  `created_by` bigint(20) unsigned DEFAULT NULL,
  `updated_by` bigint(20) unsigned DEFAULT NULL,
  `created_at` timestamp NULL DEFAULT NULL,
  `updated_at` timestamp NULL DEFAULT NULL,
  PRIMARY KEY (`id`),
  KEY `trans_rencana_biaya_aktiva_rencana_biaya_id_foreign` (`rencana_biaya_id`),
  KEY `trans_rencana_biaya_aktiva_jenis_aktiva_id_foreign` (`jenis_aktiva_id`),
  KEY `trans_rencana_biaya_aktiva_created_by_index` (`created_by`),
  KEY `trans_rencana_biaya_aktiva_updated_by_index` (`updated_by`),
  CONSTRAINT `trans_rencana_biaya_aktiva_created_by_foreign` FOREIGN KEY (`created_by`) REFERENCES `sys_users` (`id`),
  CONSTRAINT `trans_rencana_biaya_aktiva_jenis_aktiva_id_foreign` FOREIGN KEY (`jenis_aktiva_id`) REFERENCES `ref_asset_type` (`id`),
  CONSTRAINT `trans_rencana_biaya_aktiva_rencana_biaya_id_foreign` FOREIGN KEY (`rencana_biaya_id`) REFERENCES `trans_rencana_biaya` (`id`),
  CONSTRAINT `trans_rencana_biaya_aktiva_updated_by_foreign` FOREIGN KEY (`updated_by`) REFERENCES `sys_users` (`id`)
) ENGINE=InnoDB DEFAULT CHARSET=utf8mb4 COLLATE=utf8mb4_unicode_ci;


DROP TABLE IF EXISTS `trans_rencana_biaya_cc`;
CREATE TABLE `trans_rencana_biaya_cc` (
  `rencana_id` bigint(20) unsigned NOT NULL,
  `user_id` bigint(20) unsigned NOT NULL,
  PRIMARY KEY (`rencana_id`,`user_id`),
  KEY `trans_rencana_biaya_cc_user_id_foreign` (`user_id`),
  CONSTRAINT `trans_rencana_biaya_cc_rencana_id_foreign` FOREIGN KEY (`rencana_id`) REFERENCES `trans_rencana_biaya` (`id`) ON DELETE CASCADE,
  CONSTRAINT `trans_rencana_biaya_cc_user_id_foreign` FOREIGN KEY (`user_id`) REFERENCES `sys_users` (`id`)
) ENGINE=InnoDB DEFAULT CHARSET=utf8mb4 COLLATE=utf8mb4_unicode_ci;


DROP TABLE IF EXISTS `trans_rencana_biaya_detail`;
CREATE TABLE `trans_rencana_biaya_detail` (
  `id` bigint(20) unsigned NOT NULL AUTO_INCREMENT,
  `rencana_biaya_id` bigint(20) unsigned NOT NULL,
  `jenis_biaya_id` bigint(20) unsigned DEFAULT NULL,
  `komponen_biaya_id` bigint(20) unsigned NOT NULL,
  `tw_1` varchar(255) DEFAULT NULL,
  `tw_2` varchar(255) DEFAULT NULL,
  `tw_3` varchar(255) DEFAULT NULL,
  `tw_4` varchar(255) DEFAULT NULL,
  `jumlah_unit` varchar(255) DEFAULT NULL,
  `harga_unit` varchar(255) DEFAULT NULL,
  `keterangan` longtext DEFAULT NULL,
  `bulan` date DEFAULT NULL,
  `created_by` bigint(20) unsigned DEFAULT NULL,
  `updated_by` bigint(20) unsigned DEFAULT NULL,
  `created_at` timestamp NULL DEFAULT NULL,
  `updated_at` timestamp NULL DEFAULT NULL,
  PRIMARY KEY (`id`),
  KEY `trans_rencana_biaya_detail_rencana_biaya_id_foreign` (`rencana_biaya_id`),
  KEY `trans_rencana_biaya_detail_jenis_biaya_id_foreign` (`jenis_biaya_id`),
  KEY `trans_rencana_biaya_detail_komponen_biaya_id_foreign` (`komponen_biaya_id`),
  KEY `trans_rencana_biaya_detail_created_by_index` (`created_by`),
  KEY `trans_rencana_biaya_detail_updated_by_index` (`updated_by`),
  CONSTRAINT `trans_rencana_biaya_detail_created_by_foreign` FOREIGN KEY (`created_by`) REFERENCES `sys_users` (`id`),
  CONSTRAINT `trans_rencana_biaya_detail_jenis_biaya_id_foreign` FOREIGN KEY (`jenis_biaya_id`) REFERENCES `ref_cost_type` (`id`),
  CONSTRAINT `trans_rencana_biaya_detail_komponen_biaya_id_foreign` FOREIGN KEY (`komponen_biaya_id`) REFERENCES `ref_cost_component` (`id`),
  CONSTRAINT `trans_rencana_biaya_detail_rencana_biaya_id_foreign` FOREIGN KEY (`rencana_biaya_id`) REFERENCES `trans_rencana_biaya` (`id`),
  CONSTRAINT `trans_rencana_biaya_detail_updated_by_foreign` FOREIGN KEY (`updated_by`) REFERENCES `sys_users` (`id`)
) ENGINE=InnoDB DEFAULT CHARSET=utf8mb4 COLLATE=utf8mb4_unicode_ci;


DROP TABLE IF EXISTS `trans_risk_assessment_register`;
CREATE TABLE `trans_risk_assessment_register` (
  `id` bigint(20) unsigned NOT NULL AUTO_INCREMENT,
  `perusahaan_id` bigint(20) unsigned NOT NULL,
  `type_id` bigint(20) unsigned DEFAULT NULL,
  `periode` date NOT NULL COMMENT 'Bulan/Tahun',
  `unit_kerja_id` bigint(20) unsigned NOT NULL,
  `sasaran` text NOT NULL,
  `risk_rating_id` bigint(20) unsigned DEFAULT NULL,
  `status` varchar(255) NOT NULL DEFAULT 'new',
  `upgrade_reject` longtext DEFAULT NULL,
  `version` smallint(6) NOT NULL DEFAULT 0,
  `created_by` bigint(20) unsigned DEFAULT NULL,
  `updated_by` bigint(20) unsigned DEFAULT NULL,
  `created_at` timestamp NULL DEFAULT NULL,
  `updated_at` timestamp NULL DEFAULT NULL,
  PRIMARY KEY (`id`),
  KEY `trans_risk_assessment_register_perusahaan_id_foreign` (`perusahaan_id`),
  KEY `trans_risk_assessment_register_unit_kerja_id_foreign` (`unit_kerja_id`),
  KEY `trans_risk_assessment_register_created_by_index` (`created_by`),
  KEY `trans_risk_assessment_register_updated_by_index` (`updated_by`),
  CONSTRAINT `trans_risk_assessment_register_created_by_foreign` FOREIGN KEY (`created_by`) REFERENCES `sys_users` (`id`),
  CONSTRAINT `trans_risk_assessment_register_perusahaan_id_foreign` FOREIGN KEY (`perusahaan_id`) REFERENCES `ref_org_structs` (`id`),
  CONSTRAINT `trans_risk_assessment_register_unit_kerja_id_foreign` FOREIGN KEY (`unit_kerja_id`) REFERENCES `ref_org_structs` (`id`),
  CONSTRAINT `trans_risk_assessment_register_updated_by_foreign` FOREIGN KEY (`updated_by`) REFERENCES `sys_users` (`id`)
) ENGINE=InnoDB DEFAULT CHARSET=utf8mb4 COLLATE=utf8mb4_unicode_ci;


DROP TABLE IF EXISTS `trans_risk_assessment_register_detail`;
CREATE TABLE `trans_risk_assessment_register_detail` (
  `id` bigint(20) unsigned NOT NULL AUTO_INCREMENT,
  `risk_register_id` bigint(20) unsigned NOT NULL,
  `kode_resiko_id` bigint(20) unsigned DEFAULT NULL,
  `jenis_resiko_id` bigint(20) unsigned DEFAULT NULL,
  `id_resiko` varchar(255) NOT NULL,
  `nama_resiko` varchar(255) NOT NULL,
  `peristiwa` longtext NOT NULL,
  `penyebab` longtext NOT NULL,
  `dampak` longtext NOT NULL,
  `created_by` bigint(20) unsigned DEFAULT NULL,
  `updated_by` bigint(20) unsigned DEFAULT NULL,
  `created_at` timestamp NULL DEFAULT NULL,
  `updated_at` timestamp NULL DEFAULT NULL,
  PRIMARY KEY (`id`),
  KEY `trans_risk_assessment_register_detail_risk_register_id_foreign` (`risk_register_id`),
  KEY `trans_risk_assessment_register_detail_kode_resiko_id_foreign` (`kode_resiko_id`),
  KEY `trans_risk_assessment_register_detail_jenis_resiko_id_foreign` (`jenis_resiko_id`),
  KEY `trans_risk_assessment_register_detail_created_by_index` (`created_by`),
  KEY `trans_risk_assessment_register_detail_updated_by_index` (`updated_by`),
  CONSTRAINT `trans_risk_assessment_register_detail_created_by_foreign` FOREIGN KEY (`created_by`) REFERENCES `sys_users` (`id`),
  CONSTRAINT `trans_risk_assessment_register_detail_jenis_resiko_id_foreign` FOREIGN KEY (`jenis_resiko_id`) REFERENCES `ref_risk_type` (`id`),
  CONSTRAINT `trans_risk_assessment_register_detail_kode_resiko_id_foreign` FOREIGN KEY (`kode_resiko_id`) REFERENCES `ref_risk_code` (`id`),
  CONSTRAINT `trans_risk_assessment_register_detail_risk_register_id_foreign` FOREIGN KEY (`risk_register_id`) REFERENCES `trans_risk_assessment_register` (`id`) ON DELETE CASCADE,
  CONSTRAINT `trans_risk_assessment_register_detail_updated_by_foreign` FOREIGN KEY (`updated_by`) REFERENCES `sys_users` (`id`)
) ENGINE=InnoDB DEFAULT CHARSET=utf8mb4 COLLATE=utf8mb4_unicode_ci;


DROP TABLE IF EXISTS `trans_risk_rating`;
CREATE TABLE `trans_risk_rating` (
  `id` bigint(20) unsigned NOT NULL AUTO_INCREMENT,
  `risk_assessment_register_id` bigint(20) unsigned NOT NULL,
  `risk_rating_id` bigint(20) unsigned DEFAULT NULL,
  `status` varchar(255) NOT NULL DEFAULT 'new',
  `upgrade_reject` longtext DEFAULT NULL,
  `version` smallint(6) NOT NULL DEFAULT 0,
  `created_by` bigint(20) unsigned DEFAULT NULL,
  `updated_by` bigint(20) unsigned DEFAULT NULL,
  `created_at` timestamp NULL DEFAULT NULL,
  `updated_at` timestamp NULL DEFAULT NULL,
  PRIMARY KEY (`id`),
  KEY `trans_risk_rating_risk_assessment_register_id_foreign` (`risk_assessment_register_id`),
  KEY `trans_risk_rating_risk_rating_id_foreign` (`risk_rating_id`),
  KEY `trans_risk_rating_created_by_index` (`created_by`),
  KEY `trans_risk_rating_updated_by_index` (`updated_by`),
  CONSTRAINT `trans_risk_rating_created_by_foreign` FOREIGN KEY (`created_by`) REFERENCES `sys_users` (`id`),
  CONSTRAINT `trans_risk_rating_risk_assessment_register_id_foreign` FOREIGN KEY (`risk_assessment_register_id`) REFERENCES `trans_risk_assessment_register` (`id`),
  CONSTRAINT `trans_risk_rating_risk_rating_id_foreign` FOREIGN KEY (`risk_rating_id`) REFERENCES `ref_risk_ratings` (`id`),
  CONSTRAINT `trans_risk_rating_updated_by_foreign` FOREIGN KEY (`updated_by`) REFERENCES `sys_users` (`id`)
) ENGINE=InnoDB DEFAULT CHARSET=utf8mb4 COLLATE=utf8mb4_unicode_ci;


DROP TABLE IF EXISTS `trans_rkia`;
CREATE TABLE `trans_rkia` (
  `id` bigint(20) unsigned NOT NULL AUTO_INCREMENT,
  `perusahaan_id` bigint(20) unsigned NOT NULL,
  `year` varchar(4) NOT NULL,
  `no_audit_plan` varchar(255) DEFAULT NULL,
  `date_audit_plan` date DEFAULT NULL,
  `closing` text DEFAULT NULL,
  `pic_id` bigint(20) unsigned DEFAULT NULL,
  `status` varchar(255) NOT NULL DEFAULT 'new',
  `upgrade_reject` longtext DEFAULT NULL,
  `version` smallint(6) NOT NULL DEFAULT 0,
  `created_by` bigint(20) unsigned DEFAULT NULL,
  `updated_by` bigint(20) unsigned DEFAULT NULL,
  `created_at` timestamp NULL DEFAULT NULL,
  `updated_at` timestamp NULL DEFAULT NULL,
  PRIMARY KEY (`id`),
  KEY `trans_rkia_perusahaan_id_foreign` (`perusahaan_id`),
  KEY `trans_rkia_pic_id_foreign` (`pic_id`),
  KEY `trans_rkia_created_by_index` (`created_by`),
  KEY `trans_rkia_updated_by_index` (`updated_by`),
  CONSTRAINT `trans_rkia_created_by_foreign` FOREIGN KEY (`created_by`) REFERENCES `sys_users` (`id`),
  CONSTRAINT `trans_rkia_perusahaan_id_foreign` FOREIGN KEY (`perusahaan_id`) REFERENCES `ref_org_structs` (`id`),
  CONSTRAINT `trans_rkia_pic_id_foreign` FOREIGN KEY (`pic_id`) REFERENCES `sys_users` (`id`),
  CONSTRAINT `trans_rkia_updated_by_foreign` FOREIGN KEY (`updated_by`) REFERENCES `sys_users` (`id`)
) ENGINE=InnoDB DEFAULT CHARSET=utf8mb4 COLLATE=utf8mb4_unicode_ci;


DROP TABLE IF EXISTS `trans_rkia_cc`;
CREATE TABLE `trans_rkia_cc` (
  `rkia_id` bigint(20) unsigned NOT NULL,
  `user_id` bigint(20) unsigned NOT NULL,
  PRIMARY KEY (`rkia_id`,`user_id`),
  KEY `trans_rkia_cc_user_id_foreign` (`user_id`),
  CONSTRAINT `trans_rkia_cc_rkia_id_foreign` FOREIGN KEY (`rkia_id`) REFERENCES `trans_rkia` (`id`) ON DELETE CASCADE,
  CONSTRAINT `trans_rkia_cc_user_id_foreign` FOREIGN KEY (`user_id`) REFERENCES `sys_users` (`id`)
) ENGINE=InnoDB DEFAULT CHARSET=utf8mb4 COLLATE=utf8mb4_unicode_ci;


DROP TABLE IF EXISTS `trans_rkia_document`;
CREATE TABLE `trans_rkia_document` (
  `id` bigint(20) unsigned NOT NULL AUTO_INCREMENT,
  `rkia_id` bigint(20) unsigned NOT NULL,
  `first_chapter` longtext DEFAULT NULL COMMENT 'Bab Pertama',
  `second_chapter` longtext DEFAULT NULL COMMENT 'Bab Kedua',
  `third_chapter` longtext DEFAULT NULL COMMENT 'Bab Ketiga',
  `fourth_chapter` longtext DEFAULT NULL COMMENT 'Bab Keempat',
  `fifth_chapter` longtext DEFAULT NULL COMMENT 'Bab Kelima',
  `sixth_chapter` longtext DEFAULT NULL COMMENT 'Bab Keenam',
  `seventh_chapter` longtext DEFAULT NULL COMMENT 'Bab Ketujuh',
  `status` varchar(255) NOT NULL DEFAULT 'new',
  `upgrade_reject` longtext DEFAULT NULL,
  `version` smallint(6) NOT NULL DEFAULT 0,
  `created_by` bigint(20) unsigned DEFAULT NULL,
  `updated_by` bigint(20) unsigned DEFAULT NULL,
  `created_at` timestamp NULL DEFAULT NULL,
  `updated_at` timestamp NULL DEFAULT NULL,
  `no_document` varchar(255) DEFAULT NULL,
  `date_document` timestamp NULL DEFAULT NULL,
  PRIMARY KEY (`id`),
  KEY `trans_rkia_document_rkia_id_foreign` (`rkia_id`),
  KEY `trans_rkia_document_created_by_index` (`created_by`),
  KEY `trans_rkia_document_updated_by_index` (`updated_by`),
  CONSTRAINT `trans_rkia_document_created_by_foreign` FOREIGN KEY (`created_by`) REFERENCES `sys_users` (`id`),
  CONSTRAINT `trans_rkia_document_rkia_id_foreign` FOREIGN KEY (`rkia_id`) REFERENCES `trans_rkia` (`id`),
  CONSTRAINT `trans_rkia_document_updated_by_foreign` FOREIGN KEY (`updated_by`) REFERENCES `sys_users` (`id`)
) ENGINE=InnoDB DEFAULT CHARSET=utf8mb4 COLLATE=utf8mb4_unicode_ci;


DROP TABLE IF EXISTS `trans_rkia_document_cc`;
CREATE TABLE `trans_rkia_document_cc` (
  `document_id` bigint(20) unsigned NOT NULL,
  `user_id` bigint(20) unsigned NOT NULL,
  PRIMARY KEY (`document_id`,`user_id`),
  KEY `trans_rkia_document_cc_user_id_foreign` (`user_id`),
  CONSTRAINT `trans_rkia_document_cc_document_id_foreign` FOREIGN KEY (`document_id`) REFERENCES `trans_rkia_document` (`id`) ON DELETE CASCADE,
  CONSTRAINT `trans_rkia_document_cc_user_id_foreign` FOREIGN KEY (`user_id`) REFERENCES `sys_users` (`id`)
) ENGINE=InnoDB DEFAULT CHARSET=utf8mb4 COLLATE=utf8mb4_unicode_ci;


DROP TABLE IF EXISTS `trans_rkia_summary`;
CREATE TABLE `trans_rkia_summary` (
  `id` bigint(20) unsigned NOT NULL AUTO_INCREMENT,
  `rkia_id` bigint(20) unsigned DEFAULT NULL,
  `instruction_id` bigint(20) unsigned DEFAULT NULL,
  `object_id` bigint(20) unsigned DEFAULT NULL,
  `type_id` bigint(20) unsigned DEFAULT NULL,
  `pic_id` bigint(20) unsigned NOT NULL,
  `leader_id` bigint(20) unsigned NOT NULL,
  `date_start` timestamp NULL DEFAULT NULL,
  `date_end` timestamp NULL DEFAULT NULL,
  `theme` varchar(255) DEFAULT NULL,
  `cost_estimation` bigint(20) DEFAULT NULL,
  `risiko` bigint(20) unsigned DEFAULT NULL,
  `risk_rating_id` bigint(20) unsigned DEFAULT NULL,
  `created_by` bigint(20) unsigned DEFAULT NULL,
  `updated_by` bigint(20) unsigned DEFAULT NULL,
  `created_at` timestamp NULL DEFAULT NULL,
  `updated_at` timestamp NULL DEFAULT NULL,
  PRIMARY KEY (`id`),
  KEY `trans_rkia_summary_rkia_id_foreign` (`rkia_id`),
  KEY `trans_rkia_summary_type_id_foreign` (`type_id`),
  KEY `trans_rkia_summary_object_id_foreign` (`object_id`),
  KEY `trans_rkia_summary_pic_id_foreign` (`pic_id`),
  KEY `trans_rkia_summary_leader_id_foreign` (`leader_id`),
  KEY `trans_rkia_summary_risk_rating_id_foreign` (`risk_rating_id`),
  KEY `trans_rkia_summary_created_by_index` (`created_by`),
  KEY `trans_rkia_summary_updated_by_index` (`updated_by`),
  CONSTRAINT `trans_rkia_summary_created_by_foreign` FOREIGN KEY (`created_by`) REFERENCES `sys_users` (`id`),
  CONSTRAINT `trans_rkia_summary_leader_id_foreign` FOREIGN KEY (`leader_id`) REFERENCES `sys_users` (`id`),
  CONSTRAINT `trans_rkia_summary_object_id_foreign` FOREIGN KEY (`object_id`) REFERENCES `ref_org_structs` (`id`),
  CONSTRAINT `trans_rkia_summary_pic_id_foreign` FOREIGN KEY (`pic_id`) REFERENCES `sys_users` (`id`),
  CONSTRAINT `trans_rkia_summary_risk_rating_id_foreign` FOREIGN KEY (`risk_rating_id`) REFERENCES `ref_risk_ratings` (`id`),
  CONSTRAINT `trans_rkia_summary_rkia_id_foreign` FOREIGN KEY (`rkia_id`) REFERENCES `trans_rkia` (`id`) ON DELETE CASCADE,
  CONSTRAINT `trans_rkia_summary_type_id_foreign` FOREIGN KEY (`type_id`) REFERENCES `ref_type_audit` (`id`),
  CONSTRAINT `trans_rkia_summary_updated_by_foreign` FOREIGN KEY (`updated_by`) REFERENCES `sys_users` (`id`)
) ENGINE=InnoDB DEFAULT CHARSET=utf8mb4 COLLATE=utf8mb4_unicode_ci;


DROP TABLE IF EXISTS `trans_rkia_summary_members`;
CREATE TABLE `trans_rkia_summary_members` (
  `summary_id` bigint(20) unsigned NOT NULL,
  `user_id` bigint(20) unsigned NOT NULL,
  PRIMARY KEY (`summary_id`,`user_id`),
  KEY `trans_rkia_summary_members_user_id_foreign` (`user_id`),
  CONSTRAINT `trans_rkia_summary_members_summary_id_foreign` FOREIGN KEY (`summary_id`) REFERENCES `trans_rkia_summary` (`id`) ON DELETE CASCADE,
  CONSTRAINT `trans_rkia_summary_members_user_id_foreign` FOREIGN KEY (`user_id`) REFERENCES `sys_users` (`id`)
) ENGINE=InnoDB DEFAULT CHARSET=utf8mb4 COLLATE=utf8mb4_unicode_ci;


DROP TABLE IF EXISTS `trans_surveys_regs`;
CREATE TABLE `trans_surveys_regs` (
  `id` bigint(20) unsigned NOT NULL AUTO_INCREMENT,
  `year` year(4) NOT NULL,
  `object_id` bigint(20) unsigned NOT NULL,
  `status` varchar(255) NOT NULL DEFAULT 'new' COMMENT 'new|draft|shared|completed',
  `version` smallint(6) NOT NULL DEFAULT 0,
  `created_by` bigint(20) unsigned DEFAULT NULL,
  `updated_by` bigint(20) unsigned DEFAULT NULL,
  `created_at` timestamp NULL DEFAULT NULL,
  `updated_at` timestamp NULL DEFAULT NULL,
  PRIMARY KEY (`id`),
  KEY `trans_surveys_regs_object_id_foreign` (`object_id`),
  KEY `trans_surveys_regs_created_by_index` (`created_by`),
  KEY `trans_surveys_regs_updated_by_index` (`updated_by`),
  CONSTRAINT `trans_surveys_regs_created_by_foreign` FOREIGN KEY (`created_by`) REFERENCES `sys_users` (`id`),
  CONSTRAINT `trans_surveys_regs_object_id_foreign` FOREIGN KEY (`object_id`) REFERENCES `ref_org_structs` (`id`),
  CONSTRAINT `trans_surveys_regs_updated_by_foreign` FOREIGN KEY (`updated_by`) REFERENCES `sys_users` (`id`)
) ENGINE=InnoDB DEFAULT CHARSET=utf8mb4 COLLATE=utf8mb4_unicode_ci;


DROP TABLE IF EXISTS `trans_surveys_regs_users`;
CREATE TABLE `trans_surveys_regs_users` (
  `id` bigint(20) unsigned NOT NULL AUTO_INCREMENT,
  `survey_reg_id` bigint(20) unsigned NOT NULL,
  `master_survey_id` bigint(20) unsigned NOT NULL,
  `user_id` bigint(20) unsigned NOT NULL,
  `timer` varchar(255) DEFAULT NULL,
  `suggestion` text DEFAULT NULL,
  `status` varchar(255) NOT NULL DEFAULT 'new' COMMENT 'new|draft|done',
  `created_by` bigint(20) unsigned DEFAULT NULL,
  `updated_by` bigint(20) unsigned DEFAULT NULL,
  `created_at` timestamp NULL DEFAULT NULL,
  `updated_at` timestamp NULL DEFAULT NULL,
  PRIMARY KEY (`id`),
  KEY `trans_surveys_regs_users_survey_reg_id_foreign` (`survey_reg_id`),
  KEY `trans_surveys_regs_users_master_survey_id_foreign` (`master_survey_id`),
  KEY `trans_surveys_regs_users_user_id_foreign` (`user_id`),
  KEY `trans_surveys_regs_users_created_by_index` (`created_by`),
  KEY `trans_surveys_regs_users_updated_by_index` (`updated_by`),
  CONSTRAINT `trans_surveys_regs_users_created_by_foreign` FOREIGN KEY (`created_by`) REFERENCES `sys_users` (`id`),
  CONSTRAINT `trans_surveys_regs_users_master_survey_id_foreign` FOREIGN KEY (`master_survey_id`) REFERENCES `ref_surveys` (`id`),
  CONSTRAINT `trans_surveys_regs_users_survey_reg_id_foreign` FOREIGN KEY (`survey_reg_id`) REFERENCES `trans_surveys_regs` (`id`),
  CONSTRAINT `trans_surveys_regs_users_updated_by_foreign` FOREIGN KEY (`updated_by`) REFERENCES `sys_users` (`id`),
  CONSTRAINT `trans_surveys_regs_users_user_id_foreign` FOREIGN KEY (`user_id`) REFERENCES `sys_users` (`id`)
) ENGINE=InnoDB DEFAULT CHARSET=utf8mb4 COLLATE=utf8mb4_unicode_ci;


DROP TABLE IF EXISTS `trans_surveys_regs_users_details`;
CREATE TABLE `trans_surveys_regs_users_details` (
  `id` bigint(20) unsigned NOT NULL AUTO_INCREMENT,
  `survey_reg_user_id` bigint(20) unsigned NOT NULL,
  `survey_statement_id` bigint(20) unsigned NOT NULL,
  `answer` int(11) NOT NULL,
  `created_by` bigint(20) unsigned DEFAULT NULL,
  `updated_by` bigint(20) unsigned DEFAULT NULL,
  `created_at` timestamp NULL DEFAULT NULL,
  `updated_at` timestamp NULL DEFAULT NULL,
  PRIMARY KEY (`id`),
  KEY `trans_surveys_regs_users_details_survey_reg_user_id_foreign` (`survey_reg_user_id`),
  KEY `trans_surveys_regs_users_details_survey_statement_id_foreign` (`survey_statement_id`),
  KEY `trans_surveys_regs_users_details_created_by_index` (`created_by`),
  KEY `trans_surveys_regs_users_details_updated_by_index` (`updated_by`),
  CONSTRAINT `trans_surveys_regs_users_details_created_by_foreign` FOREIGN KEY (`created_by`) REFERENCES `sys_users` (`id`),
  CONSTRAINT `trans_surveys_regs_users_details_survey_reg_user_id_foreign` FOREIGN KEY (`survey_reg_user_id`) REFERENCES `trans_surveys_regs_users` (`id`) ON DELETE CASCADE,
  CONSTRAINT `trans_surveys_regs_users_details_survey_statement_id_foreign` FOREIGN KEY (`survey_statement_id`) REFERENCES `ref_surveys_statements` (`id`),
  CONSTRAINT `trans_surveys_regs_users_details_updated_by_foreign` FOREIGN KEY (`updated_by`) REFERENCES `sys_users` (`id`)
) ENGINE=InnoDB DEFAULT CHARSET=utf8mb4 COLLATE=utf8mb4_unicode_ci;


DROP TABLE IF EXISTS `trans_training_auditor`;
CREATE TABLE `trans_training_auditor` (
  `id` bigint(20) unsigned NOT NULL AUTO_INCREMENT,
  `perusahaan_id` bigint(20) unsigned NOT NULL,
  `periode` timestamp NOT NULL DEFAULT current_timestamp() ON UPDATE current_timestamp() COMMENT 'periode: month year',
  `user_id` bigint(20) unsigned NOT NULL,
  `description` text DEFAULT NULL,
  `biaya` varchar(255) DEFAULT NULL,
  `status` varchar(255) NOT NULL DEFAULT 'new',
  `upgrade_reject` longtext DEFAULT NULL,
  `version` smallint(6) NOT NULL DEFAULT 0,
  `created_by` bigint(20) unsigned DEFAULT NULL,
  `updated_by` bigint(20) unsigned DEFAULT NULL,
  `created_at` timestamp NULL DEFAULT NULL,
  `updated_at` timestamp NULL DEFAULT NULL,
  PRIMARY KEY (`id`),
  KEY `trans_training_auditor_perusahaan_id_foreign` (`perusahaan_id`),
  KEY `trans_training_auditor_created_by_index` (`created_by`),
  KEY `trans_training_auditor_updated_by_index` (`updated_by`),
  CONSTRAINT `trans_training_auditor_created_by_foreign` FOREIGN KEY (`created_by`) REFERENCES `sys_users` (`id`),
  CONSTRAINT `trans_training_auditor_perusahaan_id_foreign` FOREIGN KEY (`perusahaan_id`) REFERENCES `ref_org_structs` (`id`),
  CONSTRAINT `trans_training_auditor_updated_by_foreign` FOREIGN KEY (`updated_by`) REFERENCES `sys_users` (`id`)
) ENGINE=InnoDB DEFAULT CHARSET=utf8mb4 COLLATE=utf8mb4_unicode_ci;


DROP TABLE IF EXISTS `trans_training_auditor_details`;
CREATE TABLE `trans_training_auditor_details` (
  `id` bigint(20) unsigned NOT NULL AUTO_INCREMENT,
  `training_id` bigint(20) unsigned NOT NULL,
  `training_institute_id` bigint(20) unsigned NOT NULL,
  `training_type_id` bigint(20) unsigned NOT NULL,
  `name` text NOT NULL,
  `date_start` timestamp NULL DEFAULT NULL,
  `date_end` timestamp NULL DEFAULT NULL,
  `biaya` bigint(20) unsigned DEFAULT NULL,
  `status` varchar(255) DEFAULT NULL,
  `created_by` bigint(20) unsigned DEFAULT NULL,
  `updated_by` bigint(20) unsigned DEFAULT NULL,
  `created_at` timestamp NULL DEFAULT NULL,
  `updated_at` timestamp NULL DEFAULT NULL,
  PRIMARY KEY (`id`),
  KEY `trans_training_auditor_details_created_by_index` (`created_by`),
  KEY `trans_training_auditor_details_updated_by_index` (`updated_by`),
  CONSTRAINT `trans_training_auditor_details_created_by_foreign` FOREIGN KEY (`created_by`) REFERENCES `sys_users` (`id`),
  CONSTRAINT `trans_training_auditor_details_updated_by_foreign` FOREIGN KEY (`updated_by`) REFERENCES `sys_users` (`id`)
) ENGINE=InnoDB DEFAULT CHARSET=utf8mb4 COLLATE=utf8mb4_unicode_ci;


DROP TABLE IF EXISTS `trans_training_auditor_realization`;
CREATE TABLE `trans_training_auditor_realization` (
  `id` bigint(20) unsigned NOT NULL AUTO_INCREMENT,
  `training_auditor_id` bigint(20) unsigned NOT NULL,
  `status` varchar(255) NOT NULL DEFAULT 'new',
  `upgrade_reject` longtext DEFAULT NULL,
  `version` smallint(6) NOT NULL DEFAULT 0,
  `created_by` bigint(20) unsigned DEFAULT NULL,
  `updated_by` bigint(20) unsigned DEFAULT NULL,
  `created_at` timestamp NULL DEFAULT NULL,
  `updated_at` timestamp NULL DEFAULT NULL,
  PRIMARY KEY (`id`),
  KEY `trans_training_auditor_realization_training_auditor_id_foreign` (`training_auditor_id`),
  KEY `trans_training_auditor_realization_created_by_index` (`created_by`),
  KEY `trans_training_auditor_realization_updated_by_index` (`updated_by`),
  CONSTRAINT `trans_training_auditor_realization_created_by_foreign` FOREIGN KEY (`created_by`) REFERENCES `sys_users` (`id`),
  CONSTRAINT `trans_training_auditor_realization_training_auditor_id_foreign` FOREIGN KEY (`training_auditor_id`) REFERENCES `trans_training_auditor` (`id`),
  CONSTRAINT `trans_training_auditor_realization_updated_by_foreign` FOREIGN KEY (`updated_by`) REFERENCES `sys_users` (`id`)
) ENGINE=InnoDB DEFAULT CHARSET=utf8mb4 COLLATE=utf8mb4_unicode_ci;


-- 2025-08-12 11:25:10
